task_id,input_size,hostname,hash,native_id,process,tag,name,status,exit,module,container,cpus,time,disk,memory,attempt,submit,start,complete,duration,realtime,queue,%cpu,%mem,rss,vmem,peak_rss,peak_vmem,rchar,wchar,syscr,syscw,read_bytes,write_bytes,vol_ctxt,inv_ctxt,workdir,scratch,error_action
2,4338,hu-worker-c24,d3/6b12cd,nf-d36b12cdd509881e55c600279df9b9c3,NFCORE_RNASEQ:RNASEQ:INPUT_CHECK:SAMPLESHEET_CHECK,input.csv,NFCORE_RNASEQ:RNASEQ:INPUT_CHECK:SAMPLESHEET_CHECK (input.csv),COMPLETED,0,-,quay.io/biocontainers/python:3.9--1,1,14400000,-,6442450944,1,1715229212050,1715229218000,1715229219000,6950,0,-,85.3,0.0,3166208,5640192,3166208,5644288,712459,4911,279,18,6180864,16384,2,0,/input/data/work/d3/6b12cdd509881e55c600279df9b9c3,true,-
3,4063383142,hu-worker-c35,4f/3d5831,nf-4f3d5831f9222bafeac4b1833d7c0192,NFCORE_RNASEQ:RNASEQ:PREPARE_GENOME:GTF_GENE_FILTER,genome.fa,NFCORE_RNASEQ:RNASEQ:PREPARE_GENOME:GTF_GENE_FILTER (genome.fa),COMPLETED,0,-,quay.io/biocontainers/python:3.9--1,1,14400000,-,6442450944,1,1715229212122,1715229214000,1715229225000,12878,11000,-,97.0,0.4,1174642688,1186750464,1174642688,1186754560,4064227778,838279371,496316,104481,6942720,838287360,230,987,/input/data/work/4f/3d5831f9222bafeac4b1833d7c0192,true,-
1,3147288982,hu-worker-c34,61/55b6ab,nf-6155b6abce778011c506ee92bb852a66,NFCORE_RNASEQ:RNASEQ:PREPARE_GENOME:CUSTOM_GETCHROMSIZES,genome.fa,NFCORE_RNASEQ:RNASEQ:PREPARE_GENOME:CUSTOM_GETCHROMSIZES (genome.fa),COMPLETED,0,-,quay.io/biocontainers/samtools:1.16.1--h6899075_1,1,14400000,-,6442450944,1,1715229212183,1715229217000,1715229230000,17817,12000,-,96.8,0.0,4771840,12550144,4771840,12554240,3147402437,5953,48261,20,0,16384,9,687,/input/data/work/61/55b6abce778011c506ee92bb852a66,true,-
17,1718442970,hu-worker-c41,19/d69f03,nf-19d69f0324af526136a82adc84256b86,NFCORE_RNASEQ:RNASEQ:FASTQ_FASTQC_UMITOOLS_TRIMGALORE:FASTQC,TREATMENT_mIFNa11_100000_REP2,NFCORE_RNASEQ:RNASEQ:FASTQ_FASTQC_UMITOOLS_TRIMGALORE:FASTQC (TREATMENT_mIFNa11_100000_REP2),COMPLETED,0,-,quay.io/biocontainers/fastqc:0.11.9--0,6,28800000,-,38654705664,1,1715229220607,1715229221000,1715229303000,82393,81000,-,203.7,0.4,1092898816,4696698880,1093193728,4761714688,1740177557,3670781,3365687,11230,29966336,4370432,108,5,/input/data/work/19/d69f0324af526136a82adc84256b86,true,-
43,2486687632,hu-worker-c34,d1/5d09f1,nf-d15d09f1a4bcb6e8bd822df4ae99dde3,NFCORE_RNASEQ:RNASEQ:FASTQ_FASTQC_UMITOOLS_TRIMGALORE:FASTQC,TREATMENT_rhIFNa2b_100_REP1,NFCORE_RNASEQ:RNASEQ:FASTQ_FASTQC_UMITOOLS_TRIMGALORE:FASTQC (TREATMENT_rhIFNa2b_100_REP1),COMPLETED,0,-,quay.io/biocontainers/fastqc:0.11.9--0,6,28800000,-,38654705664,1,1715229220719,1715229221000,1715229331000,110281,109000,-,202.0,0.4,1140174848,5113393152,1140711424,5180506112,2508431559,3694695,4866176,11353,0,4460544,12,0,/input/data/work/d1/5d09f1a4bcb6e8bd822df4ae99dde3,true,-
48,2379721379,hu-worker-c28,3b/a61aa3,nf-3ba61aa359a683057b7c053a0c76b3a1,NFCORE_RNASEQ:RNASEQ:FASTQ_FASTQC_UMITOOLS_TRIMGALORE:FASTQC,TREATMENT_rhIFNb_100000_REP2,NFCORE_RNASEQ:RNASEQ:FASTQ_FASTQC_UMITOOLS_TRIMGALORE:FASTQC (TREATMENT_rhIFNb_100000_REP2),COMPLETED,0,-,quay.io/biocontainers/fastqc:0.11.9--0,6,28800000,-,38654705664,1,1715229220878,1715229221000,1715229332000,111122,109000,-,201.3,0.4,1186369536,5049425920,1212055552,5077700608,2401470033,3695695,4657266,11224,8032256,4460544,12,10,/input/data/work/3b/a61aa359a683057b7c053a0c76b3a1,true,-
11,2486687632,hu-worker-c41,f2/bc8443,nf-f2bc8443ffc320d44db37de7107e6b57,NFCORE_RNASEQ:RNASEQ:FASTQ_FASTQC_UMITOOLS_TRIMGALORE:FASTQC,CONTROL_REP3,NFCORE_RNASEQ:RNASEQ:FASTQ_FASTQC_UMITOOLS_TRIMGALORE:FASTQC (CONTROL_REP3),COMPLETED,0,-,quay.io/biocontainers/fastqc:0.11.9--0,6,28800000,-,38654705664,1,1715229220980,1715229221000,1715229335000,114020,113000,-,202.3,0.4,1144700928,5045231616,1145827328,5077700608,2508561723,3693325,4866269,11269,143360,4509696,9,4,/input/data/work/f2/bc8443ffc320d44db37de7107e6b57,true,-
47,2739945233,hu-worker-c28,e4/8b034c,nf-e48b034cc7e800adf56abc5cc2da074c,NFCORE_RNASEQ:RNASEQ:FASTQ_FASTQC_UMITOOLS_TRIMGALORE:FASTQC,TREATMENT_rhIFNb_100000_REP1,NFCORE_RNASEQ:RNASEQ:FASTQ_FASTQC_UMITOOLS_TRIMGALORE:FASTQC (TREATMENT_rhIFNb_100000_REP1),COMPLETED,0,-,quay.io/biocontainers/fastqc:0.11.9--0,6,28800000,-,38654705664,1,1715229220564,1715229221000,1715229344000,123436,122000,-,199.6,0.4,1213558784,5049425920,1229049856,5054885888,2761688590,3683686,5360815,11252,21061632,4485120,82,2,/input/data/work/e4/8b034cc7e800adf56abc5cc2da074c,true,-
37,2689917923,hu-worker-c24,85/79be85,nf-8579be85e2c62937542b7e15b670b00d,NFCORE_RNASEQ:RNASEQ:FASTQ_FASTQC_UMITOOLS_TRIMGALORE:FASTQC,TREATMENT_rhIFNa2b_1000_REP1,NFCORE_RNASEQ:RNASEQ:FASTQ_FASTQC_UMITOOLS_TRIMGALORE:FASTQC (TREATMENT_rhIFNa2b_1000_REP1),COMPLETED,0,-,quay.io/biocontainers/fastqc:0.11.9--0,6,28800000,-,38654705664,1,1715229220648,1715229221000,1715229343000,122352,121000,-,201.6,0.4,1087823872,4833021952,1088094208,4900134912,2711660807,3695980,5263113,11237,0,4485120,12,6,/input/data/work/85/79be85e2c62937542b7e15b670b00d,true,-
16,2567359158,hu-worker-c27,38/ab32e4,nf-38ab32e44b7ccdc61d2300dba5f6ad08,NFCORE_RNASEQ:RNASEQ:FASTQ_FASTQC_UMITOOLS_TRIMGALORE:FASTQC,TREATMENT_mIFNa11_100000_REP1,NFCORE_RNASEQ:RNASEQ:FASTQ_FASTQC_UMITOOLS_TRIMGALORE:FASTQC (TREATMENT_mIFNa11_100000_REP1),COMPLETED,0,-,quay.io/biocontainers/fastqc:0.11.9--0,6,28800000,-,38654705664,1,1715229220834,1715229227000,1715229343000,122166,115000,-,200.8,0.4,1213018112,5253910528,1217957888,5321023488,2589104125,3695786,5023746,11270,0,4415488,7,0,/input/data/work/38/ab32e44b7ccdc61d2300dba5f6ad08,true,-
61,2978680598,hu-worker-c42,3f/0f0aa5,nf-3f0f0aa5a51fd345130de400d939288d,NFCORE_RNASEQ:RNASEQ:FASTQ_FASTQC_UMITOOLS_TRIMGALORE:FASTQC,TREATMENT_rhIFNb_1000_REP3,NFCORE_RNASEQ:RNASEQ:FASTQ_FASTQC_UMITOOLS_TRIMGALORE:FASTQC (TREATMENT_rhIFNb_1000_REP3),COMPLETED,0,-,quay.io/biocontainers/fastqc:0.11.9--0,6,28800000,-,38654705664,1,1715229220490,1715229224000,1715229349000,128510,124000,-,200.9,0.4,1166946304,5049425920,1166946304,5053222912,3000427743,3704570,5827106,11330,0,4456448,11,8,/input/data/work/3f/0f0aa5a51fd345130de400d939288d,true,-
41,2917121547,hu-worker-c25,02/06e402,nf-0206e402ce2a0e6ae4b2a2d62b2a4939,NFCORE_RNASEQ:RNASEQ:FASTQ_FASTQC_UMITOOLS_TRIMGALORE:FASTQC,TREATMENT_rhIFNa2b_1000_REP3,NFCORE_RNASEQ:RNASEQ:FASTQ_FASTQC_UMITOOLS_TRIMGALORE:FASTQC (TREATMENT_rhIFNa2b_1000_REP3),COMPLETED,0,-,quay.io/biocontainers/fastqc:0.11.9--0,6,28800000,-,38654705664,1,1715229220527,1715229222000,1715229351000,130473,128000,-,203.9,0.4,1100443648,4971442176,1100443648,5038555136,2939057901,3692528,5707048,11231,0,4452352,11,8,/input/data/work/02/06e402ce2a0e6ae4b2a2d62b2a4939,true,-
27,3146856483,hu-worker-c35,5a/d7de83,nf-5ad7de830c7fdd8789dc4816f80c98dc,NFCORE_RNASEQ:RNASEQ:FASTQ_FASTQC_UMITOOLS_TRIMGALORE:FASTQC,TREATMENT_mIFNa11_1000_REP3,NFCORE_RNASEQ:RNASEQ:FASTQ_FASTQC_UMITOOLS_TRIMGALORE:FASTQC (TREATMENT_mIFNa11_1000_REP3),COMPLETED,0,-,quay.io/biocontainers/fastqc:0.11.9--0,6,28800000,-,38654705664,1,1715229220683,1715229221000,1715229355000,134317,133000,-,201.2,0.4,1181331456,5049425920,1188728832,5053804544,3168602885,3693190,6155568,11309,0,4517888,12,0,/input/data/work/5a/d7de830c7fdd8789dc4816f80c98dc,true,-
56,3228496209,hu-worker-c42,01/469994,nf-0146999403efb5c9c4721e37d5af068a,NFCORE_RNASEQ:RNASEQ:FASTQ_FASTQC_UMITOOLS_TRIMGALORE:FASTQC,TREATMENT_rhIFNb_10000_REP2,NFCORE_RNASEQ:RNASEQ:FASTQ_FASTQC_UMITOOLS_TRIMGALORE:FASTQC (TREATMENT_rhIFNb_10000_REP2),COMPLETED,0,-,quay.io/biocontainers/fastqc:0.11.9--0,6,28800000,-,38654705664,1,1715229220760,1715229224000,1715229359000,138240,134000,-,201.8,0.4,1097822208,4835119104,1098350592,4900134912,3250248693,3709370,6315029,11328,0,4517888,10,10,/input/data/work/01/46999403efb5c9c4721e37d5af068a,true,-
60,3111978634,hu-worker-c24,f8/3a6756,nf-f83a67563a95e6d7beb4fcea26a68963,NFCORE_RNASEQ:RNASEQ:FASTQ_FASTQC_UMITOOLS_TRIMGALORE:FASTQC,TREATMENT_rhIFNb_1000_REP2,NFCORE_RNASEQ:RNASEQ:FASTQ_FASTQC_UMITOOLS_TRIMGALORE:FASTQC (TREATMENT_rhIFNb_1000_REP2),COMPLETED,0,-,quay.io/biocontainers/fastqc:0.11.9--0,6,28800000,-,38654705664,1,1715229221017,1715229222000,1715229358000,136983,135000,-,202.4,0.4,1092964352,4833021952,1093255168,4898037760,3133731121,3716158,6087465,11260,0,4538368,12,8,/input/data/work/f8/3a67563a95e6d7beb4fcea26a68963,true,-
20,2957126577,hu-worker-c27,b9/b2c982,nf-b9b2c982193a5b45637e92e596612ec2,NFCORE_RNASEQ:RNASEQ:FASTQ_FASTQC_UMITOOLS_TRIMGALORE:FASTQC,TREATMENT_mIFNa11_10000_REP1,NFCORE_RNASEQ:RNASEQ:FASTQ_FASTQC_UMITOOLS_TRIMGALORE:FASTQC (TREATMENT_mIFNa11_10000_REP1),COMPLETED,0,-,quay.io/biocontainers/fastqc:0.11.9--0,6,28800000,-,38654705664,1,1715229220451,1715229227000,1715229361000,140549,133000,-,201.3,0.4,1203662848,5185748992,1203662848,5191208960,2978870855,3686624,5784997,11296,0,4505600,7,2,/input/data/work/b9/b2c982193a5b45637e92e596612ec2,true,-
25,3390020095,hu-worker-c25,7b/d3f702,nf-7bd3f7028a017994bf797b59b79748b4,NFCORE_RNASEQ:RNASEQ:FASTQ_FASTQC_UMITOOLS_TRIMGALORE:FASTQC,TREATMENT_mIFNa11_1000_REP2,NFCORE_RNASEQ:RNASEQ:FASTQ_FASTQC_UMITOOLS_TRIMGALORE:FASTQC (TREATMENT_mIFNa11_1000_REP2),COMPLETED,0,-,quay.io/biocontainers/fastqc:0.11.9--0,6,28800000,-,38654705664,1,1715229220793,1715229222000,1715229374000,153207,151000,-,199.4,0.5,1218072576,5117587456,1218072576,5182603264,3411771352,3714180,6630515,11343,0,4579328,11,9,/input/data/work/7b/d3f7028a017994bf797b59b79748b4,true,-
57,3529944369,hu-worker-c35,93/d3ce7c,nf-93d3ce7cb89b96213c641d4028259168,NFCORE_RNASEQ:RNASEQ:FASTQ_FASTQC_UMITOOLS_TRIMGALORE:FASTQC,TREATMENT_rhIFNb_10000_REP3,NFCORE_RNASEQ:RNASEQ:FASTQ_FASTQC_UMITOOLS_TRIMGALORE:FASTQC (TREATMENT_rhIFNb_10000_REP3),COMPLETED,0,-,quay.io/biocontainers/fastqc:0.11.9--0,6,28800000,-,38654705664,1,1715229220914,1715229221000,1715229373000,152086,151000,-,200.6,0.4,1143164928,5045231616,1144242176,5046333440,3551688378,3685723,6903784,11337,0,4608000,12,8,/input/data/work/93/d3ce7cb89b96213c641d4028259168,true,-
70,3593382597,hu-worker-c34,61/7b1e84,nf-617b1e8444de2604b8ed95e16813e743,NFCORE_RNASEQ:RNASEQ:FASTQ_FASTQC_UMITOOLS_TRIMGALORE:FASTQC,TREATMENT_rhINFa2b_100000_REP1,NFCORE_RNASEQ:RNASEQ:FASTQ_FASTQC_UMITOOLS_TRIMGALORE:FASTQC (TREATMENT_rhINFa2b_100000_REP1),COMPLETED,0,-,quay.io/biocontainers/fastqc:0.11.9--0,6,28800000,-,38654705664,1,1715229220947,1715229221000,1715229373000,152053,151000,-,201.4,0.4,1097601024,5037506560,1097633792,5039149056,3615097741,3700580,7027693,11321,4194304,4599808,11,9,/input/data/work/61/7b1e8444de2604b8ed95e16813e743,true,-
59,2718190708,hu-worker-c42,27/04873e,nf-2704873eac2e40169b972be7b75e3f1d,NFCORE_RNASEQ:RNASEQ:FASTQ_FASTQC_UMITOOLS_TRIMGALORE:FASTQC,TREATMENT_rhIFNb_1000_REP1,NFCORE_RNASEQ:RNASEQ:FASTQ_FASTQC_UMITOOLS_TRIMGALORE:FASTQC (TREATMENT_rhIFNb_1000_REP1),COMPLETED,0,-,quay.io/biocontainers/fastqc:0.11.9--0,6,28800000,-,38654705664,1,1715229221095,1715229352000,1715229467000,245905,114000,-,203.4,0.4,1091866624,4833021952,1092050944,4900134912,2739939584,3707915,5318340,11336,0,4464640,6,2,/input/data/work/27/04873eac2e40169b972be7b75e3f1d,true,-
52,2630683401,hu-worker-c35,fd/ec88bf,nf-fdec88bf82924ff805d295e628c622f0,NFCORE_RNASEQ:RNASEQ:FASTQ_FASTQC_UMITOOLS_TRIMGALORE:FASTQC,TREATMENT_rhIFNb_10000_REP1,NFCORE_RNASEQ:RNASEQ:FASTQ_FASTQC_UMITOOLS_TRIMGALORE:FASTQC (TREATMENT_rhIFNb_10000_REP1),COMPLETED,0,-,quay.io/biocontainers/fastqc:0.11.9--0,6,28800000,-,38654705664,1,1715229221286,1715229357000,1715229469000,247714,111000,-,203.4,0.4,1096359936,4969345024,1096593408,5036457984,2652427225,3690228,5147411,11297,0,4448256,6,2,/input/data/work/fd/ec88bf82924ff805d295e628c622f0,true,-
62,3142145039,hu-worker-c34,54/2bc088,nf-542bc088c94cd65ea42c900f95995b0f,NFCORE_RNASEQ:RNASEQ:FASTQ_FASTQC_UMITOOLS_TRIMGALORE:FASTQC,TREATMENT_rhIFNb_100_REP1,NFCORE_RNASEQ:RNASEQ:FASTQ_FASTQC_UMITOOLS_TRIMGALORE:FASTQC (TREATMENT_rhIFNb_100_REP1),COMPLETED,0,-,quay.io/biocontainers/fastqc:0.11.9--0,6,28800000,-,38654705664,1,1715229221493,1715229333000,1715229466000,244507,132000,-,202.4,0.4,1188384768,5049425920,1190486016,5053501440,3163886536,3680002,6146351,11202,0,4481024,6,2,/input/data/work/54/2bc088c94cd65ea42c900f95995b0f,true,-
74,3783486234,hu-worker-c41,24/b7e29b,nf-24b7e29b6fc49300921900a616ce375a,NFCORE_RNASEQ:RNASEQ:FASTQ_FASTQC_UMITOOLS_TRIMGALORE:FASTQC,TREATMENT_rhINFa2b_10000_REP2,NFCORE_RNASEQ:RNASEQ:FASTQ_FASTQC_UMITOOLS_TRIMGALORE:FASTQC (TREATMENT_rhINFa2b_10000_REP2),COMPLETED,0,-,quay.io/biocontainers/fastqc:0.11.9--0,6,28800000,-,38654705664,1,1715229222890,1715229305000,1715229470000,247110,164000,-,201.1,0.4,1148149760,5115490304,1148149760,5174878208,3805235171,3700895,7398991,11324,1409024,5283840,5,0,/input/data/work/24/b7e29b6fc49300921900a616ce375a,true,-
33,2771011001,hu-worker-c28,65/161edd,nf-65161edde91a2bf4390a1e5f7db2a3a9,NFCORE_RNASEQ:RNASEQ:FASTQ_FASTQC_UMITOOLS_TRIMGALORE:FASTQC,TREATMENT_mIFNa11_100_REP2,NFCORE_RNASEQ:RNASEQ:FASTQ_FASTQC_UMITOOLS_TRIMGALORE:FASTQC (TREATMENT_mIFNa11_100_REP2),COMPLETED,0,-,quay.io/biocontainers/fastqc:0.11.9--0,6,28800000,-,38654705664,1,1715229221389,1715229346000,1715229473000,251611,126000,-,200.0,0.4,1154179072,5115490304,1155289088,5180506112,2792757332,3701603,5421495,11246,573440,5058560,6,1,/input/data/work/65/161edde91a2bf4390a1e5f7db2a3a9,true,-
21,2655690169,hu-worker-c25,d0/3d8ef5,nf-d03d8ef561619046c528dc42c3e534f8,NFCORE_RNASEQ:RNASEQ:FASTQ_FASTQC_UMITOOLS_TRIMGALORE:FASTQC,TREATMENT_mIFNa11_10000_REP2,NFCORE_RNASEQ:RNASEQ:FASTQ_FASTQC_UMITOOLS_TRIMGALORE:FASTQC (TREATMENT_mIFNa11_10000_REP2),COMPLETED,0,-,quay.io/biocontainers/fastqc:0.11.9--0,6,28800000,-,38654705664,1,1715229221459,1715229354000,1715229473000,251541,118000,-,201.0,0.4,1181691904,5117587456,1205620736,5178408960,2677429677,3684422,5196248,11297,0,4440064,6,0,/input/data/work/d0/3d8ef561619046c528dc42c3e534f8,true,-
68,3107838014,hu-worker-c28,25/a0c1f4,nf-25a0c1f450dfadaa0043e61ba49c6aa5,NFCORE_RNASEQ:RNASEQ:FASTQ_FASTQC_UMITOOLS_TRIMGALORE:FASTQC,TREATMENT_rhIFNb_100_REP3,NFCORE_RNASEQ:RNASEQ:FASTQ_FASTQC_UMITOOLS_TRIMGALORE:FASTQC (TREATMENT_rhIFNb_100_REP3),COMPLETED,0,-,quay.io/biocontainers/fastqc:0.11.9--0,6,28800000,-,38654705664,1,1715229222559,1715229335000,1715229475000,252441,139000,-,200.5,0.4,1183010816,5185748992,1193099264,5250764800,3129588227,3711656,6079368,11391,135168,5156864,6,2,/input/data/work/25/a0c1f450dfadaa0043e61ba49c6aa5,true,-
73,2847929906,hu-worker-c24,b2/4ab50a,nf-b24ab50a4768eb9bc3e88b94fee60829,NFCORE_RNASEQ:RNASEQ:FASTQ_FASTQC_UMITOOLS_TRIMGALORE:FASTQC,TREATMENT_rhINFa2b_10000_REP1,NFCORE_RNASEQ:RNASEQ:FASTQ_FASTQC_UMITOOLS_TRIMGALORE:FASTQC (TREATMENT_rhINFa2b_10000_REP1),COMPLETED,0,-,quay.io/biocontainers/fastqc:0.11.9--0,6,28800000,-,38654705664,1,1715229222926,1715229345000,1715229472000,249074,126000,-,201.5,0.4,1102004224,4971442176,1102004224,5036457984,2869677377,3703964,5571743,11289,0,4481024,6,2,/input/data/work/b2/4ab50a4768eb9bc3e88b94fee60829,true,-
66,2610621320,hu-worker-c42,29/f49f84,nf-29f49f8432ed19bb08b099f47f78dd99,NFCORE_RNASEQ:RNASEQ:FASTQ_FASTQC_UMITOOLS_TRIMGALORE:FASTQC,TREATMENT_rhIFNb_100_REP2,NFCORE_RNASEQ:RNASEQ:FASTQ_FASTQC_UMITOOLS_TRIMGALORE:FASTQC (TREATMENT_rhIFNb_100_REP2),COMPLETED,0,-,quay.io/biocontainers/fastqc:0.11.9--0,6,28800000,-,38654705664,1,1715229221569,1715229362000,1715229475000,253431,112000,-,202.7,0.4,1133936640,5181554688,1135484928,5182906368,2632361434,3688480,5108225,11353,4194304,4435968,5,2,/input/data/work/29/f49f8432ed19bb08b099f47f78dd99,true,-
71,2630112206,hu-worker-c24,43/0cb2e3,nf-430cb2e3f1f35a1fbc5acb0af8a0d86b,NFCORE_RNASEQ:RNASEQ:FASTQ_FASTQC_UMITOOLS_TRIMGALORE:FASTQC,TREATMENT_rhINFa2b_100000_REP2,NFCORE_RNASEQ:RNASEQ:FASTQ_FASTQC_UMITOOLS_TRIMGALORE:FASTQC (TREATMENT_rhINFa2b_100000_REP2),COMPLETED,0,-,quay.io/biocontainers/fastqc:0.11.9--0,6,28800000,-,38654705664,1,1715229222417,1715229361000,1715229477000,254583,115000,-,201.1,0.4,1206116352,5049425920,1207341056,5053263872,2651860096,3695478,5146311,11304,0,4435968,6,0,/input/data/work/43/0cb2e3f1f35a1fbc5acb0af8a0d86b,true,-
72,3048783459,hu-worker-c27,ab/8ba468,nf-ab8ba468c0910ff88ec503155793760a,NFCORE_RNASEQ:RNASEQ:FASTQ_FASTQC_UMITOOLS_TRIMGALORE:FASTQC,TREATMENT_rhINFa2b_100000_REP3,NFCORE_RNASEQ:RNASEQ:FASTQ_FASTQC_UMITOOLS_TRIMGALORE:FASTQC (TREATMENT_rhINFa2b_100000_REP3),COMPLETED,0,-,quay.io/biocontainers/fastqc:0.11.9--0,6,28800000,-,38654705664,1,1715229222854,1715229345000,1715229477000,254146,131000,-,203.1,0.5,1228050432,5117587456,1231482880,5180506112,3070529225,3692451,5964017,11256,0,4517888,6,2,/input/data/work/ab/8ba468c0910ff88ec503155793760a,true,-
32,2605453793,hu-worker-c27,14/dfc4bd,nf-14dfc4bd6833df132f6b2287d8d89240,NFCORE_RNASEQ:RNASEQ:FASTQ_FASTQC_UMITOOLS_TRIMGALORE:FASTQC,TREATMENT_mIFNa11_100_REP1,NFCORE_RNASEQ:RNASEQ:FASTQ_FASTQC_UMITOOLS_TRIMGALORE:FASTQC (TREATMENT_mIFNa11_100_REP1),COMPLETED,0,-,quay.io/biocontainers/fastqc:0.11.9--0,6,28800000,-,38654705664,1,1715229221423,1715229363000,1715229479000,257577,115000,-,204.1,0.4,1087913984,4969345024,1087913984,5036457984,2627193540,3685671,5098135,11264,4194304,4444160,5,3,/input/data/work/14/dfc4bd6833df132f6b2287d8d89240,true,-
24,3072941686,hu-worker-c41,de/2ed815,nf-de2ed8153fd38a73e5ee3e6a19042f21,NFCORE_RNASEQ:RNASEQ:FASTQ_FASTQC_UMITOOLS_TRIMGALORE:FASTQC,TREATMENT_mIFNa11_1000_REP1,NFCORE_RNASEQ:RNASEQ:FASTQ_FASTQC_UMITOOLS_TRIMGALORE:FASTQC (TREATMENT_mIFNa11_1000_REP1),COMPLETED,0,-,quay.io/biocontainers/fastqc:0.11.9--0,6,28800000,-,38654705664,1,1715229221633,1715229337000,1715229483000,261367,145000,-,196.7,0.4,1207488512,4981264384,1215410176,5040652288,3094679226,3668432,6011180,11271,380928,4825088,5,1,/input/data/work/de/2ed8153fd38a73e5ee3e6a19042f21,true,-
40,2538241911,hu-worker-c35,a1/ef96b9,nf-a1ef96b9ef74cc1c62b5deefa41eaa0a,NFCORE_RNASEQ:RNASEQ:FASTQ_FASTQC_UMITOOLS_TRIMGALORE:FASTQC,TREATMENT_rhIFNa2b_1000_REP2,NFCORE_RNASEQ:RNASEQ:FASTQ_FASTQC_UMITOOLS_TRIMGALORE:FASTQC (TREATMENT_rhIFNa2b_1000_REP2),COMPLETED,0,-,quay.io/biocontainers/fastqc:0.11.9--0,6,28800000,-,38654705664,1,1715229221166,1715229375000,1715229488000,266834,112000,-,199.1,0.5,1233817600,5185748992,1236418560,5190103040,2559986777,3690872,4966864,11219,0,4440064,6,2,/input/data/work/a1/ef96b9ef74cc1c62b5deefa41eaa0a,true,-
45,2522583655,hu-worker-c34,f5/777742,nf-f57777426b0c524e0ecb7b206aed3a1e,NFCORE_RNASEQ:RNASEQ:FASTQ_FASTQC_UMITOOLS_TRIMGALORE:FASTQC,TREATMENT_rhIFNa2b_100_REP2,NFCORE_RNASEQ:RNASEQ:FASTQ_FASTQC_UMITOOLS_TRIMGALORE:FASTQC (TREATMENT_rhIFNa2b_100_REP2),COMPLETED,0,-,quay.io/biocontainers/fastqc:0.11.9--0,6,28800000,-,38654705664,1,1715229221213,1715229375000,1715229486000,264787,109000,-,203.8,0.4,1087885312,4901183488,1088188416,4902113280,2544320833,3679541,4936278,11209,0,4415488,6,2,/input/data/work/f5/7777426b0c524e0ecb7b206aed3a1e,true,-
22,2497231368,hu-worker-c25,c1/a8058d,nf-c1a8058db033500213ccdc095fbacf2c,NFCORE_RNASEQ:RNASEQ:FASTQ_FASTQC_UMITOOLS_TRIMGALORE:FASTQC,TREATMENT_mIFNa11_10000_REP3,NFCORE_RNASEQ:RNASEQ:FASTQ_FASTQC_UMITOOLS_TRIMGALORE:FASTQC (TREATMENT_mIFNa11_10000_REP3),COMPLETED,0,-,quay.io/biocontainers/fastqc:0.11.9--0,6,28800000,-,38654705664,1,1715229221245,1715229377000,1715229490000,268755,112000,-,202.5,0.4,1187545088,5117587456,1202561024,5180506112,2518975324,3693319,4886775,11306,0,4431872,6,2,/input/data/work/c1/a8058db033500213ccdc095fbacf2c,true,-
82,3985567244,hu-worker-c27,b3/723cf7,nf-b3723cf7cbda86a16ea3c5898c599753,NFCORE_RNASEQ:RNASEQ:PREPARE_GENOME:MAKE_TRANSCRIPTS_FASTA,rsem/genome.fa,NFCORE_RNASEQ:RNASEQ:PREPARE_GENOME:MAKE_TRANSCRIPTS_FASTA (rsem/genome.fa),COMPLETED,0,-,quay.io/biocontainers/mulled-v2-cf0123ef83b3c38c13e3b0696a3f285d3f20f15b:64aad4a4e144878400649e71f42105311be7ed87-0,12,57600000,-,68719476736,1,1715229231931,1715229482000,1715229520000,288069,37000,-,99.9,0.4,1191211008,1522294784,1191211008,1522298880,4568154881,1562136151,522502,3509959,11837440,1562157056,156,1106,/input/data/work/b3/723cf7cbda86a16ea3c5898c599753,true,-
49,1396083675,hu-worker-c25,03/15954f,nf-0315954fbf6f0b094bd309dc179bf402,NFCORE_RNASEQ:RNASEQ:FASTQ_FASTQC_UMITOOLS_TRIMGALORE:FASTQC,TREATMENT_rhIFNb_100000_REP3,NFCORE_RNASEQ:RNASEQ:FASTQ_FASTQC_UMITOOLS_TRIMGALORE:FASTQC (TREATMENT_rhIFNb_100000_REP3),COMPLETED,0,-,quay.io/biocontainers/fastqc:0.11.9--0,6,28800000,-,38654705664,1,1715229221319,1715229476000,1715229540000,318681,62000,-,207.1,0.4,1087459328,4833021952,1088241664,4900134912,1418062990,3669187,2736328,11226,0,4239360,6,2,/input/data/work/03/15954fbf6f0b094bd309dc179bf402,true,-
75,1810218282,hu-worker-c28,df/5f4571,nf-df5f4571ea81e57f92225c5722d1b1b5,NFCORE_RNASEQ:RNASEQ:FASTQ_FASTQC_UMITOOLS_TRIMGALORE:FASTQC,TREATMENT_rhINFa2b_10000_REP3,NFCORE_RNASEQ:RNASEQ:FASTQ_FASTQC_UMITOOLS_TRIMGALORE:FASTQC (TREATMENT_rhINFa2b_10000_REP3),COMPLETED,0,-,quay.io/biocontainers/fastqc:0.11.9--0,6,28800000,-,38654705664,1,1715229222968,1715229476000,1715229556000,333032,79000,-,206.5,0.4,1092853760,5105668096,1092853760,5107302400,1831956121,3672462,3544932,11225,0,4308992,6,2,/input/data/work/df/5f4571ea81e57f92225c5722d1b1b5,true,-
35,2235235129,hu-worker-c41,2a/960948,nf-2a960948636a25a856862e4f4a0946ec,NFCORE_RNASEQ:RNASEQ:FASTQ_FASTQC_UMITOOLS_TRIMGALORE:FASTQC,TREATMENT_mIFNa11_100_REP3,NFCORE_RNASEQ:RNASEQ:FASTQ_FASTQC_UMITOOLS_TRIMGALORE:FASTQC (TREATMENT_mIFNa11_100_REP3),COMPLETED,0,-,quay.io/biocontainers/fastqc:0.11.9--0,6,28800000,-,38654705664,1,1715229221133,1715229473000,1715229569000,347867,95000,-,204.8,0.4,1088147456,4901183488,1088475136,4902113280,2256938790,3675335,4375033,11200,3252224,4644864,5,1,/input/data/work/2a/960948636a25a856862e4f4a0946ec,true,-
19,2161934675,hu-worker-c24,1f/0b3fee,nf-1f0b3fee36093a90db24e36ff9ac9da9,NFCORE_RNASEQ:RNASEQ:FASTQ_FASTQC_UMITOOLS_TRIMGALORE:FASTQC,TREATMENT_mIFNa11_100000_REP3,NFCORE_RNASEQ:RNASEQ:FASTQ_FASTQC_UMITOOLS_TRIMGALORE:FASTQC (TREATMENT_mIFNa11_100000_REP3),COMPLETED,0,-,quay.io/biocontainers/fastqc:0.11.9--0,6,28800000,-,38654705664,1,1715229221351,1715229474000,1715229567000,345649,92000,-,204.4,0.5,1219231744,5117587456,1222586368,5180506112,2183674978,3676829,4231880,11236,0,4366336,6,0,/input/data/work/1f/0b3fee36093a90db24e36ff9ac9da9,true,-
6,2486687632,hu-worker-c34,d6/0323bd,nf-d60323bd344ac8bbc87109a9ebd2b78b,NFCORE_RNASEQ:RNASEQ:FASTQ_FASTQC_UMITOOLS_TRIMGALORE:FASTQC,CONTROL_REP1,NFCORE_RNASEQ:RNASEQ:FASTQ_FASTQC_UMITOOLS_TRIMGALORE:FASTQC (CONTROL_REP1),COMPLETED,0,-,quay.io/biocontainers/fastqc:0.11.9--0,6,28800000,-,38654705664,1,1715229221060,1715229469000,1715229574000,352940,104000,-,201.2,0.4,1139326976,4908908544,1140162560,4941377536,2508398670,3693308,4866140,11227,0,4427776,6,2,/input/data/work/d6/0323bd344ac8bbc87109a9ebd2b78b,true,-
46,2486253111,hu-worker-c35,3e/0ef0c1,nf-3e0ef0c1d367714b9d9722a9a34899f2,NFCORE_RNASEQ:RNASEQ:FASTQ_FASTQC_UMITOOLS_TRIMGALORE:FASTQC,TREATMENT_rhIFNa2b_100_REP3,NFCORE_RNASEQ:RNASEQ:FASTQ_FASTQC_UMITOOLS_TRIMGALORE:FASTQC (TREATMENT_rhIFNa2b_100_REP3),COMPLETED,0,-,quay.io/biocontainers/fastqc:0.11.9--0,6,28800000,-,38654705664,1,1715229221533,1715229472000,1715229575000,353467,102000,-,203.8,0.4,1149009920,5045231616,1150685184,5076287488,2507996949,3695791,4865328,11364,0,4419584,6,2,/input/data/work/3e/0ef0c1d367714b9d9722a9a34899f2,true,-
9,2486687632,hu-worker-c42,30/d9905c,nf-30d9905cef3cb6d5e7b42eea28148d6b,NFCORE_RNASEQ:RNASEQ:FASTQ_FASTQC_UMITOOLS_TRIMGALORE:FASTQC,CONTROL_REP2,NFCORE_RNASEQ:RNASEQ:FASTQ_FASTQC_UMITOOLS_TRIMGALORE:FASTQC (CONTROL_REP2),COMPLETED,0,-,quay.io/biocontainers/fastqc:0.11.9--0,6,28800000,-,38654705664,1,1715229221601,1715229470000,1715229575000,353399,104000,-,204.2,0.4,1129734144,5045231616,1129734144,5047439360,2508431270,3693309,4866146,11269,0,4399104,6,2,/input/data/work/30/d9905cef3cb6d5e7b42eea28148d6b,true,-
26,3146856483,hu-worker-c34,e9/c4b2c6,nf-e9c4b2c6959c719bfa7d774ed4837719,NFCORE_RNASEQ:RNASEQ:FASTQ_FASTQC_UMITOOLS_TRIMGALORE:TRIMGALORE,TREATMENT_mIFNa11_1000_REP3,NFCORE_RNASEQ:RNASEQ:FASTQ_FASTQC_UMITOOLS_TRIMGALORE:TRIMGALORE (TREATMENT_mIFNa11_1000_REP3),COMPLETED,0,-,quay.io/biocontainers/trim-galore:0.6.7--hdfd78af_0,12,57600000,-,68719476736,1,1715229222790,1715229577000,1715230183000,960210,604000,-,799.9,1.6,4046315520,6532612096,4163010560,6534000640,88973649669,85708186261,12141252,3813215,0,5859385344,1797699,2095,/input/data/work/e9/c4b2c6959c719bfa7d774ed4837719,true,-
65,3142145039,hu-worker-c35,f0/50965b,nf-f050965b386a3696ed47292292c85647,NFCORE_RNASEQ:RNASEQ:FASTQ_FASTQC_UMITOOLS_TRIMGALORE:TRIMGALORE,TREATMENT_rhIFNb_100_REP1,NFCORE_RNASEQ:RNASEQ:FASTQ_FASTQC_UMITOOLS_TRIMGALORE:TRIMGALORE (TREATMENT_rhIFNb_100_REP1),COMPLETED,0,-,quay.io/biocontainers/trim-galore:0.6.7--hdfd78af_0,12,57600000,-,68719476736,1,1715229221976,1715229578000,1715230186000,964024,605000,-,798.2,1.6,4061999104,6532612096,4123238400,6533689344,88753178819,85492203242,12117534,3803602,25763840,5855133696,1786223,2142,/input/data/work/f0/50965b386a3696ed47292292c85647,true,-
54,3228496209,hu-worker-c41,7f/408a0e,nf-7f408a0eae23cb72d846fe1a50f22f6c,NFCORE_RNASEQ:RNASEQ:FASTQ_FASTQC_UMITOOLS_TRIMGALORE:TRIMGALORE,TREATMENT_rhIFNb_10000_REP2,NFCORE_RNASEQ:RNASEQ:FASTQ_FASTQC_UMITOOLS_TRIMGALORE:TRIMGALORE (TREATMENT_rhIFNb_10000_REP2),COMPLETED,0,-,quay.io/biocontainers/trim-galore:0.6.7--hdfd78af_0,12,57600000,-,68719476736,1,1715229222758,1715229571000,1715230202000,979242,629000,-,795.2,1.6,4077989888,6600773632,4154978304,6667886592,90872779419,87525231635,12424301,3892298,1161797632,6013554688,1867180,5691,/input/data/work/7f/408a0eae23cb72d846fe1a50f22f6c,true,-
23,3390020095,hu-worker-c24,5c/0cc8f1,nf-5c0cc8f15625e14a62521a6f3f11e7b8,NFCORE_RNASEQ:RNASEQ:FASTQ_FASTQC_UMITOOLS_TRIMGALORE:TRIMGALORE,TREATMENT_mIFNa11_1000_REP2,NFCORE_RNASEQ:RNASEQ:FASTQ_FASTQC_UMITOOLS_TRIMGALORE:TRIMGALORE (TREATMENT_mIFNa11_1000_REP2),COMPLETED,0,-,quay.io/biocontainers/trim-galore:0.6.7--hdfd78af_0,12,57600000,-,68719476736,1,1715229221729,1715229570000,1715230228000,1006271,655000,-,792.3,1.6,4105924608,6608871424,4189855744,6675984384,95747035167,92238324162,13020012,4102533,25837568,6311309312,1901014,2289,/input/data/work/5c/0cc8f15625e14a62521a6f3f11e7b8,true,-
55,3529944369,hu-worker-c28,78/6f04af,nf-786f04affc4328cb2e91da2eba6e9863,NFCORE_RNASEQ:RNASEQ:FASTQ_FASTQC_UMITOOLS_TRIMGALORE:TRIMGALORE,TREATMENT_rhIFNb_10000_REP3,NFCORE_RNASEQ:RNASEQ:FASTQ_FASTQC_UMITOOLS_TRIMGALORE:TRIMGALORE (TREATMENT_rhIFNb_10000_REP3),COMPLETED,0,-,quay.io/biocontainers/trim-galore:0.6.7--hdfd78af_0,12,57600000,-,68719476736,1,1715229222590,1715229559000,1715230243000,1020410,681000,-,800.4,1.6,4275511296,6600773632,4334510080,6602121216,99370037105,95721032352,13555664,4256975,63389696,6580027392,2002902,2337,/input/data/work/78/6f04affc4328cb2e91da2eba6e9863,true,-
76,3593382597,hu-worker-c25,f3/f81c5f,nf-f3f81c5f9be026c4ee3bdcf47830e203,NFCORE_RNASEQ:RNASEQ:FASTQ_FASTQC_UMITOOLS_TRIMGALORE:TRIMGALORE,TREATMENT_rhINFa2b_100000_REP1,NFCORE_RNASEQ:RNASEQ:FASTQ_FASTQC_UMITOOLS_TRIMGALORE:TRIMGALORE (TREATMENT_rhINFa2b_100000_REP1),COMPLETED,0,-,quay.io/biocontainers/trim-galore:0.6.7--hdfd78af_0,12,57600000,-,68719476736,1,1715229223046,1715229542000,1715230248000,1024954,703000,-,791.4,1.6,4317769728,6532608000,4383834112,6536642560,101406933053,97694823932,13828787,4344948,27279360,6693883904,2052461,2506,/input/data/work/f3/f81c5f9be026c4ee3bdcf47830e203,true,-
80,3783486234,hu-worker-c27,ed/e42beb,nf-ede42beb2bcd74a20095c5d0524b9641,NFCORE_RNASEQ:RNASEQ:FASTQ_FASTQC_UMITOOLS_TRIMGALORE:TRIMGALORE,TREATMENT_rhINFa2b_10000_REP2,NFCORE_RNASEQ:RNASEQ:FASTQ_FASTQC_UMITOOLS_TRIMGALORE:TRIMGALORE (TREATMENT_rhINFa2b_10000_REP2),COMPLETED,0,-,quay.io/biocontainers/trim-galore:0.6.7--hdfd78af_0,12,57600000,-,68719476736,1,1715229223195,1715229522000,1715230260000,1036805,735000,-,795.9,1.6,4611182592,6600765440,4662226944,6667886592,106299285509,102396874958,14517318,4551844,21471232,7047880704,2189932,2648,/input/data/work/ed/e42beb2bcd74a20095c5d0524b9641,true,-
63,3111978634,hu-worker-c34,88/d0f087,nf-88d0f087d78b243bb173149e820804c2,NFCORE_RNASEQ:RNASEQ:FASTQ_FASTQC_UMITOOLS_TRIMGALORE:TRIMGALORE,TREATMENT_rhIFNb_1000_REP2,NFCORE_RNASEQ:RNASEQ:FASTQ_FASTQC_UMITOOLS_TRIMGALORE:TRIMGALORE (TREATMENT_rhIFNb_1000_REP2),COMPLETED,0,-,quay.io/biocontainers/trim-galore:0.6.7--hdfd78af_0,12,57600000,-,68719476736,1,1715229222232,1715230186000,1715230781000,1558768,593000,-,803.5,1.6,4055441408,6681223168,4129714176,6685478912,87776680753,84545946331,11968703,3760371,0,5793529856,1782503,2137,/input/data/work/88/d0f087d78b243bb173149e820804c2,true,-
69,3107838014,hu-worker-c35,e2/6cb4aa,nf-e26cb4aa05e6d07c1583fe623eff3445,NFCORE_RNASEQ:RNASEQ:FASTQ_FASTQC_UMITOOLS_TRIMGALORE:TRIMGALORE,TREATMENT_rhIFNb_100_REP3,NFCORE_RNASEQ:RNASEQ:FASTQ_FASTQC_UMITOOLS_TRIMGALORE:TRIMGALORE (TREATMENT_rhIFNb_100_REP3),COMPLETED,0,-,quay.io/biocontainers/trim-galore:0.6.7--hdfd78af_0,12,57600000,-,68719476736,1,1715229223007,1715230188000,1715230782000,1558993,592000,-,803.9,1.6,4210991104,6532620288,4262658048,6533984256,87755403781,84529030559,11965260,3757707,0,5763219456,1801612,2106,/input/data/work/e2/6cb4aa05e6d07c1583fe623eff3445,true,-
18,3072941686,hu-worker-c41,f0/1693da,nf-f01693da4b979066cbbe42356e653c5f,NFCORE_RNASEQ:RNASEQ:FASTQ_FASTQC_UMITOOLS_TRIMGALORE:TRIMGALORE,TREATMENT_mIFNa11_1000_REP1,NFCORE_RNASEQ:RNASEQ:FASTQ_FASTQC_UMITOOLS_TRIMGALORE:TRIMGALORE (TREATMENT_mIFNa11_1000_REP1),COMPLETED,0,-,quay.io/biocontainers/trim-galore:0.6.7--hdfd78af_0,12,57600000,-,68719476736,1,1715229222049,1715230205000,1715230798000,1575951,591000,-,803.7,1.6,4051521536,6532603904,4114812928,6533689344,86559981496,83368000336,11830011,3708317,864051200,5726089216,1752026,4320,/input/data/work/f0/1693da4b979066cbbe42356e653c5f,true,-
64,2978680598,hu-worker-c28,f6/850f0b,nf-f6850f0bb9e995e307cdd3385c72a1ef,NFCORE_RNASEQ:RNASEQ:FASTQ_FASTQC_UMITOOLS_TRIMGALORE:TRIMGALORE,TREATMENT_rhIFNb_1000_REP3,NFCORE_RNASEQ:RNASEQ:FASTQ_FASTQC_UMITOOLS_TRIMGALORE:TRIMGALORE (TREATMENT_rhIFNb_1000_REP3),COMPLETED,0,-,quay.io/biocontainers/trim-galore:0.6.7--hdfd78af_0,12,57600000,-,68719476736,1,1715229221697,1715230246000,1715230826000,1604303,577000,-,796.5,1.6,4156612608,6608871424,4216393728,6675984384,84312526164,81215244343,11491703,3612918,0,5540032512,1741643,2246,/input/data/work/f6/850f0bb9e995e307cdd3385c72a1ef,true,-
78,3048783459,hu-worker-c24,35/36cf48,nf-3536cf486583af96e8d216f5c4636b05,NFCORE_RNASEQ:RNASEQ:FASTQ_FASTQC_UMITOOLS_TRIMGALORE:TRIMGALORE,TREATMENT_rhINFa2b_100000_REP3,NFCORE_RNASEQ:RNASEQ:FASTQ_FASTQC_UMITOOLS_TRIMGALORE:TRIMGALORE (TREATMENT_rhINFa2b_100000_REP3),COMPLETED,0,-,quay.io/biocontainers/trim-galore:0.6.7--hdfd78af_0,12,57600000,-,68719476736,1,1715229223084,1715230230000,1715230825000,1601916,593000,-,794.2,1.6,4069060608,6600757248,4140670976,6668181504,85816319677,82648439248,11722554,3676121,0,5681766400,1736494,2752,/input/data/work/35/36cf486583af96e8d216f5c4636b05,true,-
36,2917121547,hu-worker-c27,a9/c510ee,nf-a9c510ee16345ac225aae330af05ae40,NFCORE_RNASEQ:RNASEQ:FASTQ_FASTQC_UMITOOLS_TRIMGALORE:TRIMGALORE,TREATMENT_rhIFNa2b_1000_REP3,NFCORE_RNASEQ:RNASEQ:FASTQ_FASTQC_UMITOOLS_TRIMGALORE:TRIMGALORE (TREATMENT_rhIFNa2b_1000_REP3),COMPLETED,0,-,quay.io/biocontainers/trim-galore:0.6.7--hdfd78af_0,12,57600000,-,68719476736,1,1715229221896,1715230262000,1715230830000,1608104,566000,-,794.1,1.6,4074098688,6608875520,4141658112,6667886592,82473619596,79437703069,11248830,3535096,0,5435596800,1643122,1923,/input/data/work/a9/c510ee16345ac225aae330af05ae40,true,-
13,2957126577,hu-worker-c25,07/c10003,nf-07c10003fd9324ebf42176443f775092,NFCORE_RNASEQ:RNASEQ:FASTQ_FASTQC_UMITOOLS_TRIMGALORE:TRIMGALORE,TREATMENT_mIFNa11_10000_REP1,NFCORE_RNASEQ:RNASEQ:FASTQ_FASTQC_UMITOOLS_TRIMGALORE:TRIMGALORE (TREATMENT_mIFNa11_10000_REP1),COMPLETED,0,-,quay.io/biocontainers/trim-galore:0.6.7--hdfd78af_0,12,57600000,-,68719476736,1,1715229222526,1715230251000,1715230828000,1605474,575000,-,797.1,1.6,4077264896,6600777728,4133359616,6602141696,83773204207,80697539363,11431967,3591266,0,5506158592,1715929,2181,/input/data/work/07/c10003fd9324ebf42176443f775092,true,-
83,3437932337,hu-worker-c42,80/c6e638,nf-80c6e6384edc3937af1611f6107d1268,NFCORE_RNASEQ:RNASEQ:PREPARE_GENOME:SALMON_INDEX,genome.transcripts.fa,NFCORE_RNASEQ:RNASEQ:PREPARE_GENOME:SALMON_INDEX (genome.transcripts.fa),COMPLETED,0,-,quay.io/biocontainers/salmon:1.10.1--h7e5ed60_0,6,28800000,-,38654705664,1,1715229521953,1715229522000,1715230923000,1401047,1384000,-,433.0,7.3,19605811200,64271093760,19605827584,64271097856,66963650099,38706166393,3506235,1568481,0,38706331648,18841,4108,/input/data/work/80/c6e6384edc3937af1611f6107d1268,true,-
29,2771011001,hu-worker-c35,bd/130fb9,nf-bd130fb9cd5d0c67a21a8f61da82a0e1,NFCORE_RNASEQ:RNASEQ:FASTQ_FASTQC_UMITOOLS_TRIMGALORE:TRIMGALORE,TREATMENT_mIFNa11_100_REP2,NFCORE_RNASEQ:RNASEQ:FASTQ_FASTQC_UMITOOLS_TRIMGALORE:TRIMGALORE (TREATMENT_mIFNa11_100_REP2),COMPLETED,0,-,quay.io/biocontainers/trim-galore:0.6.7--hdfd78af_0,12,57600000,-,68719476736,1,1715229222013,1715230785000,1715231322000,2099987,535000,-,792.6,1.6,4254007296,6677024768,4306096128,6744145920,78563920263,75674447454,10686108,3366708,0,5147975680,1578886,1860,/input/data/work/bd/130fb9cd5d0c67a21a8f61da82a0e1,true,-
44,2739945233,hu-worker-c41,cf/dc7776,nf-cfdc7776080110a08c62124500613f71,NFCORE_RNASEQ:RNASEQ:FASTQ_FASTQC_UMITOOLS_TRIMGALORE:TRIMGALORE,TREATMENT_rhIFNb_100000_REP1,NFCORE_RNASEQ:RNASEQ:FASTQ_FASTQC_UMITOOLS_TRIMGALORE:TRIMGALORE (TREATMENT_rhIFNb_100000_REP1),COMPLETED,0,-,quay.io/biocontainers/trim-galore:0.6.7--hdfd78af_0,12,57600000,-,68719476736,1,1715229222384,1715230801000,1715231337000,2114616,534000,-,795.2,1.6,4075966464,6532648960,4148490240,6534225920,77423665595,74564828502,10558595,3318315,570109952,5106184192,1536861,3896,/input/data/work/cf/dc7776080110a08c62124500613f71,true,-
79,2847929906,hu-worker-c34,a9/7c4c56,nf-a97c4c5613c4b125839178153e9d7b2f,NFCORE_RNASEQ:RNASEQ:FASTQ_FASTQC_UMITOOLS_TRIMGALORE:TRIMGALORE,TREATMENT_rhINFa2b_10000_REP1,NFCORE_RNASEQ:RNASEQ:FASTQ_FASTQC_UMITOOLS_TRIMGALORE:TRIMGALORE (TREATMENT_rhINFa2b_10000_REP1),COMPLETED,0,-,quay.io/biocontainers/trim-galore:0.6.7--hdfd78af_0,12,57600000,-,68719476736,1,1715229223153,1715230784000,1715231339000,2115847,553000,-,789.6,1.6,4037812224,6613073920,4120621056,6673895424,80598166055,77631481395,10983788,3454577,0,5302702080,1639529,1985,/input/data/work/a9/7c4c5613c4b125839178153e9d7b2f,true,-
53,2630683401,hu-worker-c27,29/4bd24a,nf-294bd24acb7da503fe60f05134df4b16,NFCORE_RNASEQ:RNASEQ:FASTQ_FASTQC_UMITOOLS_TRIMGALORE:TRIMGALORE,TREATMENT_rhIFNb_10000_REP1,NFCORE_RNASEQ:RNASEQ:FASTQ_FASTQC_UMITOOLS_TRIMGALORE:TRIMGALORE (TREATMENT_rhIFNb_10000_REP1),COMPLETED,0,-,quay.io/biocontainers/trim-galore:0.6.7--hdfd78af_0,12,57600000,-,68719476736,1,1715229221666,1715230833000,1715231351000,2129334,516000,-,795.8,1.6,4099768320,6681231360,4150235136,6686134272,74190205399,71440363019,10130491,3178957,0,4903772160,1505365,2373,/input/data/work/29/4bd24acb7da503fe60f05134df4b16,true,-
31,2689917923,hu-worker-c28,f4/1f8c1a,nf-f41f8c1ae3340f6f1c8e4874b6fd566e,NFCORE_RNASEQ:RNASEQ:FASTQ_FASTQC_UMITOOLS_TRIMGALORE:TRIMGALORE,TREATMENT_rhIFNa2b_1000_REP1,NFCORE_RNASEQ:RNASEQ:FASTQ_FASTQC_UMITOOLS_TRIMGALORE:TRIMGALORE (TREATMENT_rhIFNa2b_1000_REP1),COMPLETED,0,-,quay.io/biocontainers/trim-galore:0.6.7--hdfd78af_0,12,57600000,-,68719476736,1,1715229221763,1715230828000,1715231354000,2132237,524000,-,792.4,1.6,4134658048,6600765440,4197740544,6602162176,76140608682,73331765463,10349535,3263017,0,5002559488,1513501,2404,/input/data/work/f4/1f8c1ae3340f6f1c8e4874b6fd566e,true,-
14,2655690169,hu-worker-c25,3a/123375,nf-3a12337551ed2eb768409e9770ab43db,NFCORE_RNASEQ:RNASEQ:FASTQ_FASTQC_UMITOOLS_TRIMGALORE:TRIMGALORE,TREATMENT_mIFNa11_10000_REP2,NFCORE_RNASEQ:RNASEQ:FASTQ_FASTQC_UMITOOLS_TRIMGALORE:TRIMGALORE (TREATMENT_mIFNa11_10000_REP2),COMPLETED,0,-,quay.io/biocontainers/trim-galore:0.6.7--hdfd78af_0,12,57600000,-,68719476736,1,1715229222086,1715230831000,1715231351000,2128914,518000,-,791.6,1.6,4149809152,6681268224,4228853760,6685736960,75076258423,72301742137,10221677,3216610,0,4940533760,1507606,1611,/input/data/work/3a/12337551ed2eb768409e9770ab43db,true,-
58,2718190708,hu-worker-c24,48/c8b0a1,nf-48c8b0a15e4ea3b687e7efeffc000dcd,NFCORE_RNASEQ:RNASEQ:FASTQ_FASTQC_UMITOOLS_TRIMGALORE:TRIMGALORE,TREATMENT_rhIFNb_1000_REP1,NFCORE_RNASEQ:RNASEQ:FASTQ_FASTQC_UMITOOLS_TRIMGALORE:TRIMGALORE (TREATMENT_rhIFNb_1000_REP1),COMPLETED,0,-,quay.io/biocontainers/trim-galore:0.6.7--hdfd78af_0,12,57600000,-,68719476736,1,1715229222655,1715230828000,1715231362000,2139345,532000,-,789.1,1.6,4095660032,6534696960,4149624832,6599712768,76786584294,73949503812,10455604,3289878,4194304,5059629056,1579337,2295,/input/data/work/48/c8b0a15e4ea3b687e7efeffc000dcd,true,-
77,2630112206,hu-worker-c42,8b/e7b658,nf-8be7b6585c2fddb6826edf48560c5b85,NFCORE_RNASEQ:RNASEQ:FASTQ_FASTQC_UMITOOLS_TRIMGALORE:TRIMGALORE,TREATMENT_rhINFa2b_100000_REP2,NFCORE_RNASEQ:RNASEQ:FASTQ_FASTQC_UMITOOLS_TRIMGALORE:TRIMGALORE (TREATMENT_rhINFa2b_100000_REP2),COMPLETED,0,-,quay.io/biocontainers/trim-galore:0.6.7--hdfd78af_0,12,57600000,-,68719476736,1,1715229223119,1715230926000,1715231436000,2212881,508000,-,796.9,1.6,4069195776,6749380608,4129832960,6814404608,74237599123,71488536404,10123443,3181249,0,4901048320,1512719,2213,/input/data/work/8b/e7b6585c2fddb6826edf48560c5b85,true,-
67,2610621320,hu-worker-c35,bb/7651df,nf-bb7651dfc84f1858f3ac184f9771c916,NFCORE_RNASEQ:RNASEQ:FASTQ_FASTQC_UMITOOLS_TRIMGALORE:TRIMGALORE,TREATMENT_rhIFNb_100_REP2,NFCORE_RNASEQ:RNASEQ:FASTQ_FASTQC_UMITOOLS_TRIMGALORE:TRIMGALORE (TREATMENT_rhIFNb_100_REP2),COMPLETED,0,-,quay.io/biocontainers/trim-galore:0.6.7--hdfd78af_0,12,57600000,-,68719476736,1,1715229222622,1715231325000,1715231831000,2608378,505000,-,796.0,1.6,4113330176,6681235456,4189065216,6683844608,73763808809,71034321419,10041667,3160195,0,4854132736,1455176,1857,/input/data/work/bb/7651dfc84f1858f3ac184f9771c916,true,-
8,2567359158,hu-worker-c34,ea/94ee25,nf-ea94ee25931c079572faad1660a0b4c6,NFCORE_RNASEQ:RNASEQ:FASTQ_FASTQC_UMITOOLS_TRIMGALORE:TRIMGALORE,TREATMENT_mIFNa11_100000_REP1,NFCORE_RNASEQ:RNASEQ:FASTQ_FASTQC_UMITOOLS_TRIMGALORE:TRIMGALORE (TREATMENT_mIFNa11_100000_REP1),COMPLETED,0,-,quay.io/biocontainers/trim-galore:0.6.7--hdfd78af_0,12,57600000,-,68719476736,1,1715229222271,1715231342000,1715231837000,2614729,493000,-,796.5,1.6,4111364096,6681214976,4174721024,6685683712,73045782340,70360067486,9916082,3132428,0,4776865792,1459760,1820,/input/data/work/ea/94ee25931c079572faad1660a0b4c6,true,-
39,2522583655,hu-worker-c27,cf/a9806f,nf-cfa9806f8565a08e7293bafcb727fc3f,NFCORE_RNASEQ:RNASEQ:FASTQ_FASTQC_UMITOOLS_TRIMGALORE:TRIMGALORE,TREATMENT_rhIFNa2b_100_REP2,NFCORE_RNASEQ:RNASEQ:FASTQ_FASTQC_UMITOOLS_TRIMGALORE:TRIMGALORE (TREATMENT_rhIFNa2b_100_REP2),COMPLETED,0,-,quay.io/biocontainers/trim-galore:0.6.7--hdfd78af_0,12,57600000,-,68719476736,1,1715229222123,1715231353000,1715231846000,2623877,491000,-,796.3,1.6,4053254144,6532603904,4124364800,6599725056,71634740945,68993363238,9749474,3071536,0,4697030656,1441912,1913,/input/data/work/cf/a9806f8565a08e7293bafcb727fc3f,true,-
15,2497231368,hu-worker-c28,b5/a132d2,nf-b5a132d2b8b88695a0194f81d1e0e72e,NFCORE_RNASEQ:RNASEQ:FASTQ_FASTQC_UMITOOLS_TRIMGALORE:TRIMGALORE,TREATMENT_mIFNa11_10000_REP3,NFCORE_RNASEQ:RNASEQ:FASTQ_FASTQC_UMITOOLS_TRIMGALORE:TRIMGALORE (TREATMENT_mIFNa11_10000_REP3),COMPLETED,0,-,quay.io/biocontainers/trim-galore:0.6.7--hdfd78af_0,12,57600000,-,68719476736,1,1715229221830,1715231357000,1715231849000,2627170,491000,-,791.1,1.6,4057636864,6600777728,4125388800,6667890688,70790829374,68174964565,9644732,3034789,0,4649922560,1373508,2008,/input/data/work/b5/a132d2b8b88695a0194f81d1e0e72e,true,-
7,2486687632,hu-worker-c24,f4/cbd577,nf-f4cbd5773917c056ef24d7042d247e16,NFCORE_RNASEQ:RNASEQ:FASTQ_FASTQC_UMITOOLS_TRIMGALORE:TRIMGALORE,CONTROL_REP3,NFCORE_RNASEQ:RNASEQ:FASTQ_FASTQC_UMITOOLS_TRIMGALORE:TRIMGALORE (CONTROL_REP3),COMPLETED,0,-,quay.io/biocontainers/trim-galore:0.6.7--hdfd78af_0,12,57600000,-,68719476736,1,1715229221864,1715231364000,1715231852000,2630136,486000,-,790.5,1.6,4104556544,6600765440,4176621568,6667886592,70437148228,67831606938,9584845,3019054,0,4626837504,1402747,2220,/input/data/work/f4/cbd5773917c056ef24d7042d247e16,true,-
34,2538241911,hu-worker-c25,f7/3e1361,nf-f73e1361b3b62e24a967d90556e0b6c0,NFCORE_RNASEQ:RNASEQ:FASTQ_FASTQC_UMITOOLS_TRIMGALORE:TRIMGALORE,TREATMENT_rhIFNa2b_1000_REP2,NFCORE_RNASEQ:RNASEQ:FASTQ_FASTQC_UMITOOLS_TRIMGALORE:TRIMGALORE (TREATMENT_rhIFNa2b_1000_REP2),COMPLETED,0,-,quay.io/biocontainers/trim-galore:0.6.7--hdfd78af_0,12,57600000,-,68719476736,1,1715229222198,1715231353000,1715231850000,2627802,496000,-,794.1,1.6,4056391680,6534701056,4117291008,6534713344,72033644693,69376449153,9797810,3088758,0,4728098816,1430822,2101,/input/data/work/f7/3e1361b3b62e24a967d90556e0b6c0,true,-
28,2605453793,hu-worker-c41,cf/7416ab,nf-cf7416ab4d12170cb4d9587064c5e96e,NFCORE_RNASEQ:RNASEQ:FASTQ_FASTQC_UMITOOLS_TRIMGALORE:TRIMGALORE,TREATMENT_mIFNa11_100_REP1,NFCORE_RNASEQ:RNASEQ:FASTQ_FASTQC_UMITOOLS_TRIMGALORE:TRIMGALORE (TREATMENT_mIFNa11_100_REP1),COMPLETED,0,-,quay.io/biocontainers/trim-galore:0.6.7--hdfd78af_0,12,57600000,-,68719476736,1,1715229222723,1715231340000,1715231852000,2629277,511000,-,788.4,1.6,4077162496,6534705152,4147191808,6534709248,73669035724,70944783742,10025044,3157373,508370944,4854030336,1508538,3650,/input/data/work/cf/7416ab4d12170cb4d9587064c5e96e,true,-
5,2486687632,hu-worker-c42,0b/ce2ca8,nf-0bce2ca8490af90d3e432e6531b95060,NFCORE_RNASEQ:RNASEQ:FASTQ_FASTQC_UMITOOLS_TRIMGALORE:TRIMGALORE,CONTROL_REP2,NFCORE_RNASEQ:RNASEQ:FASTQ_FASTQC_UMITOOLS_TRIMGALORE:TRIMGALORE (CONTROL_REP2),COMPLETED,0,-,quay.io/biocontainers/trim-galore:0.6.7--hdfd78af_0,12,57600000,-,68719476736,1,1715229222162,1715231438000,1715231920000,2697838,480000,-,794.7,1.6,4122284032,6532603904,4179681280,6533656576,70437176633,67831606868,9588420,3019033,0,4626833408,1393907,985,/input/data/work/0b/ce2ca8490af90d3e432e6531b95060,true,-
81,1810218282,hu-worker-c41,70/a26c36,nf-70a26c36012f36821612af340ab08a33,NFCORE_RNASEQ:RNASEQ:FASTQ_FASTQC_UMITOOLS_TRIMGALORE:TRIMGALORE,TREATMENT_rhINFa2b_10000_REP3,NFCORE_RNASEQ:RNASEQ:FASTQ_FASTQC_UMITOOLS_TRIMGALORE:TRIMGALORE (TREATMENT_rhINFa2b_10000_REP3),COMPLETED,0,-,quay.io/biocontainers/trim-galore:0.6.7--hdfd78af_0,12,57600000,-,68719476736,1,1715229223235,1715231855000,1715232215000,2991765,359000,-,788.5,1.4,3857469440,6532653056,3904655360,6534049792,51434159349,49505250183,7009003,2206231,285003776,3379142656,1059619,2452,/input/data/work/70/a26c36012f36821612af340ab08a33,true,-
10,1718442970,hu-worker-c42,a0/a4e30a,nf-a0a4e30a72826384cd9ca9bf30d5d776,NFCORE_RNASEQ:RNASEQ:FASTQ_FASTQC_UMITOOLS_TRIMGALORE:TRIMGALORE,TREATMENT_mIFNa11_100000_REP2,NFCORE_RNASEQ:RNASEQ:FASTQ_FASTQC_UMITOOLS_TRIMGALORE:TRIMGALORE (TREATMENT_mIFNa11_100000_REP2),COMPLETED,0,-,quay.io/biocontainers/trim-galore:0.6.7--hdfd78af_0,12,57600000,-,68719476736,1,1715229222487,1715231922000,1715232261000,3038513,338000,-,788.4,1.4,3810267136,6532612096,3862425600,6599725056,48936753237,47099890468,6659274,2099199,0,3201683456,985224,1057,/input/data/work/a0/a4e30a72826384cd9ca9bf30d5d776,true,-
12,2161934675,hu-worker-c24,05/740a1b,nf-05740a1b6e32d24ef09b7b8b1c69b2a4,NFCORE_RNASEQ:RNASEQ:FASTQ_FASTQC_UMITOOLS_TRIMGALORE:TRIMGALORE,TREATMENT_mIFNa11_100000_REP3,NFCORE_RNASEQ:RNASEQ:FASTQ_FASTQC_UMITOOLS_TRIMGALORE:TRIMGALORE (TREATMENT_mIFNa11_100000_REP3),COMPLETED,0,-,quay.io/biocontainers/trim-galore:0.6.7--hdfd78af_0,12,57600000,-,68719476736,1,1715229221937,1715231854000,1715232281000,3059063,426000,-,784.2,1.6,4037574656,6532608000,4104368128,6533980160,61407191508,59126388638,8366983,2633431,0,4028166144,1242789,1230,/input/data/work/05/740a1b6e32d24ef09b7b8b1c69b2a4,true,-
30,2235235129,hu-worker-c25,8f/10a424,nf-8f10a424211325b7276ad2d7d7c406c7,NFCORE_RNASEQ:RNASEQ:FASTQ_FASTQC_UMITOOLS_TRIMGALORE:TRIMGALORE,TREATMENT_mIFNa11_100_REP3,NFCORE_RNASEQ:RNASEQ:FASTQ_FASTQC_UMITOOLS_TRIMGALORE:TRIMGALORE (TREATMENT_mIFNa11_100_REP3),COMPLETED,0,-,quay.io/biocontainers/trim-galore:0.6.7--hdfd78af_0,12,57600000,-,68719476736,1,1715229222346,1715231853000,1715232296000,3073654,442000,-,788.2,1.6,4081709056,6532661248,4141260800,6535974912,63190943403,60836765607,8616964,2708100,0,4163526656,1264580,1961,/input/data/work/8f/10a424211325b7276ad2d7d7c406c7,true,-
4,2486687632,hu-worker-c35,20/bb4fb3,nf-20bb4fb3160f620c40f7de1895d6c16a,NFCORE_RNASEQ:RNASEQ:FASTQ_FASTQC_UMITOOLS_TRIMGALORE:TRIMGALORE,CONTROL_REP1,NFCORE_RNASEQ:RNASEQ:FASTQ_FASTQC_UMITOOLS_TRIMGALORE:TRIMGALORE (CONTROL_REP1),COMPLETED,0,-,quay.io/biocontainers/trim-galore:0.6.7--hdfd78af_0,12,57600000,-,68719476736,1,1715229222308,1715231834000,1715232317000,3094692,481000,-,796.8,1.6,4103487488,6534696960,4169609216,6534709248,70437147978,67831606967,9593588,3019075,0,4626862080,1370724,1668,/input/data/work/20/bb4fb3160f620c40f7de1895d6c16a,true,-
38,2486687632,hu-worker-c34,ce/b9f5a7,nf-ceb9f5a79bee93ee0cb35b8aa0ce911d,NFCORE_RNASEQ:RNASEQ:FASTQ_FASTQC_UMITOOLS_TRIMGALORE:TRIMGALORE,TREATMENT_rhIFNa2b_100_REP1,NFCORE_RNASEQ:RNASEQ:FASTQ_FASTQC_UMITOOLS_TRIMGALORE:TRIMGALORE (TREATMENT_rhIFNa2b_100_REP1),COMPLETED,0,-,quay.io/biocontainers/trim-galore:0.6.7--hdfd78af_0,12,57600000,-,68719476736,1,1715229222690,1715231839000,1715232320000,3097310,479000,-,798.4,1.6,4121874432,6608863232,4174622720,6675984384,70437176821,67831609419,9586348,3019075,0,4626886656,1390683,1118,/input/data/work/ce/b9f5a79bee93ee0cb35b8aa0ce911d,true,-
50,2379721379,hu-worker-c28,66/02528f,nf-6602528fb65485c2daf3e23edb1ee07f,NFCORE_RNASEQ:RNASEQ:FASTQ_FASTQC_UMITOOLS_TRIMGALORE:TRIMGALORE,TREATMENT_rhIFNb_100000_REP2,NFCORE_RNASEQ:RNASEQ:FASTQ_FASTQC_UMITOOLS_TRIMGALORE:TRIMGALORE (TREATMENT_rhIFNb_100000_REP2),COMPLETED,0,-,quay.io/biocontainers/trim-galore:0.6.7--hdfd78af_0,12,57600000,-,68719476736,1,1715229222454,1715231852000,1715232326000,3103546,473000,-,785.5,1.6,4043931648,6532653056,4124598272,6599766016,67428305749,64929690288,9195586,2890731,0,4433272832,1366021,2167,/input/data/work/66/02528fb65485c2daf3e23edb1ee07f,true,-
42,2486253111,hu-worker-c27,2e/fe7baa,nf-2efe7baa74167a56546a36e7c7e0906f,NFCORE_RNASEQ:RNASEQ:FASTQ_FASTQC_UMITOOLS_TRIMGALORE:TRIMGALORE,TREATMENT_rhIFNa2b_100_REP3,NFCORE_RNASEQ:RNASEQ:FASTQ_FASTQC_UMITOOLS_TRIMGALORE:TRIMGALORE (TREATMENT_rhIFNa2b_100_REP3),COMPLETED,0,-,quay.io/biocontainers/trim-galore:0.6.7--hdfd78af_0,12,57600000,-,68719476736,1,1715229222822,1715231851000,1715232342000,3119178,489000,-,787.6,1.6,4218015744,6613123072,4287709184,6673944576,70322125546,67716984172,9585018,3013006,0,4620521472,1434591,1871,/input/data/work/2e/fe7baa74167a56546a36e7c7e0906f,true,-
51,1396083675,hu-worker-c41,f4/ae4fd9,nf-f4ae4fd9b6f2dbb0d88118101c507056,NFCORE_RNASEQ:RNASEQ:FASTQ_FASTQC_UMITOOLS_TRIMGALORE:TRIMGALORE,TREATMENT_rhIFNb_100000_REP3,NFCORE_RNASEQ:RNASEQ:FASTQ_FASTQC_UMITOOLS_TRIMGALORE:TRIMGALORE (TREATMENT_rhIFNb_100000_REP3),COMPLETED,0,-,quay.io/biocontainers/trim-galore:0.6.7--hdfd78af_0,12,57600000,-,68719476736,1,1715229221796,1715232218000,1715232500000,3278204,280000,-,779.4,1.2,3070283776,6613065728,3123646464,6669979648,39766392008,38251585726,5421142,1705780,176939008,2603622400,764417,1904,/input/data/work/f4/ae4fd9b6f2dbb0d88118101c507056,true,-
85,36938984475,hu-worker-c27,6f/d04d06,nf-6fd04d06df76ecfdf6e4f16daa789787,NFCORE_RNASEQ:RNASEQ:ALIGN_STAR:STAR_ALIGN_IGENOMES,TREATMENT_rhIFNb_100_REP1,NFCORE_RNASEQ:RNASEQ:ALIGN_STAR:STAR_ALIGN_IGENOMES (TREATMENT_rhIFNb_100_REP1),COMPLETED,0,-,quay.io/biocontainers/mulled-v2-1fa26d1ce03c295fe2fdcf85831a92fbcbd7e8c2:59cdd445419f14abac76b31dd0d71217994cbcc9-0,12,57600000,-,68719476736,1,1715230196948,1715232345000,1715233337000,3140052,983000,-,804.8,14.2,38343860224,40371789824,38370693120,40371793920,56614160633,9214790185,3766509,1972771,13385728,9215090688,225127,14445,/input/data/work/6f/d04d06df76ecfdf6e4f16daa789787,true,-
86,37018051180,hu-worker-c34,85/5ef53a,nf-855ef53a5814efb0a27fe26f92a3e6e4,NFCORE_RNASEQ:RNASEQ:ALIGN_STAR:STAR_ALIGN_IGENOMES,TREATMENT_rhIFNb_10000_REP2,NFCORE_RNASEQ:RNASEQ:ALIGN_STAR:STAR_ALIGN_IGENOMES (TREATMENT_rhIFNb_10000_REP2),COMPLETED,0,-,quay.io/biocontainers/mulled-v2-1fa26d1ce03c295fe2fdcf85831a92fbcbd7e8c2:59cdd445419f14abac76b31dd0d71217994cbcc9-0,12,57600000,-,68719476736,1,1715230204123,1715232323000,1715233351000,3146877,1011000,-,837.3,14.2,38358364160,40244985856,38371954688,40244989952,57220010200,9349224886,3854898,1991770,8388608,9349509120,205949,15453,/input/data/work/85/5ef53a5814efb0a27fe26f92a3e6e4,true,-
84,36941112947,hu-worker-c28,c8/e632ec,nf-c8e632ec2f14b70029d0b2fe2ea32fe4,NFCORE_RNASEQ:RNASEQ:ALIGN_STAR:STAR_ALIGN_IGENOMES,TREATMENT_mIFNa11_1000_REP3,NFCORE_RNASEQ:RNASEQ:ALIGN_STAR:STAR_ALIGN_IGENOMES (TREATMENT_mIFNa11_1000_REP3),COMPLETED,0,-,quay.io/biocontainers/mulled-v2-1fa26d1ce03c295fe2fdcf85831a92fbcbd7e8c2:59cdd445419f14abac76b31dd0d71217994cbcc9-0,12,57600000,-,68719476736,1,1715230186519,1715232329000,1715233351000,3164481,1001000,-,796.8,14.2,38343901184,40244322304,38370734080,40244326400,56678973622,9284428706,3773225,1997792,13815808,9284714496,218257,15051,/input/data/work/c8/e632ec2f14b70029d0b2fe2ea32fe4,true,-
87,37167094438,hu-worker-c35,11/1804f8,nf-111804f8c3587484e1a1024190f2506f,NFCORE_RNASEQ:RNASEQ:ALIGN_STAR:STAR_ALIGN_IGENOMES,TREATMENT_mIFNa11_1000_REP2,NFCORE_RNASEQ:RNASEQ:ALIGN_STAR:STAR_ALIGN_IGENOMES (TREATMENT_mIFNa11_1000_REP2),COMPLETED,0,-,quay.io/biocontainers/mulled-v2-1fa26d1ce03c295fe2fdcf85831a92fbcbd7e8c2:59cdd445419f14abac76b31dd0d71217994cbcc9-0,12,57600000,-,68719476736,1,1715230236383,1715232320000,1715233365000,3128617,1035000,-,827.8,14.2,38345101312,40244903936,38375174144,40244908032,58658479450,9995927405,4044083,2127688,13377536,9996214272,218695,14662,/input/data/work/11/1804f8c3587484e1a1024190f2506f,true,-
90,37534794119,hu-worker-c42,69/d9cabb,nf-69d9cabb86213f73df180071069340b8,NFCORE_RNASEQ:RNASEQ:ALIGN_STAR:STAR_ALIGN_IGENOMES,TREATMENT_rhINFa2b_10000_REP2,NFCORE_RNASEQ:RNASEQ:ALIGN_STAR:STAR_ALIGN_IGENOMES (TREATMENT_rhINFa2b_10000_REP2),COMPLETED,0,-,quay.io/biocontainers/mulled-v2-1fa26d1ce03c295fe2fdcf85831a92fbcbd7e8c2:59cdd445419f14abac76b31dd0d71217994cbcc9-0,12,57600000,-,68719476736,1,1715230263170,1715232264000,1715233417000,3153830,1143000,-,833.1,14.2,38347436032,40245977088,38380265472,40245981184,61728948853,10972974039,4462541,2276408,8421376,10973278208,257855,16702,/input/data/work/69/d9cabb86213f73df180071069340b8,true,-
89,37358327942,hu-worker-c24,73/e869b3,nf-73e869b3ef7120d9716cea5bd273feba,NFCORE_RNASEQ:RNASEQ:ALIGN_STAR:STAR_ALIGN_IGENOMES,TREATMENT_rhINFa2b_100000_REP1,NFCORE_RNASEQ:RNASEQ:ALIGN_STAR:STAR_ALIGN_IGENOMES (TREATMENT_rhINFa2b_100000_REP1),COMPLETED,0,-,quay.io/biocontainers/mulled-v2-1fa26d1ce03c295fe2fdcf85831a92fbcbd7e8c2:59cdd445419f14abac76b31dd0d71217994cbcc9-0,12,57600000,-,68719476736,1,1715230256652,1715232284000,1715233423000,3166348,1127000,-,833.3,14.2,38347223040,40435703808,38386761728,40435707904,60316215420,10470777971,4269276,2192102,4997120,10471104512,240762,15957,/input/data/work/73/e869b3ef7120d9716cea5bd273feba,true,-
88,37301004663,hu-worker-c25,d9/538a33,nf-d9538a33005113091c31c14ab8f7f1e9,NFCORE_RNASEQ:RNASEQ:ALIGN_STAR:STAR_ALIGN_IGENOMES,TREATMENT_rhIFNb_10000_REP3,NFCORE_RNASEQ:RNASEQ:ALIGN_STAR:STAR_ALIGN_IGENOMES (TREATMENT_rhIFNb_10000_REP3),COMPLETED,0,-,quay.io/biocontainers/mulled-v2-1fa26d1ce03c295fe2fdcf85831a92fbcbd7e8c2:59cdd445419f14abac76b31dd0d71217994cbcc9-0,12,57600000,-,68719476736,1,1715230251951,1715232299000,1715233447000,3195049,1137000,-,849.8,14.2,38346706944,40245501952,38363803648,40245506048,59711579324,10209197003,4189541,2124863,9183232,10209529856,246434,15499,/input/data/work/d9/538a33005113091c31c14ab8f7f1e9,true,-
91,36908365532,hu-worker-c41,e1/b383b5,nf-e1b383b5f7f6b5f92d8ed7394b49bb03,NFCORE_RNASEQ:RNASEQ:ALIGN_STAR:STAR_ALIGN_IGENOMES,TREATMENT_rhIFNb_1000_REP2,NFCORE_RNASEQ:RNASEQ:ALIGN_STAR:STAR_ALIGN_IGENOMES (TREATMENT_rhIFNb_1000_REP2),COMPLETED,0,-,quay.io/biocontainers/mulled-v2-1fa26d1ce03c295fe2fdcf85831a92fbcbd7e8c2:59cdd445419f14abac76b31dd0d71217994cbcc9-0,12,57600000,-,68719476736,1,1715230782760,1715232502000,1715233512000,2729240,996000,-,828.9,14.2,38357651456,40245260288,38384640000,40245264384,56319247475,9045161878,3725558,1946149,36237312,9045524480,213907,27151,/input/data/work/e1/b383b5f7f6b5f92d8ed7394b49bb03,true,-
95,36852331567,hu-worker-c34,13/9429af,nf-139429aff4f6c019a04a02860dc564f4,NFCORE_RNASEQ:RNASEQ:ALIGN_STAR:STAR_ALIGN_IGENOMES,TREATMENT_rhINFa2b_100000_REP3,NFCORE_RNASEQ:RNASEQ:ALIGN_STAR:STAR_ALIGN_IGENOMES (TREATMENT_rhINFa2b_100000_REP3),COMPLETED,0,-,quay.io/biocontainers/mulled-v2-1fa26d1ce03c295fe2fdcf85831a92fbcbd7e8c2:59cdd445419f14abac76b31dd0d71217994cbcc9-0,12,57600000,-,68719476736,1,1715230828141,1715233354000,1715234300000,3471859,938000,-,830.6,14.2,38345330688,40244412416,38372163584,40244416512,55742397617,8882645687,3652626,1915422,12587008,8882921472,191934,6390,/input/data/work/13/9429aff4f6c019a04a02860dc564f4,true,-
94,36781635921,hu-worker-c35,c7/c6b7ff,nf-c7c6b7ff9d43e54c376ac7964e227868,NFCORE_RNASEQ:RNASEQ:ALIGN_STAR:STAR_ALIGN_IGENOMES,TREATMENT_rhIFNb_1000_REP3,NFCORE_RNASEQ:RNASEQ:ALIGN_STAR:STAR_ALIGN_IGENOMES (TREATMENT_rhIFNb_1000_REP3),COMPLETED,0,-,quay.io/biocontainers/mulled-v2-1fa26d1ce03c295fe2fdcf85831a92fbcbd7e8c2:59cdd445419f14abac76b31dd0d71217994cbcc9-0,12,57600000,-,68719476736,1,1715230827273,1715233368000,1715234308000,3480727,931000,-,825.6,14.2,38342553600,40244002816,38369685504,40244006912,55310429315,8707145078,3593701,1893709,163840,8707428352,187409,6220,/input/data/work/c7/c6b7ff9d43e54c376ac7964e227868,true,-
93,36874381191,hu-worker-c28,f1/01ffff,nf-f101ffffff81090593cd6935d227554f,NFCORE_RNASEQ:RNASEQ:ALIGN_STAR:STAR_ALIGN_IGENOMES,TREATMENT_mIFNa11_1000_REP1,NFCORE_RNASEQ:RNASEQ:ALIGN_STAR:STAR_ALIGN_IGENOMES (TREATMENT_mIFNa11_1000_REP1),COMPLETED,0,-,quay.io/biocontainers/mulled-v2-1fa26d1ce03c295fe2fdcf85831a92fbcbd7e8c2:59cdd445419f14abac76b31dd0d71217994cbcc9-0,12,57600000,-,68719476736,1,1715230802350,1715233353000,1715234330000,3527650,967000,-,803.7,14.2,38344138752,40244543488,38384214016,40244547584,55961617867,9011228385,3681344,1938872,4206592,9011499008,206799,9299,/input/data/work/f1/01ffffff81090593cd6935d227554f,true,-
92,36893154820,hu-worker-c27,da/2a3e3a,nf-da2a3e3abe941aa46f21574e9a871c9f,NFCORE_RNASEQ:RNASEQ:ALIGN_STAR:STAR_ALIGN_IGENOMES,TREATMENT_rhIFNb_100_REP3,NFCORE_RNASEQ:RNASEQ:ALIGN_STAR:STAR_ALIGN_IGENOMES (TREATMENT_rhIFNb_100_REP3),COMPLETED,0,-,quay.io/biocontainers/mulled-v2-1fa26d1ce03c295fe2fdcf85831a92fbcbd7e8c2:59cdd445419f14abac76b31dd0d71217994cbcc9-0,12,57600000,-,68719476736,1,1715230783416,1715233339000,1715234337000,3553584,988000,-,789.5,14.2,38343589888,40244326400,38370422784,40244330496,56299792422,9098309687,3726692,1990009,8192,9098604544,215104,6259,/input/data/work/da/2a3e3abe941aa46f21574e9a871c9f,true,-
97,36764553056,hu-worker-c42,61/e08888,nf-61e088880b79a1e3045b8f22285ec5c0,NFCORE_RNASEQ:RNASEQ:ALIGN_STAR:STAR_ALIGN_IGENOMES,TREATMENT_mIFNa11_10000_REP1,NFCORE_RNASEQ:RNASEQ:ALIGN_STAR:STAR_ALIGN_IGENOMES (TREATMENT_mIFNa11_10000_REP1),COMPLETED,0,-,quay.io/biocontainers/mulled-v2-1fa26d1ce03c295fe2fdcf85831a92fbcbd7e8c2:59cdd445419f14abac76b31dd0d71217994cbcc9-0,12,57600000,-,68719476736,1,1715230836965,1715233419000,1715234360000,3523035,924000,-,823.2,14.2,38343753728,40244318208,38370586624,40244322304,55161854991,8695077269,3568815,1899008,4194304,8695353344,199305,8806,/input/data/work/61/e088880b79a1e3045b8f22285ec5c0,true,-
117,36663054683,hu-worker-c25,bc/e163f3,nf-bce163f3c6c11e986f16b8739895a5fd,NFCORE_RNASEQ:RNASEQ:ALIGN_STAR:STAR_ALIGN_IGENOMES,TREATMENT_rhINFa2b_10000_REP1,NFCORE_RNASEQ:RNASEQ:ALIGN_STAR:STAR_ALIGN_IGENOMES (TREATMENT_rhINFa2b_10000_REP1),COMPLETED,0,-,quay.io/biocontainers/mulled-v2-1fa26d1ce03c295fe2fdcf85831a92fbcbd7e8c2:59cdd445419f14abac76b31dd0d71217994cbcc9-0,12,57600000,-,68719476736,1,1715231349346,1715233450000,1715234365000,3015654,906000,-,791.3,14.2,38356054016,40243847168,38382841856,40243851264,54228253968,8298992040,3443191,1831650,4460544,8299245568,199778,7604,/input/data/work/bc/e163f3c6c11e986f16b8739895a5fd,true,-
96,36729411514,hu-worker-c24,e8/7e45ef,nf-e87e45ef1e697b8017be4235168253b6,NFCORE_RNASEQ:RNASEQ:ALIGN_STAR:STAR_ALIGN_IGENOMES,TREATMENT_rhIFNa2b_1000_REP3,NFCORE_RNASEQ:RNASEQ:ALIGN_STAR:STAR_ALIGN_IGENOMES (TREATMENT_rhIFNa2b_1000_REP3),COMPLETED,0,-,quay.io/biocontainers/mulled-v2-1fa26d1ce03c295fe2fdcf85831a92fbcbd7e8c2:59cdd445419f14abac76b31dd0d71217994cbcc9-0,12,57600000,-,68719476736,1,1715230832420,1715233426000,1715234371000,3538580,936000,-,789.2,14.2,38342250496,40306855936,38369083392,40306860032,54778839159,8573078622,3519476,1887724,57344,8573353984,198374,9040,/input/data/work/e8/7e45ef1e697b8017be4235168253b6,true,-
113,36585677786,hu-worker-c41,3d/df30c1,nf-3ddf30c1abdc5f8bbea446d70bb14ef9,NFCORE_RNASEQ:RNASEQ:ALIGN_STAR:STAR_ALIGN_IGENOMES,TREATMENT_mIFNa11_100_REP2,NFCORE_RNASEQ:RNASEQ:ALIGN_STAR:STAR_ALIGN_IGENOMES (TREATMENT_mIFNa11_100_REP2),COMPLETED,0,-,quay.io/biocontainers/mulled-v2-1fa26d1ce03c295fe2fdcf85831a92fbcbd7e8c2:59cdd445419f14abac76b31dd0d71217994cbcc9-0,12,57600000,-,68719476736,1,1715231331968,1715233514000,1715234423000,3091032,899000,-,768.3,14.2,38340763648,40433577984,38354071552,40433582080,53626917415,8201359398,3361739,1842045,2240512,8201621504,203395,12946,/input/data/work/3d/df30c1abdc5f8bbea446d70bb14ef9,true,-
124,36541514760,hu-worker-c35,ae/7991bf,nf-ae7991bfbe84037ba0d3cafa17693704,NFCORE_RNASEQ:RNASEQ:ALIGN_STAR:STAR_ALIGN_IGENOMES,TREATMENT_rhIFNb_1000_REP1,NFCORE_RNASEQ:RNASEQ:ALIGN_STAR:STAR_ALIGN_IGENOMES (TREATMENT_rhIFNb_1000_REP1),COMPLETED,0,-,quay.io/biocontainers/mulled-v2-1fa26d1ce03c295fe2fdcf85831a92fbcbd7e8c2:59cdd445419f14abac76b31dd0d71217994cbcc9-0,12,57600000,-,68719476736,1,1715231362850,1715234310000,1715235198000,3835150,879000,-,811.1,14.2,38342905856,40243695616,38382903296,40243699712,53101735324,7991240817,3290618,1780549,0,7991508992,189079,45372,/input/data/work/ae/7991bfbe84037ba0d3cafa17693704,true,-
120,36512983475,hu-worker-c28,00/e81b24,nf-00e81b24ca9ff466734e8c7488260649,NFCORE_RNASEQ:RNASEQ:ALIGN_STAR:STAR_ALIGN_IGENOMES,TREATMENT_rhIFNa2b_1000_REP1,NFCORE_RNASEQ:RNASEQ:ALIGN_STAR:STAR_ALIGN_IGENOMES (TREATMENT_rhIFNa2b_1000_REP1),COMPLETED,0,-,quay.io/biocontainers/mulled-v2-1fa26d1ce03c295fe2fdcf85831a92fbcbd7e8c2:59cdd445419f14abac76b31dd0d71217994cbcc9-0,12,57600000,-,68719476736,1,1715231356813,1715234333000,1715235214000,3857187,871000,-,771.8,14.2,38340837376,40307011584,38370910208,40307015680,52918192032,7869973858,3265652,1781116,4206592,7870242816,180152,43381,/input/data/work/00/e81b24ca9ff466734e8c7488260649,true,-
122,36481643777,hu-worker-c27,f9/ff8181,nf-f9ff8181025658950b91d49d048319ff,NFCORE_RNASEQ:RNASEQ:ALIGN_STAR:STAR_ALIGN_IGENOMES,TREATMENT_mIFNa11_10000_REP2,NFCORE_RNASEQ:RNASEQ:ALIGN_STAR:STAR_ALIGN_IGENOMES (TREATMENT_mIFNa11_10000_REP2),COMPLETED,0,-,quay.io/biocontainers/mulled-v2-1fa26d1ce03c295fe2fdcf85831a92fbcbd7e8c2:59cdd445419f14abac76b31dd0d71217994cbcc9-0,12,57600000,-,68719476736,1,1715231360673,1715234340000,1715235212000,3851327,863000,-,804.9,14.2,38342352896,40307736576,38369185792,40307740672,52598223907,7778276595,3220358,1749448,4096,7778533376,158899,3202,/input/data/work/f9/ff8181025658950b91d49d048319ff,true,-
114,36564629861,hu-worker-c34,77/820935,nf-7782093564460e32e7e1dedf20f5776a,NFCORE_RNASEQ:RNASEQ:ALIGN_STAR:STAR_ALIGN_IGENOMES,TREATMENT_rhIFNb_100000_REP1,NFCORE_RNASEQ:RNASEQ:ALIGN_STAR:STAR_ALIGN_IGENOMES (TREATMENT_rhIFNb_100000_REP1),COMPLETED,0,-,quay.io/biocontainers/mulled-v2-1fa26d1ce03c295fe2fdcf85831a92fbcbd7e8c2:59cdd445419f14abac76b31dd0d71217994cbcc9-0,12,57600000,-,68719476736,1,1715231339150,1715234312000,1715235217000,3877850,896000,-,802.6,14.2,38342135808,40307011584,38368968704,40307015680,53295784121,8084958379,3313090,1786977,4194304,8085221376,186529,13968,/input/data/work/77/82093564460e32e7e1dedf20f5776a,true,-
118,36463433761,hu-worker-c42,bb/4f27ef,nf-bb4f27ef57116c69e403018690710773,NFCORE_RNASEQ:RNASEQ:ALIGN_STAR:STAR_ALIGN_IGENOMES,TREATMENT_rhIFNb_10000_REP1,NFCORE_RNASEQ:RNASEQ:ALIGN_STAR:STAR_ALIGN_IGENOMES (TREATMENT_rhIFNb_10000_REP1),COMPLETED,0,-,quay.io/biocontainers/mulled-v2-1fa26d1ce03c295fe2fdcf85831a92fbcbd7e8c2:59cdd445419f14abac76b31dd0d71217994cbcc9-0,12,57600000,-,68719476736,1,1715231356587,1715234363000,1715235238000,3881413,868000,-,791.0,14.2,38341279744,40243232768,38368112640,40243236864,52342975271,7649935045,3190423,1704441,0,7650201600,179222,58815,/input/data/work/bb/4f27ef57116c69e403018690710773,true,-
128,36438770809,hu-worker-c24,ec/c925ec,nf-ecc925ec847ce1c6ade239b2aedcb867,NFCORE_RNASEQ:RNASEQ:ALIGN_STAR:STAR_ALIGN_IGENOMES,TREATMENT_rhIFNb_100_REP2,NFCORE_RNASEQ:RNASEQ:ALIGN_STAR:STAR_ALIGN_IGENOMES (TREATMENT_rhIFNb_100_REP2),COMPLETED,0,-,quay.io/biocontainers/mulled-v2-1fa26d1ce03c295fe2fdcf85831a92fbcbd7e8c2:59cdd445419f14abac76b31dd0d71217994cbcc9-0,12,57600000,-,68719476736,1,1715231832882,1715234374000,1715235236000,3403118,853000,-,771.7,14.2,38341296128,40243187712,38368124928,40243191808,52215001741,7656611007,3167901,1722382,0,7656882176,173089,27082,/input/data/work/ec/c925ec847ce1c6ade239b2aedcb867,true,-
126,36462238484,hu-worker-c25,db/d03eea,nf-dbd03eeab238391e6351766b1e37434a,NFCORE_RNASEQ:RNASEQ:ALIGN_STAR:STAR_ALIGN_IGENOMES,TREATMENT_rhINFa2b_100000_REP2,NFCORE_RNASEQ:RNASEQ:ALIGN_STAR:STAR_ALIGN_IGENOMES (TREATMENT_rhINFa2b_100000_REP2),COMPLETED,0,-,quay.io/biocontainers/mulled-v2-1fa26d1ce03c295fe2fdcf85831a92fbcbd7e8c2:59cdd445419f14abac76b31dd0d71217994cbcc9-0,12,57600000,-,68719476736,1,1715231437974,1715234368000,1715235249000,3811026,871000,-,778.6,14.2,38341615616,40243032064,38381686784,40243036160,52359312422,7706890179,3185659,1731040,12632064,7707185152,193493,20777,/input/data/work/db/d03eeab238391e6351766b1e37434a,true,-
141,36438761584,hu-worker-c41,bb/30a9a0,nf-bb30a9a011d91e407a78049c54c853ef,NFCORE_RNASEQ:RNASEQ:ALIGN_STAR:STAR_ALIGN_IGENOMES,TREATMENT_mIFNa11_100_REP1,NFCORE_RNASEQ:RNASEQ:ALIGN_STAR:STAR_ALIGN_IGENOMES (TREATMENT_mIFNa11_100_REP1),COMPLETED,0,-,quay.io/biocontainers/mulled-v2-1fa26d1ce03c295fe2fdcf85831a92fbcbd7e8c2:59cdd445419f14abac76b31dd0d71217994cbcc9-0,12,57600000,-,68719476736,1,1715231857640,1715234426000,1715235311000,3453360,875000,-,751.4,14.2,38340378624,40243077120,38367211520,40243081216,52196578788,7732053669,3164427,1737123,31109120,7732318208,166892,65231,/input/data/work/bb/30a9a011d91e407a78049c54c853ef,true,-
134,36336757094,hu-worker-c34,43/664b88,nf-43664b885f4f70050efab780460b1ac2,NFCORE_RNASEQ:RNASEQ:ALIGN_STAR:STAR_ALIGN_IGENOMES,TREATMENT_mIFNa11_10000_REP3,NFCORE_RNASEQ:RNASEQ:ALIGN_STAR:STAR_ALIGN_IGENOMES (TREATMENT_mIFNa11_10000_REP3),COMPLETED,0,-,quay.io/biocontainers/mulled-v2-1fa26d1ce03c295fe2fdcf85831a92fbcbd7e8c2:59cdd445419f14abac76b31dd0d71217994cbcc9-0,12,57600000,-,68719476736,1,1715231852661,1715235219000,1715236035000,4182339,808000,-,783.2,14.2,38340222976,40243142656,38364143616,40243146752,51358126349,7383647856,3043948,1676400,4194304,7383900160,164409,3947,/input/data/work/43/664b885f4f70050efab780460b1ac2,true,-
143,36325214992,hu-worker-c42,01/98ab07,nf-0198ab0787978ac5611abd3c9c8bd782,NFCORE_RNASEQ:RNASEQ:ALIGN_STAR:STAR_ALIGN_IGENOMES,CONTROL_REP2,NFCORE_RNASEQ:RNASEQ:ALIGN_STAR:STAR_ALIGN_IGENOMES (CONTROL_REP2),COMPLETED,0,-,quay.io/biocontainers/mulled-v2-1fa26d1ce03c295fe2fdcf85831a92fbcbd7e8c2:59cdd445419f14abac76b31dd0d71217994cbcc9-0,12,57600000,-,68719476736,1,1715231922558,1715235241000,1715236040000,4117442,790000,-,760.1,14.2,38339432448,40242094080,38366265344,40242098176,51250163309,7257337263,3038141,1619397,0,7257595904,167143,20291,/input/data/work/01/98ab0787978ac5611abd3c9c8bd782,true,-
139,36375745701,hu-worker-c27,07/2e91d1,nf-072e91d1d4eb2ec53d9ec2dc39b8d647,NFCORE_RNASEQ:RNASEQ:ALIGN_STAR:STAR_ALIGN_IGENOMES,TREATMENT_rhIFNa2b_1000_REP2,NFCORE_RNASEQ:RNASEQ:ALIGN_STAR:STAR_ALIGN_IGENOMES (TREATMENT_rhIFNa2b_1000_REP2),COMPLETED,0,-,quay.io/biocontainers/mulled-v2-1fa26d1ce03c295fe2fdcf85831a92fbcbd7e8c2:59cdd445419f14abac76b31dd0d71217994cbcc9-0,12,57600000,-,68719476736,1,1715231853208,1715235215000,1715236046000,4192792,820000,-,778.2,14.2,38339907584,40242339840,38353219584,40242343936,51726374728,7485975531,3102218,1697337,16384,7486242816,152917,3094,/input/data/work/07/2e91d1d4eb2ec53d9ec2dc39b8d647,true,-
137,36325214992,hu-worker-c24,a4/a0d518,nf-a4a0d5183057af00bbc5c4bebc3c705c,NFCORE_RNASEQ:RNASEQ:ALIGN_STAR:STAR_ALIGN_IGENOMES,CONTROL_REP3,NFCORE_RNASEQ:RNASEQ:ALIGN_STAR:STAR_ALIGN_IGENOMES (CONTROL_REP3),COMPLETED,0,-,quay.io/biocontainers/mulled-v2-1fa26d1ce03c295fe2fdcf85831a92fbcbd7e8c2:59cdd445419f14abac76b31dd0d71217994cbcc9-0,12,57600000,-,68719476736,1,1715231852896,1715235239000,1715236059000,4206104,801000,-,757.7,14.2,38336561152,40222961664,38363394048,40222965760,51250163541,7257470315,3038397,1619379,4198400,7257726976,157903,13245,/input/data/work/a4/a0d5183057af00bbc5c4bebc3c705c,true,-
130,36400299118,hu-worker-c35,07/c80401,nf-07c804017cf51eb45c2fcd3ff542c841,NFCORE_RNASEQ:RNASEQ:ALIGN_STAR:STAR_ALIGN_IGENOMES,TREATMENT_mIFNa11_100000_REP1,NFCORE_RNASEQ:RNASEQ:ALIGN_STAR:STAR_ALIGN_IGENOMES (TREATMENT_mIFNa11_100000_REP1),COMPLETED,0,-,quay.io/biocontainers/mulled-v2-1fa26d1ce03c295fe2fdcf85831a92fbcbd7e8c2:59cdd445419f14abac76b31dd0d71217994cbcc9-0,12,57600000,-,68719476736,1,1715231837640,1715235200000,1715236062000,4224360,845000,-,795.2,14.2,38342766592,40243662848,38382841856,40243666944,52026172366,7581214872,3139036,1721882,8192,7581466624,182184,40797,/input/data/work/07/c804017cf51eb45c2fcd3ff542c841,true,-
133,36360277361,hu-worker-c28,1c/ddfee3,nf-1cddfee3cb818dd61d905595d80b8340,NFCORE_RNASEQ:RNASEQ:ALIGN_STAR:STAR_ALIGN_IGENOMES,TREATMENT_rhIFNa2b_100_REP2,NFCORE_RNASEQ:RNASEQ:ALIGN_STAR:STAR_ALIGN_IGENOMES (TREATMENT_rhIFNa2b_100_REP2),COMPLETED,0,-,quay.io/biocontainers/mulled-v2-1fa26d1ce03c295fe2fdcf85831a92fbcbd7e8c2:59cdd445419f14abac76b31dd0d71217994cbcc9-0,12,57600000,-,68719476736,1,1715231847702,1715235217000,1715236063000,4215298,823000,-,758.5,14.2,38338797568,40369664000,38365630464,40369668096,51609533052,7404619056,3085177,1682143,8192,7404867584,171867,15778,/input/data/work/1c/ddfee3cb818dd61d905595d80b8340,true,-
152,36325214992,hu-worker-c25,16/328fe8,nf-16328fe89941a86708d80c89906bcfd9,NFCORE_RNASEQ:RNASEQ:ALIGN_STAR:STAR_ALIGN_IGENOMES,CONTROL_REP1,NFCORE_RNASEQ:RNASEQ:ALIGN_STAR:STAR_ALIGN_IGENOMES (CONTROL_REP1),COMPLETED,0,-,quay.io/biocontainers/mulled-v2-1fa26d1ce03c295fe2fdcf85831a92fbcbd7e8c2:59cdd445419f14abac76b31dd0d71217994cbcc9-0,12,57600000,-,68719476736,1,1715232325650,1715235251000,1715236070000,3744350,809000,-,755.8,14.2,38334656512,40305991680,38365986816,40305995776,51250163883,7257268964,3037494,1619399,4227072,7257538560,165595,45995,/input/data/work/16/328fe89941a86708d80c89906bcfd9,true,-
155,36325214992,hu-worker-c41,2e/414031,nf-2e41403163463fe3101a71cf4ff1656b,NFCORE_RNASEQ:RNASEQ:ALIGN_STAR:STAR_ALIGN_IGENOMES,TREATMENT_rhIFNa2b_100_REP1,NFCORE_RNASEQ:RNASEQ:ALIGN_STAR:STAR_ALIGN_IGENOMES (TREATMENT_rhIFNa2b_100_REP1),COMPLETED,0,-,quay.io/biocontainers/mulled-v2-1fa26d1ce03c295fe2fdcf85831a92fbcbd7e8c2:59cdd445419f14abac76b31dd0d71217994cbcc9-0,12,57600000,-,68719476736,1,1715232329437,1715235313000,1715236145000,3815563,823000,-,754.1,14.2,38339231744,40241967104,38366064640,40241971200,51250163856,7308162184,3033843,1671584,29356032,7308419072,167178,65989,/input/data/work/2e/41403163463fe3101a71cf4ff1656b,true,-
172,4803968912,hu-worker-c41,c6/edd6fe,nf-c6edd6fe264ea9f362fcbf2d6d6c1ea1,NFCORE_RNASEQ:RNASEQ:ALIGN_STAR:BAM_SORT_STATS_SAMTOOLS:SAMTOOLS_SORT,TREATMENT_rhINFa2b_100000_REP1,NFCORE_RNASEQ:RNASEQ:ALIGN_STAR:BAM_SORT_STATS_SAMTOOLS:SAMTOOLS_SORT (TREATMENT_rhINFa2b_100000_REP1),COMPLETED,0,-,quay.io/biocontainers/samtools:1.17--h00cdaf9_0,6,28800000,-,38654705664,1,1715233438758,1715236148000,1715236241000,2802242,91000,-,570.5,2.0,5421969408,6525218816,5425524736,6543872000,7444715746,5079817004,3789,2703,6086656,5083131904,122331,291,/input/data/work/c6/edd6fe264ea9f362fcbf2d6d6c1ea1,true,-
170,5028366504,hu-worker-c41,43/f19a0a,nf-43f19a0a97f72ebb3a236377e1d46211,NFCORE_RNASEQ:RNASEQ:ALIGN_STAR:BAM_SORT_STATS_SAMTOOLS:SAMTOOLS_SORT,TREATMENT_rhINFa2b_10000_REP2,NFCORE_RNASEQ:RNASEQ:ALIGN_STAR:BAM_SORT_STATS_SAMTOOLS:SAMTOOLS_SORT (TREATMENT_rhINFa2b_10000_REP2),COMPLETED,0,-,quay.io/biocontainers/samtools:1.17--h00cdaf9_0,6,28800000,-,38654705664,1,1715233432031,1715236148000,1715236242000,2809969,93000,-,574.4,1.9,5152350208,6229897216,5425831936,6544384000,7719674798,5245354098,3920,2767,3076096,5248757760,112484,275,/input/data/work/43/f19a0a97f72ebb3a236377e1d46211,true,-
228,2554191942,hu-worker-c24,49/2517e6,nf-492517e6b32d22c55de1a830cce747ba,NFCORE_RNASEQ:RNASEQ:ALIGN_STAR:BAM_SORT_STATS_SAMTOOLS:SAMTOOLS_INDEX,TREATMENT_rhINFa2b_10000_REP2,NFCORE_RNASEQ:RNASEQ:ALIGN_STAR:BAM_SORT_STATS_SAMTOOLS:SAMTOOLS_INDEX (TREATMENT_rhINFa2b_10000_REP2),COMPLETED,0,-,quay.io/biocontainers/samtools:1.17--h00cdaf9_0,2,14400000,-,12884901888,1,1715236246344,1715236247000,1715236272000,25656,25000,-,138.7,0.0,23556096,181198848,23556096,231661568,2554332728,2693603,78178,675,8601600,2699264,181296,86,/input/data/work/49/2517e6b32d22c55de1a830cce747ba,true,-
226,2439216305,hu-worker-c25,28/c9995e,nf-28c9995ece563e0b174351b8d59e766c,NFCORE_RNASEQ:RNASEQ:ALIGN_STAR:BAM_SORT_STATS_SAMTOOLS:SAMTOOLS_INDEX,TREATMENT_rhINFa2b_100000_REP1,NFCORE_RNASEQ:RNASEQ:ALIGN_STAR:BAM_SORT_STATS_SAMTOOLS:SAMTOOLS_INDEX (TREATMENT_rhINFa2b_100000_REP1),COMPLETED,0,-,quay.io/biocontainers/samtools:1.17--h00cdaf9_0,2,14400000,-,12884901888,1,1715236241539,1715236242000,1715236284000,42461,42000,-,92.4,0.0,25571328,183324672,25571328,231661568,2439357447,2639812,74668,662,13074432,2646016,212263,347,/input/data/work/28/c9995ece563e0b174351b8d59e766c,true,-
168,4540444809,hu-worker-c41,69/87dd2c,nf-6987dd2cb71877e6db156abc5b4d0366,NFCORE_RNASEQ:RNASEQ:ALIGN_STAR:BAM_SORT_STATS_SAMTOOLS:SAMTOOLS_SORT,TREATMENT_mIFNa11_1000_REP2,NFCORE_RNASEQ:RNASEQ:ALIGN_STAR:BAM_SORT_STATS_SAMTOOLS:SAMTOOLS_SORT (TREATMENT_mIFNa11_1000_REP2),COMPLETED,0,-,quay.io/biocontainers/samtools:1.17--h00cdaf9_0,6,28800000,-,38654705664,1,1715233377025,1715236245000,1715236333000,2955975,86000,-,569.4,1.9,5155221504,6229897216,5429620736,6545817600,7140802707,4906328805,3645,2630,167936,4909551616,118205,310,/input/data/work/69/87dd2cb71877e6db156abc5b4d0366,true,-
174,4685332675,hu-worker-c41,66/5b2d65,nf-665b2d658011be9477a485e97c976b86,NFCORE_RNASEQ:RNASEQ:ALIGN_STAR:BAM_SORT_STATS_SAMTOOLS:SAMTOOLS_SORT,TREATMENT_rhIFNb_10000_REP3,NFCORE_RNASEQ:RNASEQ:ALIGN_STAR:BAM_SORT_STATS_SAMTOOLS:SAMTOOLS_SORT (TREATMENT_rhIFNb_10000_REP3),COMPLETED,0,-,quay.io/biocontainers/samtools:1.17--h00cdaf9_0,6,28800000,-,38654705664,1,1715233455048,1715236243000,1715236332000,2876952,87000,-,578.7,1.9,5154451456,6229897216,5428916224,6545223680,7315388372,4994967744,3727,2656,688128,4998221824,109034,220,/input/data/work/66/5b2d658011be9477a485e97c976b86,true,-
230,2306117042,hu-worker-c35,4b/d241f0,nf-4bd241f0cd5d79420b39d6aebfbb5c64,NFCORE_RNASEQ:RNASEQ:ALIGN_STAR:BAM_SORT_STATS_SAMTOOLS:SAMTOOLS_INDEX,TREATMENT_mIFNa11_1000_REP2,NFCORE_RNASEQ:RNASEQ:ALIGN_STAR:BAM_SORT_STATS_SAMTOOLS:SAMTOOLS_INDEX (TREATMENT_mIFNa11_1000_REP2),COMPLETED,0,-,quay.io/biocontainers/samtools:1.17--h00cdaf9_0,2,14400000,-,12884901888,1,1715236336123,1715236337000,1715236361000,24877,24000,-,146.5,0.0,23265280,181043200,23265280,231661568,2306257540,2587659,70608,649,12922880,2592768,169370,53,/input/data/work/4b/d241f0cd5d79420b39d6aebfbb5c64,true,-
232,2365058184,hu-worker-c34,29/cf4863,nf-29cf486317b1459a4c19900d5b7c7b24,NFCORE_RNASEQ:RNASEQ:ALIGN_STAR:BAM_SORT_STATS_SAMTOOLS:SAMTOOLS_INDEX,TREATMENT_rhIFNb_10000_REP3,NFCORE_RNASEQ:RNASEQ:ALIGN_STAR:BAM_SORT_STATS_SAMTOOLS:SAMTOOLS_INDEX (TREATMENT_rhIFNb_10000_REP3),COMPLETED,0,-,quay.io/biocontainers/samtools:1.17--h00cdaf9_0,2,14400000,-,12884901888,1,1715236336292,1715236337000,1715236361000,24708,24000,-,131.0,0.0,22880256,180596736,22880256,231661568,2365198643,2585814,72408,649,0,2592768,166275,50,/input/data/work/29/cf486317b1459a4c19900d5b7c7b24,true,-
164,4269265545,hu-worker-c41,ac/7b8879,nf-ac7b88794a4bf2d6c23bce214fb3d2f6,NFCORE_RNASEQ:RNASEQ:ALIGN_STAR:BAM_SORT_STATS_SAMTOOLS:SAMTOOLS_SORT,TREATMENT_rhIFNb_10000_REP2,NFCORE_RNASEQ:RNASEQ:ALIGN_STAR:BAM_SORT_STATS_SAMTOOLS:SAMTOOLS_SORT (TREATMENT_rhIFNb_10000_REP2),COMPLETED,0,-,quay.io/biocontainers/samtools:1.17--h00cdaf9_0,6,28800000,-,38654705664,1,1715233358724,1715236334000,1715236414000,3055276,79000,-,561.8,1.9,5149933568,6227800064,5429043200,6545657856,6195049010,4089937580,3189,2169,118784,4092534784,87200,238,/input/data/work/ac/7b88794a4bf2d6c23bce214fb3d2f6,true,-
166,4221100098,hu-worker-c41,5f/3f5819,nf-5f3f5819a99938c568756b76dbe44ac4,NFCORE_RNASEQ:RNASEQ:ALIGN_STAR:BAM_SORT_STATS_SAMTOOLS:SAMTOOLS_SORT,TREATMENT_mIFNa11_1000_REP3,NFCORE_RNASEQ:RNASEQ:ALIGN_STAR:BAM_SORT_STATS_SAMTOOLS:SAMTOOLS_SORT (TREATMENT_mIFNa11_1000_REP3),COMPLETED,0,-,quay.io/biocontainers/samtools:1.17--h00cdaf9_0,6,28800000,-,38654705664,1,1715233363886,1715236335000,1715236416000,3052114,79000,-,556.3,1.9,5150183424,6227800064,5428756480,6545653760,6140964270,4071160155,3164,2161,139264,4073742336,91691,251,/input/data/work/5f/3f5819a99938c568756b76dbe44ac4,true,-
236,2151438971,hu-worker-c27,62/31f650,nf-6231f650540a191c9c9168a02750dfe2,NFCORE_RNASEQ:RNASEQ:ALIGN_STAR:BAM_SORT_STATS_SAMTOOLS:SAMTOOLS_INDEX,TREATMENT_mIFNa11_1000_REP3,NFCORE_RNASEQ:RNASEQ:ALIGN_STAR:BAM_SORT_STATS_SAMTOOLS:SAMTOOLS_INDEX (TREATMENT_mIFNa11_1000_REP3),COMPLETED,0,-,quay.io/biocontainers/samtools:1.17--h00cdaf9_0,2,14400000,-,12884901888,1,1715236421333,1715236422000,1715236445000,23667,23000,-,123.0,0.0,22417408,180047872,22417408,231661568,2151580082,2527679,65886,634,8687616,2531328,157769,58,/input/data/work/62/31f650540a191c9c9168a02750dfe2,true,-
234,2164297107,hu-worker-c35,c0/48f541,nf-c048f541ebc0d080eaa1b6a136483bef,NFCORE_RNASEQ:RNASEQ:ALIGN_STAR:BAM_SORT_STATS_SAMTOOLS:SAMTOOLS_INDEX,TREATMENT_rhIFNb_10000_REP2,NFCORE_RNASEQ:RNASEQ:ALIGN_STAR:BAM_SORT_STATS_SAMTOOLS:SAMTOOLS_INDEX (TREATMENT_rhIFNb_10000_REP2),COMPLETED,0,-,quay.io/biocontainers/samtools:1.17--h00cdaf9_0,2,14400000,-,12884901888,1,1715236416427,1715236417000,1715236458000,41573,41000,-,92.9,0.0,25534464,183480320,25534464,231661568,2164437574,2497533,66279,627,12587008,2502656,192955,172,/input/data/work/c0/48f541ebc0d080eaa1b6a136483bef,true,-
162,4210560325,hu-worker-c41,67/d9ca57,nf-67d9ca57e7d9158afb8681e91b1c86a7,NFCORE_RNASEQ:RNASEQ:ALIGN_STAR:BAM_SORT_STATS_SAMTOOLS:SAMTOOLS_SORT,TREATMENT_rhIFNb_100_REP1,NFCORE_RNASEQ:RNASEQ:ALIGN_STAR:BAM_SORT_STATS_SAMTOOLS:SAMTOOLS_SORT (TREATMENT_rhIFNb_100_REP1),COMPLETED,0,-,quay.io/biocontainers/samtools:1.17--h00cdaf9_0,6,28800000,-,38654705664,1,1715233357175,1715236417000,1715236495000,3137825,76000,-,571.8,1.9,5151105024,6381355008,5430079488,6546595840,6151175895,4093458087,3169,2150,114688,4096024576,87419,223,/input/data/work/67/d9ca57e7d9158afb8681e91b1c86a7,true,-
176,4133390129,hu-worker-c41,5d/9a8472,nf-5d9a84729a78181d736aa1feae2e2b0f,NFCORE_RNASEQ:RNASEQ:ALIGN_STAR:BAM_SORT_STATS_SAMTOOLS:SAMTOOLS_SORT,TREATMENT_rhIFNb_1000_REP2,NFCORE_RNASEQ:RNASEQ:ALIGN_STAR:BAM_SORT_STATS_SAMTOOLS:SAMTOOLS_SORT (TREATMENT_rhIFNb_1000_REP2),COMPLETED,0,-,quay.io/biocontainers/samtools:1.17--h00cdaf9_0,6,28800000,-,38654705664,1,1715233513114,1715236418000,1715236494000,2980886,75000,-,573.5,1.9,5151023104,6227800064,5429874688,6546534400,6060401874,4038612344,3125,2133,143360,4041158656,90572,293,/input/data/work/5d/9a84729a78181d736aa1feae2e2b0f,true,-
240,2111743596,hu-worker-c42,65/861073,nf-658610737e7db04009fc268e0b93d282,NFCORE_RNASEQ:RNASEQ:ALIGN_STAR:BAM_SORT_STATS_SAMTOOLS:SAMTOOLS_INDEX,TREATMENT_rhIFNb_1000_REP2,NFCORE_RNASEQ:RNASEQ:ALIGN_STAR:BAM_SORT_STATS_SAMTOOLS:SAMTOOLS_INDEX (TREATMENT_rhIFNb_1000_REP2),COMPLETED,0,-,quay.io/biocontainers/samtools:1.17--h00cdaf9_0,2,14400000,-,12884901888,1,1715236496536,1715236497000,1715236517000,20464,20000,-,136.9,0.0,21401600,179298304,21401600,231661568,2111884147,2552134,64675,640,0,2555904,139245,50,/input/data/work/65/8610737e7db04009fc268e0b93d282,true,-
238,2152985502,hu-worker-c27,a2/38c854,nf-a238c8548233a16db53592bfc2684f21,NFCORE_RNASEQ:RNASEQ:ALIGN_STAR:BAM_SORT_STATS_SAMTOOLS:SAMTOOLS_INDEX,TREATMENT_rhIFNb_100_REP1,NFCORE_RNASEQ:RNASEQ:ALIGN_STAR:BAM_SORT_STATS_SAMTOOLS:SAMTOOLS_INDEX (TREATMENT_rhIFNb_100_REP1),COMPLETED,0,-,quay.io/biocontainers/samtools:1.17--h00cdaf9_0,2,14400000,-,12884901888,1,1715236496276,1715236497000,1715236534000,37724,37000,-,96.5,0.0,24383488,182198272,24383488,231661568,2153126611,2569950,65936,645,0,2576384,179638,173,/input/data/work/a2/38c8548233a16db53592bfc2684f21,true,-
182,4108742848,hu-worker-c41,7f/2a159d,nf-7f2a159d6375292e515c7df7542169a5,NFCORE_RNASEQ:RNASEQ:ALIGN_STAR:BAM_SORT_STATS_SAMTOOLS:SAMTOOLS_SORT,TREATMENT_mIFNa11_1000_REP1,NFCORE_RNASEQ:RNASEQ:ALIGN_STAR:BAM_SORT_STATS_SAMTOOLS:SAMTOOLS_SORT (TREATMENT_mIFNa11_1000_REP1),COMPLETED,0,-,quay.io/biocontainers/samtools:1.17--h00cdaf9_0,6,28800000,-,38654705664,1,1715234340463,1715236498000,1715236575000,2234537,76000,-,569.6,1.9,5150142464,6227800064,5428711424,6545469440,6040764372,4030755734,3117,2126,135168,4033294336,86514,235,/input/data/work/7f/2a159d6375292e515c7df7542169a5,true,-
184,4113041057,hu-worker-c41,4d/fc52e5,nf-4dfc52e5a5593f655bfead3b03b3c17d,NFCORE_RNASEQ:RNASEQ:ALIGN_STAR:BAM_SORT_STATS_SAMTOOLS:SAMTOOLS_SORT,TREATMENT_rhIFNb_100_REP3,NFCORE_RNASEQ:RNASEQ:ALIGN_STAR:BAM_SORT_STATS_SAMTOOLS:SAMTOOLS_SORT (TREATMENT_rhIFNb_100_REP3),COMPLETED,0,-,quay.io/biocontainers/samtools:1.17--h00cdaf9_0,6,28800000,-,38654705664,1,1715234352605,1715236496000,1715236575000,2222395,77000,-,563.2,1.9,5153505280,6227800064,5433442304,6548029440,6023631849,4030043134,3108,2141,118784,4032602112,91158,207,/input/data/work/4d/fc52e5a5593f655bfead3b03b3c17d,true,-
242,2098877197,hu-worker-c25,88/010bac,nf-88010bac8feabe490e4bdd9e826f6275,NFCORE_RNASEQ:RNASEQ:ALIGN_STAR:BAM_SORT_STATS_SAMTOOLS:SAMTOOLS_INDEX,TREATMENT_mIFNa11_1000_REP1,NFCORE_RNASEQ:RNASEQ:ALIGN_STAR:BAM_SORT_STATS_SAMTOOLS:SAMTOOLS_INDEX (TREATMENT_mIFNa11_1000_REP1),COMPLETED,0,-,quay.io/biocontainers/samtools:1.17--h00cdaf9_0,2,14400000,-,12884901888,1,1715236576727,1715236577000,1715236599000,22273,22000,-,136.7,0.0,23588864,181174272,23588864,231661568,2099018321,2509841,64284,630,10887168,2514944,170938,80,/input/data/work/88/010bac8feabe490e4bdd9e826f6275,true,-
244,2119595329,hu-worker-c27,bc/dcbfec,nf-bcdcbfec7e0813110275eabc24a4918b,NFCORE_RNASEQ:RNASEQ:ALIGN_STAR:BAM_SORT_STATS_SAMTOOLS:SAMTOOLS_INDEX,TREATMENT_rhIFNb_100_REP3,NFCORE_RNASEQ:RNASEQ:ALIGN_STAR:BAM_SORT_STATS_SAMTOOLS:SAMTOOLS_INDEX (TREATMENT_rhIFNb_100_REP3),COMPLETED,0,-,quay.io/biocontainers/samtools:1.17--h00cdaf9_0,2,14400000,-,12884901888,1,1715236576814,1715236577000,1715236616000,39186,38000,-,96.1,0.0,24326144,182206464,24326144,231661568,2119736462,2577168,64915,646,4194304,2580480,173738,199,/input/data/work/bc/dcbfec7e0813110275eabc24a4918b,true,-
160,35313982633,hu-worker-c25,0f/d94e65,nf-0fd94e65534d4c6c8a5e4f9df14319e8,NFCORE_RNASEQ:RNASEQ:ALIGN_STAR:STAR_ALIGN_IGENOMES,TREATMENT_rhIFNb_100000_REP3,NFCORE_RNASEQ:RNASEQ:ALIGN_STAR:STAR_ALIGN_IGENOMES (TREATMENT_rhIFNb_100000_REP3),COMPLETED,0,-,quay.io/biocontainers/mulled-v2-1fa26d1ce03c295fe2fdcf85831a92fbcbd7e8c2:59cdd445419f14abac76b31dd0d71217994cbcc9-0,12,57600000,-,68719476736,1,1715232504306,1715236072000,1715236635000,4130694,558000,-,670.9,14.2,38317379584,40211517440,38319312896,40211521536,42270971974,4187810552,1803171,1111958,8192,4188004352,104730,46346,/input/data/work/0f/d94e65534d4c6c8a5e4f9df14319e8,true,-
178,4077594945,hu-worker-c41,a6/0f2162,nf-a60f2162730da266d2048747c5045e3c,NFCORE_RNASEQ:RNASEQ:ALIGN_STAR:BAM_SORT_STATS_SAMTOOLS:SAMTOOLS_SORT,TREATMENT_rhINFa2b_100000_REP3,NFCORE_RNASEQ:RNASEQ:ALIGN_STAR:BAM_SORT_STATS_SAMTOOLS:SAMTOOLS_SORT (TREATMENT_rhINFa2b_100000_REP3),COMPLETED,0,-,quay.io/biocontainers/samtools:1.17--h00cdaf9_0,6,28800000,-,38654705664,1,1715234308985,1715236578000,1715236654000,2345015,75000,-,563.4,1.9,5158866944,6525095936,5425192960,6543769600,6003298195,4018083026,3098,2126,143360,4020621312,89562,222,/input/data/work/a6/0f2162730da266d2048747c5045e3c,true,-
180,3958213077,hu-worker-c41,12/39fbe7,nf-1239fbe75a3af00653664e999eb0413b,NFCORE_RNASEQ:RNASEQ:ALIGN_STAR:BAM_SORT_STATS_SAMTOOLS:SAMTOOLS_SORT,TREATMENT_rhIFNb_1000_REP3,NFCORE_RNASEQ:RNASEQ:ALIGN_STAR:BAM_SORT_STATS_SAMTOOLS:SAMTOOLS_SORT (TREATMENT_rhIFNb_1000_REP3),COMPLETED,0,-,quay.io/biocontainers/samtools:1.17--h00cdaf9_0,6,28800000,-,38654705664,1,1715234321248,1715236578000,1715236652000,2330752,73000,-,571.6,1.9,5151526912,6227800064,5431988224,6546800640,5857030692,3915146986,3029,2090,110592,3917631488,84293,175,/input/data/work/12/39fbe75a3af00653664e999eb0413b,true,-
248,2092522772,hu-worker-c35,f3/77a229,nf-f377a2298ca0123f50e6f8d71797938b,NFCORE_RNASEQ:RNASEQ:ALIGN_STAR:BAM_SORT_STATS_SAMTOOLS:SAMTOOLS_INDEX,TREATMENT_rhINFa2b_100000_REP3,NFCORE_RNASEQ:RNASEQ:ALIGN_STAR:BAM_SORT_STATS_SAMTOOLS:SAMTOOLS_INDEX (TREATMENT_rhINFa2b_100000_REP3),COMPLETED,0,-,quay.io/biocontainers/samtools:1.17--h00cdaf9_0,2,14400000,-,12884901888,1,1715236656424,1715236657000,1715236676000,19576,19000,-,140.8,0.0,22302720,179867648,22302720,231661568,2092663267,2527368,64091,634,8392704,2531328,145660,43,/input/data/work/f3/77a2298ca0123f50e6f8d71797938b,true,-
250,2016472363,hu-worker-c24,8f/a2944c,nf-8fa2944c89372aa1570e4df70c10d91c,NFCORE_RNASEQ:RNASEQ:ALIGN_STAR:BAM_SORT_STATS_SAMTOOLS:SAMTOOLS_INDEX,TREATMENT_rhIFNb_1000_REP3,NFCORE_RNASEQ:RNASEQ:ALIGN_STAR:BAM_SORT_STATS_SAMTOOLS:SAMTOOLS_INDEX (TREATMENT_rhIFNb_1000_REP3),COMPLETED,0,-,quay.io/biocontainers/samtools:1.17--h00cdaf9_0,2,14400000,-,12884901888,1,1715236656536,1715236657000,1715236677000,20464,20000,-,142.2,0.0,21635072,179560448,21635072,231661568,2016613170,2494741,61769,626,4198400,2498560,138479,65,/input/data/work/8f/a2944c89372aa1570e4df70c10d91c,true,-
146,35612963916,hu-worker-c28,b2/237a0d,nf-b2237a0d8d3a402823f0cbbd550270ab,NFCORE_RNASEQ:RNASEQ:ALIGN_STAR:STAR_ALIGN_IGENOMES,TREATMENT_mIFNa11_100000_REP2,NFCORE_RNASEQ:RNASEQ:ALIGN_STAR:STAR_ALIGN_IGENOMES (TREATMENT_mIFNa11_100000_REP2),COMPLETED,0,-,quay.io/biocontainers/mulled-v2-1fa26d1ce03c295fe2fdcf85831a92fbcbd7e8c2:59cdd445419f14abac76b31dd0d71217994cbcc9-0,12,57600000,-,68719476736,1,1715232262613,1715236066000,1715236708000,4445387,636000,-,709.4,14.2,38323908608,40276799488,38355124224,40277012480,44961616245,5140004700,2171632,1291538,4096,5140201472,122407,38493,/input/data/work/b2/237a0d8d3a402823f0cbbd550270ab,true,-
186,3957974850,hu-worker-c25,98/7185bd,nf-987185bd9f272d1a052ee463475c5722,NFCORE_RNASEQ:RNASEQ:ALIGN_STAR:BAM_SORT_STATS_SAMTOOLS:SAMTOOLS_SORT,TREATMENT_mIFNa11_10000_REP1,NFCORE_RNASEQ:RNASEQ:ALIGN_STAR:BAM_SORT_STATS_SAMTOOLS:SAMTOOLS_SORT (TREATMENT_mIFNa11_10000_REP1),COMPLETED,0,-,quay.io/biocontainers/samtools:1.17--h00cdaf9_0,6,28800000,-,38654705664,1,1715234379129,1715236638000,1715236710000,2330871,71000,-,579.1,1.9,5148901376,6227800064,5426335744,6526427136,5855978092,3917978327,3029,2096,94208,3920478208,78056,273,/input/data/work/98/7185bd9f272d1a052ee463475c5722,true,-
190,3883669071,hu-worker-c25,ed/2447b0,nf-ed2447b0fd0f97b00d54077974438aa2,NFCORE_RNASEQ:RNASEQ:ALIGN_STAR:BAM_SORT_STATS_SAMTOOLS:SAMTOOLS_SORT,TREATMENT_rhIFNa2b_1000_REP3,NFCORE_RNASEQ:RNASEQ:ALIGN_STAR:BAM_SORT_STATS_SAMTOOLS:SAMTOOLS_SORT (TREATMENT_rhIFNa2b_1000_REP3),COMPLETED,0,-,quay.io/biocontainers/samtools:1.17--h00cdaf9_0,6,28800000,-,38654705664,1,1715234405387,1715236638000,1715236710000,2304613,70000,-,578.9,1.9,5149138944,6227800064,5426028544,6544793600,5777310161,3881189864,2990,2076,69632,3883651072,76119,275,/input/data/work/ed/2447b0fd0f97b00d54077974438aa2,true,-
144,35701715750,hu-worker-c35,0b/ce8df5,nf-0bce8df5ad5d504d503a6666ca2b4e5a,NFCORE_RNASEQ:RNASEQ:ALIGN_STAR:STAR_ALIGN_IGENOMES,TREATMENT_rhINFa2b_10000_REP3,NFCORE_RNASEQ:RNASEQ:ALIGN_STAR:STAR_ALIGN_IGENOMES (TREATMENT_rhINFa2b_10000_REP3),COMPLETED,0,-,quay.io/biocontainers/mulled-v2-1fa26d1ce03c295fe2fdcf85831a92fbcbd7e8c2:59cdd445419f14abac76b31dd0d71217994cbcc9-0,12,57600000,-,68719476736,1,1715232217505,1715236065000,1715236714000,4496495,643000,-,713.9,14.2,38326714368,40216707072,38349758464,40216711168,45694896475,5387869055,2267455,1322294,0,5388091392,125452,40495,/input/data/work/0b/ce8df5ad5d504d503a6666ca2b4e5a,true,-
188,3800600286,hu-worker-c41,a4/ed60ca,nf-a4ed60ca90ef181bd00357bd617c5f44,NFCORE_RNASEQ:RNASEQ:ALIGN_STAR:BAM_SORT_STATS_SAMTOOLS:SAMTOOLS_SORT,TREATMENT_rhINFa2b_10000_REP1,NFCORE_RNASEQ:RNASEQ:ALIGN_STAR:BAM_SORT_STATS_SAMTOOLS:SAMTOOLS_SORT (TREATMENT_rhINFa2b_10000_REP1),COMPLETED,0,-,quay.io/biocontainers/samtools:1.17--h00cdaf9_0,6,28800000,-,38654705664,1,1715234397056,1715236655000,1715236729000,2331944,73000,-,559.7,1.9,5149192192,6227800064,5425602560,6544568320,5696567680,3857873662,2952,2056,126976,3860307968,84879,262,/input/data/work/a4/ed60ca90ef181bd00357bd617c5f44,true,-
192,3687899167,hu-worker-c41,98/cd5024,nf-98cd5024410a1bb86ab47788f55d1fe7,NFCORE_RNASEQ:RNASEQ:ALIGN_STAR:BAM_SORT_STATS_SAMTOOLS:SAMTOOLS_SORT,TREATMENT_mIFNa11_100_REP2,NFCORE_RNASEQ:RNASEQ:ALIGN_STAR:BAM_SORT_STATS_SAMTOOLS:SAMTOOLS_SORT (TREATMENT_mIFNa11_100_REP2),COMPLETED,0,-,quay.io/biocontainers/samtools:1.17--h00cdaf9_0,6,28800000,-,38654705664,1,1715234429338,1715236657000,1715236729000,2299662,71000,-,558.2,1.9,5151842304,6227800064,5432578048,6546964480,5551914351,3755731903,2883,2029,118784,3758125056,86349,230,/input/data/work/98/cd5024410a1bb86ab47788f55d1fe7,true,-
254,2020118601,hu-worker-c25,72/e54b1d,nf-72e54b1d57aa426de3a91d5dd36066b5,NFCORE_RNASEQ:RNASEQ:ALIGN_STAR:BAM_SORT_STATS_SAMTOOLS:SAMTOOLS_INDEX,TREATMENT_mIFNa11_10000_REP1,NFCORE_RNASEQ:RNASEQ:ALIGN_STAR:BAM_SORT_STATS_SAMTOOLS:SAMTOOLS_INDEX (TREATMENT_mIFNa11_10000_REP1),COMPLETED,0,-,quay.io/biocontainers/samtools:1.17--h00cdaf9_0,2,14400000,-,12884901888,1,1715236713872,1715236714000,1715236734000,20128,19000,-,151.3,0.0,22118400,179970048,22118400,231661568,2020259751,2497902,61879,627,0,2502656,149239,132,/input/data/work/72/e54b1d57aa426de3a91d5dd36066b5,true,-
256,1987692286,hu-worker-c24,53/2bed9d,nf-532bed9d0cb6d5ad0f0856dad18c0481,NFCORE_RNASEQ:RNASEQ:ALIGN_STAR:BAM_SORT_STATS_SAMTOOLS:SAMTOOLS_INDEX,TREATMENT_rhIFNa2b_1000_REP3,NFCORE_RNASEQ:RNASEQ:ALIGN_STAR:BAM_SORT_STATS_SAMTOOLS:SAMTOOLS_INDEX (TREATMENT_rhIFNa2b_1000_REP3),COMPLETED,0,-,quay.io/biocontainers/samtools:1.17--h00cdaf9_0,2,14400000,-,12884901888,1,1715236714640,1715236716000,1715236738000,23360,22000,-,134.2,0.0,23318528,180871168,23318528,231661568,1987833067,2497411,60891,627,12591104,2502656,162083,108,/input/data/work/53/2bed9d0cb6d5ad0f0856dad18c0481,true,-
262,1891859709,hu-worker-c27,06/0cdff0,nf-060cdff0e04d7bc24d9847c9491ececf,NFCORE_RNASEQ:RNASEQ:ALIGN_STAR:BAM_SORT_STATS_SAMTOOLS:SAMTOOLS_INDEX,TREATMENT_mIFNa11_100_REP2,NFCORE_RNASEQ:RNASEQ:ALIGN_STAR:BAM_SORT_STATS_SAMTOOLS:SAMTOOLS_INDEX (TREATMENT_mIFNa11_100_REP2),COMPLETED,0,-,quay.io/biocontainers/samtools:1.17--h00cdaf9_0,2,14400000,-,12884901888,1,1715236731853,1715236732000,1715236751000,19147,19000,-,139.3,0.0,20627456,178503680,20627456,231661568,1892000817,2444335,57966,614,8392704,2449408,134335,66,/input/data/work/06/0cdff0e04d7bc24d9847c9491ececf,true,-
260,1962049257,hu-worker-c35,d3/80ab2e,nf-d380ab2edf98949f51823bb7b02cc273,NFCORE_RNASEQ:RNASEQ:ALIGN_STAR:BAM_SORT_STATS_SAMTOOLS:SAMTOOLS_INDEX,TREATMENT_rhINFa2b_10000_REP1,NFCORE_RNASEQ:RNASEQ:ALIGN_STAR:BAM_SORT_STATS_SAMTOOLS:SAMTOOLS_INDEX (TREATMENT_rhINFa2b_10000_REP1),COMPLETED,0,-,quay.io/biocontainers/samtools:1.17--h00cdaf9_0,2,14400000,-,12884901888,1,1715236731781,1715236732000,1715236755000,23219,22000,-,134.5,0.0,23056384,180572160,23056384,231661568,1962189724,2543710,60110,638,4194304,2547712,154003,74,/input/data/work/d3/80ab2edf98949f51823bb7b02cc273,true,-
194,3623884421,hu-worker-c28,a3/7eb094,nf-a37eb094b87f9c8ade3b0061a6335c0d,NFCORE_RNASEQ:RNASEQ:ALIGN_STAR:BAM_SORT_STATS_SAMTOOLS:SAMTOOLS_SORT,TREATMENT_rhIFNb_1000_REP1,NFCORE_RNASEQ:RNASEQ:ALIGN_STAR:BAM_SORT_STATS_SAMTOOLS:SAMTOOLS_SORT (TREATMENT_rhIFNb_1000_REP1),COMPLETED,0,-,quay.io/biocontainers/samtools:1.17--h00cdaf9_0,6,28800000,-,38654705664,1,1715235204360,1715236710000,1715236781000,1576640,70000,-,560.3,1.9,5151571968,6227800064,5431787520,6546657280,5486150632,3726418929,2851,2001,3035136,3728785408,84385,380,/input/data/work/a3/7eb094b87f9c8ade3b0061a6335c0d,true,-
196,3554612540,hu-worker-c25,6e/544d5f,nf-6e544d5f20dfecefcb619b43dd784fd0,NFCORE_RNASEQ:RNASEQ:ALIGN_STAR:BAM_SORT_STATS_SAMTOOLS:SAMTOOLS_SORT,TREATMENT_rhIFNa2b_1000_REP1,NFCORE_RNASEQ:RNASEQ:ALIGN_STAR:BAM_SORT_STATS_SAMTOOLS:SAMTOOLS_SORT (TREATMENT_rhIFNa2b_1000_REP1),COMPLETED,0,-,quay.io/biocontainers/samtools:1.17--h00cdaf9_0,6,28800000,-,38654705664,1,1715235228757,1715236712000,1715236778000,1549243,65000,-,572.7,1.9,5149339648,6227800064,5428183040,6545408000,5393852485,3672217002,2807,1993,69632,3674570752,78593,379,/input/data/work/6e/544d5f20dfecefcb619b43dd784fd0,true,-
198,3536935874,hu-worker-c25,02/8c46df,nf-028c46dfc97e38de95403b7b53917ba7,NFCORE_RNASEQ:RNASEQ:ALIGN_STAR:BAM_SORT_STATS_SAMTOOLS:SAMTOOLS_SORT,TREATMENT_mIFNa11_10000_REP2,NFCORE_RNASEQ:RNASEQ:ALIGN_STAR:BAM_SORT_STATS_SAMTOOLS:SAMTOOLS_SORT (TREATMENT_mIFNa11_10000_REP2),COMPLETED,0,-,quay.io/biocontainers/samtools:1.17--h00cdaf9_0,6,28800000,-,38654705664,1,1715235230648,1715236713000,1715236780000,1549352,66000,-,562.0,1.9,5149728768,6227800064,5428559872,6545223680,5384066673,3673203132,2803,1981,61440,3675545600,74576,273,/input/data/work/02/8c46dfc97e38de95403b7b53917ba7,true,-
200,3672222298,hu-worker-c28,e2/0fbd85,nf-e20fbd85d7bdb7988199c61b16fcfff6,NFCORE_RNASEQ:RNASEQ:ALIGN_STAR:BAM_SORT_STATS_SAMTOOLS:SAMTOOLS_SORT,TREATMENT_rhIFNb_100000_REP1,NFCORE_RNASEQ:RNASEQ:ALIGN_STAR:BAM_SORT_STATS_SAMTOOLS:SAMTOOLS_SORT (TREATMENT_rhIFNb_100000_REP1),COMPLETED,0,-,quay.io/biocontainers/samtools:1.17--h00cdaf9_0,6,28800000,-,38654705664,1,1715235235040,1715236710000,1715236780000,1544960,69000,-,567.3,2.0,5424615424,6526300160,5426200576,6544773120,5533771541,3739515694,2874,2013,6025216,3741892608,74572,347,/input/data/work/e2/0fbd85d7bdb7988199c61b16fcfff6,true,-
208,3496613612,hu-worker-c35,5b/8f2286,nf-5b8f2286e3b9c8b9357f9f5ea330a7eb,NFCORE_RNASEQ:RNASEQ:ALIGN_STAR:BAM_SORT_STATS_SAMTOOLS:SAMTOOLS_SORT,TREATMENT_mIFNa11_100_REP1,NFCORE_RNASEQ:RNASEQ:ALIGN_STAR:BAM_SORT_STATS_SAMTOOLS:SAMTOOLS_SORT (TREATMENT_mIFNa11_100_REP1),COMPLETED,0,-,quay.io/biocontainers/samtools:1.17--h00cdaf9_0,6,28800000,-,38654705664,1,1715235316087,1715236717000,1715236786000,1469913,68000,-,554.1,2.0,5429280768,6528020480,5431304192,6528606208,5338648231,3643747610,2782,1964,0,3646070784,71193,209,/input/data/work/5b/8f2286e3b9c8b9357f9f5ea330a7eb,true,-
206,3504040562,hu-worker-c35,05/37e3ac,nf-0537e3aca9d54819d63749326026df2c,NFCORE_RNASEQ:RNASEQ:ALIGN_STAR:BAM_SORT_STATS_SAMTOOLS:SAMTOOLS_SORT,TREATMENT_rhINFa2b_100000_REP2,NFCORE_RNASEQ:RNASEQ:ALIGN_STAR:BAM_SORT_STATS_SAMTOOLS:SAMTOOLS_SORT (TREATMENT_rhINFa2b_100000_REP2),COMPLETED,0,-,quay.io/biocontainers/samtools:1.17--h00cdaf9_0,6,28800000,-,38654705664,1,1715235257041,1715236717000,1715236788000,1530959,70000,-,545.9,1.9,5147992064,6227800064,5425373184,6543810560,5336562056,3637001232,2780,1973,0,3639332864,70252,158,/input/data/work/05/37e3aca9d54819d63749326026df2c,true,-
202,3481218036,hu-worker-c41,e9/fa010a,nf-e9fa010acbe1fd9d1803f67c3b88baa4,NFCORE_RNASEQ:RNASEQ:ALIGN_STAR:BAM_SORT_STATS_SAMTOOLS:SAMTOOLS_SORT,TREATMENT_rhIFNb_10000_REP1,NFCORE_RNASEQ:RNASEQ:ALIGN_STAR:BAM_SORT_STATS_SAMTOOLS:SAMTOOLS_SORT (TREATMENT_rhIFNb_10000_REP1),COMPLETED,0,-,quay.io/biocontainers/samtools:1.17--h00cdaf9_0,6,28800000,-,38654705664,1,1715235239087,1715236731000,1715236799000,1559913,67000,-,558.8,1.9,5150580736,6227800064,5429190656,6545424384,5311925096,3616376499,2768,1957,114688,3618689024,71701,161,/input/data/work/e9/fa010acbe1fd9d1803f67c3b88baa4,true,-
204,3467931718,hu-worker-c41,2f/dc780f,nf-2fdc780f214d6c74d3267f94601af0f6,NFCORE_RNASEQ:RNASEQ:ALIGN_STAR:BAM_SORT_STATS_SAMTOOLS:SAMTOOLS_SORT,TREATMENT_rhIFNb_100_REP2,NFCORE_RNASEQ:RNASEQ:ALIGN_STAR:BAM_SORT_STATS_SAMTOOLS:SAMTOOLS_SORT (TREATMENT_rhIFNb_100_REP2),COMPLETED,0,-,quay.io/biocontainers/samtools:1.17--h00cdaf9_0,6,28800000,-,38654705664,1,1715235248764,1715236731000,1715236801000,1552236,69000,-,556.1,1.9,5152116736,6227800064,5432602624,6547292160,5305360024,3631781970,2765,1955,110592,3634085888,71491,224,/input/data/work/2f/dc780f214d6c74d3267f94601af0f6,true,-
264,1864296217,hu-worker-c34,b2/dca6b2,nf-b2dca6b2aa2fcc51af607764c4322b00,NFCORE_RNASEQ:RNASEQ:ALIGN_STAR:BAM_SORT_STATS_SAMTOOLS:SAMTOOLS_INDEX,TREATMENT_rhIFNb_1000_REP1,NFCORE_RNASEQ:RNASEQ:ALIGN_STAR:BAM_SORT_STATS_SAMTOOLS:SAMTOOLS_INDEX (TREATMENT_rhIFNb_1000_REP1),COMPLETED,0,-,quay.io/biocontainers/samtools:1.17--h00cdaf9_0,2,14400000,-,12884901888,1,1715236781881,1715236782000,1715236803000,21119,20000,-,125.1,0.0,19685376,177778688,19685376,231661568,1864436675,2444438,57126,614,0,2449408,116116,37,/input/data/work/b2/dca6b2aa2fcc51af607764c4322b00,true,-
266,1833120568,hu-worker-c27,34/d31519,nf-34d31519e9c693103f8498347400c6cb,NFCORE_RNASEQ:RNASEQ:ALIGN_STAR:BAM_SORT_STATS_SAMTOOLS:SAMTOOLS_INDEX,TREATMENT_rhIFNa2b_1000_REP1,NFCORE_RNASEQ:RNASEQ:ALIGN_STAR:BAM_SORT_STATS_SAMTOOLS:SAMTOOLS_INDEX (TREATMENT_rhIFNa2b_1000_REP1),COMPLETED,0,-,quay.io/biocontainers/samtools:1.17--h00cdaf9_0,2,14400000,-,12884901888,1,1715236782119,1715236783000,1715236803000,20881,20000,-,125.8,0.0,18927616,176754688,18927616,231661568,1833261699,2431865,56172,611,0,2437120,107596,130,/input/data/work/34/d31519e9c693103f8498347400c6cb,true,-
268,1826215845,hu-worker-c24,f4/bc71d0,nf-f4bc71d0797dd94a64e202b4680deb89,NFCORE_RNASEQ:RNASEQ:ALIGN_STAR:BAM_SORT_STATS_SAMTOOLS:SAMTOOLS_INDEX,TREATMENT_mIFNa11_10000_REP2,NFCORE_RNASEQ:RNASEQ:ALIGN_STAR:BAM_SORT_STATS_SAMTOOLS:SAMTOOLS_INDEX (TREATMENT_mIFNa11_10000_REP2),COMPLETED,0,-,quay.io/biocontainers/samtools:1.17--h00cdaf9_0,2,14400000,-,12884901888,1,1715236782259,1715236783000,1715236803000,20741,20000,-,133.8,0.0,24940544,182800384,24940544,231661568,1826356650,2451941,55961,616,0,2457600,154988,186,/input/data/work/f4/bc71d0797dd94a64e202b4680deb89,true,-
270,1878109952,hu-worker-c35,17/8e54c4,nf-178e54c4fb11c9bf3b12a05e5588f987,NFCORE_RNASEQ:RNASEQ:ALIGN_STAR:BAM_SORT_STATS_SAMTOOLS:SAMTOOLS_INDEX,TREATMENT_rhIFNb_100000_REP1,NFCORE_RNASEQ:RNASEQ:ALIGN_STAR:BAM_SORT_STATS_SAMTOOLS:SAMTOOLS_INDEX (TREATMENT_rhIFNb_100000_REP1),COMPLETED,0,-,quay.io/biocontainers/samtools:1.17--h00cdaf9_0,2,14400000,-,12884901888,1,1715236782329,1715236783000,1715236807000,24671,24000,-,117.4,0.0,20635648,178528256,20635648,231661568,1878250419,2414550,57544,607,4194304,2420736,133454,99,/input/data/work/17/8e54c4fb11c9bf3b12a05e5588f987,true,-
274,1804622603,hu-worker-c25,41/02818b,nf-4102818b05e59cda7a1241173aa3a1cb,NFCORE_RNASEQ:RNASEQ:ALIGN_STAR:BAM_SORT_STATS_SAMTOOLS:SAMTOOLS_INDEX,TREATMENT_rhINFa2b_100000_REP2,NFCORE_RNASEQ:RNASEQ:ALIGN_STAR:BAM_SORT_STATS_SAMTOOLS:SAMTOOLS_INDEX (TREATMENT_rhINFa2b_100000_REP2),COMPLETED,0,-,quay.io/biocontainers/samtools:1.17--h00cdaf9_0,2,14400000,-,12884901888,1,1715236792138,1715236793000,1715236816000,23862,22000,-,127.0,0.0,21352448,179298304,21352448,231661568,1804763726,2425529,55302,609,8392704,2428928,139893,106,/input/data/work/41/02818b05e59cda7a1241173aa3a1cb,true,-
272,1801855849,hu-worker-c42,00/023611,nf-0002361187d9ffafa9e2755d3af67b9b,NFCORE_RNASEQ:RNASEQ:ALIGN_STAR:BAM_SORT_STATS_SAMTOOLS:SAMTOOLS_INDEX,TREATMENT_mIFNa11_100_REP1,NFCORE_RNASEQ:RNASEQ:ALIGN_STAR:BAM_SORT_STATS_SAMTOOLS:SAMTOOLS_INDEX (TREATMENT_mIFNa11_100_REP1),COMPLETED,0,-,quay.io/biocontainers/samtools:1.17--h00cdaf9_0,2,14400000,-,12884901888,1,1715236787434,1715236788000,1715236822000,34566,34000,-,96.8,0.0,21368832,179073024,21368832,231661568,1801996421,2404767,55219,604,8396800,2408448,144840,133,/input/data/work/00/02361187d9ffafa9e2755d3af67b9b,true,-
278,1794496651,hu-worker-c41,bc/8a6819,nf-bc8a681965b0ec5c1a760c96c93f2578,NFCORE_RNASEQ:RNASEQ:ALIGN_STAR:BAM_SORT_STATS_SAMTOOLS:SAMTOOLS_INDEX,TREATMENT_rhIFNb_100_REP2,NFCORE_RNASEQ:RNASEQ:ALIGN_STAR:BAM_SORT_STATS_SAMTOOLS:SAMTOOLS_INDEX (TREATMENT_rhIFNb_100_REP2),COMPLETED,0,-,quay.io/biocontainers/samtools:1.17--h00cdaf9_0,2,14400000,-,12884901888,1,1715236802023,1715236802000,1715236819000,16977,17000,-,140.6,0.0,22466560,180203520,22466560,231661568,1794637252,2439954,54999,613,0,2445312,146270,85,/input/data/work/bc/8a681965b0ec5c1a760c96c93f2578,true,-
151,36093547580,hu-worker-c27,4e/897f8f,nf-4e897f8ff3dcc4fdaf70161819fdcd2e,NFCORE_RNASEQ:RNASEQ:ALIGN_STAR:STAR_ALIGN_IGENOMES,TREATMENT_mIFNa11_100_REP3,NFCORE_RNASEQ:RNASEQ:ALIGN_STAR:STAR_ALIGN_IGENOMES (TREATMENT_mIFNa11_100_REP3),COMPLETED,0,-,quay.io/biocontainers/mulled-v2-1fa26d1ce03c295fe2fdcf85831a92fbcbd7e8c2:59cdd445419f14abac76b31dd0d71217994cbcc9-0,12,57600000,-,68719476736,1,1715232305972,1715236049000,1715236828000,4522028,770000,-,733.7,14.2,38311079936,40215113728,38334971904,40215117824,49124083664,6623582272,2742540,1538802,8192,6623920128,143830,7935,/input/data/work/4e/897f8ff3dcc4fdaf70161819fdcd2e,true,-
276,1785812428,hu-worker-c28,52/fbd9f0,nf-52fbd9f07657f7cafc8e6876c34dc0d1,NFCORE_RNASEQ:RNASEQ:ALIGN_STAR:BAM_SORT_STATS_SAMTOOLS:SAMTOOLS_INDEX,TREATMENT_rhIFNb_10000_REP1,NFCORE_RNASEQ:RNASEQ:ALIGN_STAR:BAM_SORT_STATS_SAMTOOLS:SAMTOOLS_INDEX (TREATMENT_rhIFNb_10000_REP1),COMPLETED,0,-,quay.io/biocontainers/samtools:1.17--h00cdaf9_0,2,14400000,-,12884901888,1,1715236801957,1715236803000,1715236836000,34043,33000,-,96.1,0.0,21901312,179638272,21901312,231661568,1785953534,2406645,54727,605,0,2412544,138519,239,/input/data/work/52/fbd9f07657f7cafc8e6876c34dc0d1,true,-
157,36228325933,hu-worker-c42,22/6bf946,nf-226bf946411ab2c3474500affe2a4de0,NFCORE_RNASEQ:RNASEQ:ALIGN_STAR:STAR_ALIGN_IGENOMES,TREATMENT_rhIFNb_100000_REP2,NFCORE_RNASEQ:RNASEQ:ALIGN_STAR:STAR_ALIGN_IGENOMES (TREATMENT_rhIFNb_100000_REP2),COMPLETED,0,-,quay.io/biocontainers/mulled-v2-1fa26d1ce03c295fe2fdcf85831a92fbcbd7e8c2:59cdd445419f14abac76b31dd0d71217994cbcc9-0,12,57600000,-,68719476736,1,1715232336991,1715236042000,1715236835000,4498009,786000,-,796.6,14.2,38339182592,40242184192,38379257856,40242188288,50372047495,7019838231,2913132,1602500,0,7020118016,167592,5655,/input/data/work/22/6bf946411ab2c3474500affe2a4de0,true,-
159,36322001335,hu-worker-c34,6c/d68af4,nf-6cd68af43c16b3d44c458e182a0a4a94,NFCORE_RNASEQ:RNASEQ:ALIGN_STAR:STAR_ALIGN_IGENOMES,TREATMENT_rhIFNa2b_100_REP3,NFCORE_RNASEQ:RNASEQ:ALIGN_STAR:STAR_ALIGN_IGENOMES (TREATMENT_rhIFNa2b_100_REP3),COMPLETED,0,-,quay.io/biocontainers/mulled-v2-1fa26d1ce03c295fe2fdcf85831a92fbcbd7e8c2:59cdd445419f14abac76b31dd0d71217994cbcc9-0,12,57600000,-,68719476736,1,1715232344525,1715236037000,1715236842000,4497475,797000,-,763.8,14.2,38339588096,40242290688,38366420992,40242294784,51208452693,7266771152,3028102,1672560,0,7267028992,163078,2125,/input/data/work/6c/d68af43c16b3d44c458e182a0a4a94,true,-
149,36026018324,hu-worker-c24,0f/a242b0,nf-0fa242b021903ae40b4ac7ea7a343dcd,NFCORE_RNASEQ:RNASEQ:ALIGN_STAR:STAR_ALIGN_IGENOMES,TREATMENT_mIFNa11_100000_REP3,NFCORE_RNASEQ:RNASEQ:ALIGN_STAR:STAR_ALIGN_IGENOMES (TREATMENT_mIFNa11_100000_REP3),COMPLETED,0,-,quay.io/biocontainers/mulled-v2-1fa26d1ce03c295fe2fdcf85831a92fbcbd7e8c2:59cdd445419f14abac76b31dd0d71217994cbcc9-0,12,57600000,-,68719476736,1,1715232282573,1715236066000,1715236850000,4567427,775000,-,733.5,14.2,38313144320,40215097344,38336970752,40222531584,48614446993,6382427020,2668837,1510552,4194304,6382673920,130608,14977,/input/data/work/0f/a242b021903ae40b4ac7ea7a343dcd,true,-
210,3344493058,hu-worker-c28,37/344f4d,nf-37344f4de13c0da687faf8ae45d00644,NFCORE_RNASEQ:RNASEQ:ALIGN_STAR:BAM_SORT_STATS_SAMTOOLS:SAMTOOLS_SORT,TREATMENT_mIFNa11_10000_REP3,NFCORE_RNASEQ:RNASEQ:ALIGN_STAR:BAM_SORT_STATS_SAMTOOLS:SAMTOOLS_SORT (TREATMENT_mIFNa11_10000_REP3),COMPLETED,0,-,quay.io/biocontainers/samtools:1.17--h00cdaf9_0,6,28800000,-,38654705664,1,1715236038545,1715236783000,1715236852000,813455,68000,-,560.3,1.9,5149761536,6227800064,5428142080,6545100800,5149569411,3531267004,2691,1925,102400,3533533184,80813,724,/input/data/work/37/344f4de13c0da687faf8ae45d00644,true,-
214,3388498869,hu-worker-c28,a2/fc51de,nf-a2fc51deac802b5551c9b4ad4e32fa72,NFCORE_RNASEQ:RNASEQ:ALIGN_STAR:BAM_SORT_STATS_SAMTOOLS:SAMTOOLS_SORT,TREATMENT_rhIFNa2b_1000_REP2,NFCORE_RNASEQ:RNASEQ:ALIGN_STAR:BAM_SORT_STATS_SAMTOOLS:SAMTOOLS_SORT (TREATMENT_rhIFNa2b_1000_REP2),COMPLETED,0,-,quay.io/biocontainers/samtools:1.17--h00cdaf9_0,6,28800000,-,38654705664,1,1715236051952,1715236782000,1715236851000,799048,68000,-,555.9,1.9,5150130176,6227800064,5428482048,6544936960,5194759052,3546590098,2712,1936,40960,3548880896,72944,649,/input/data/work/a2/fc51deac802b5551c9b4ad4e32fa72,true,-
216,3281307097,hu-worker-c35,ec/f33bd3,nf-ecf33bd3b72ea133d62a99bc330540e4,NFCORE_RNASEQ:RNASEQ:ALIGN_STAR:BAM_SORT_STATS_SAMTOOLS:SAMTOOLS_SORT,CONTROL_REP3,NFCORE_RNASEQ:RNASEQ:ALIGN_STAR:BAM_SORT_STATS_SAMTOOLS:SAMTOOLS_SORT (CONTROL_REP3),COMPLETED,0,-,quay.io/biocontainers/samtools:1.17--h00cdaf9_0,6,28800000,-,38654705664,1,1715236061061,1715236791000,1715236855000,793939,63000,-,567.8,1.9,5241966592,6336049152,5452234752,6555545600,5108612453,3521736164,2671,1887,0,3523936256,63849,147,/input/data/work/ec/f33bd3b72ea133d62a99bc330540e4,true,-
218,3437654342,hu-worker-c25,62/faa730,nf-62faa730312f0ee71b179fe7ec8aec7d,NFCORE_RNASEQ:RNASEQ:ALIGN_STAR:BAM_SORT_STATS_SAMTOOLS:SAMTOOLS_SORT,TREATMENT_mIFNa11_100000_REP1,NFCORE_RNASEQ:RNASEQ:ALIGN_STAR:BAM_SORT_STATS_SAMTOOLS:SAMTOOLS_SORT (TREATMENT_mIFNa11_100000_REP1),COMPLETED,0,-,quay.io/biocontainers/samtools:1.17--h00cdaf9_0,6,28800000,-,38654705664,1,1715236066136,1715236781000,1715236852000,785864,70000,-,546.1,1.9,5148880896,6227800064,5426577408,6544814080,5249483462,3576971367,2739,1958,65536,3579285504,79522,553,/input/data/work/62/faa730312f0ee71b179fe7ec8aec7d,true,-
220,3349464237,hu-worker-c25,70/85ee36,nf-7085ee3697e4957ed65ee340b7d3484f,NFCORE_RNASEQ:RNASEQ:ALIGN_STAR:BAM_SORT_STATS_SAMTOOLS:SAMTOOLS_SORT,TREATMENT_rhIFNa2b_100_REP2,NFCORE_RNASEQ:RNASEQ:ALIGN_STAR:BAM_SORT_STATS_SAMTOOLS:SAMTOOLS_SORT (TREATMENT_rhIFNa2b_100_REP2),COMPLETED,0,-,quay.io/biocontainers/samtools:1.17--h00cdaf9_0,6,28800000,-,38654705664,1,1715236066441,1715236783000,1715236852000,785559,68000,-,554.3,1.9,5150633984,6227800064,5430820864,6545756160,5152105881,3526539010,2692,1927,106496,3528822784,70711,486,/input/data/work/70/85ee3697e4957ed65ee340b7d3484f,true,-
222,3281273640,hu-worker-c41,bf/b876ac,nf-bfb876ac7c422de9ecf90624fef1d4d0,NFCORE_RNASEQ:RNASEQ:ALIGN_STAR:BAM_SORT_STATS_SAMTOOLS:SAMTOOLS_SORT,CONTROL_REP1,NFCORE_RNASEQ:RNASEQ:ALIGN_STAR:BAM_SORT_STATS_SAMTOOLS:SAMTOOLS_SORT (CONTROL_REP1),COMPLETED,0,-,quay.io/biocontainers/samtools:1.17--h00cdaf9_0,6,28800000,-,38654705664,1,1715236087122,1715236802000,1715236862000,774878,60000,-,576.7,1.9,5162160128,6227800064,5451976704,6555545600,5108600619,3521743812,2671,1887,118784,3523948544,68311,309,/input/data/work/bf/b876ac7c422de9ecf90624fef1d4d0,true,-
224,3300103966,hu-worker-c35,89/b6d431,nf-89b6d431c0fa6697d9b19a6a05a009e6,NFCORE_RNASEQ:RNASEQ:ALIGN_STAR:BAM_SORT_STATS_SAMTOOLS:SAMTOOLS_SORT,TREATMENT_rhIFNa2b_100_REP1,NFCORE_RNASEQ:RNASEQ:ALIGN_STAR:BAM_SORT_STATS_SAMTOOLS:SAMTOOLS_SORT (TREATMENT_rhIFNa2b_100_REP1),COMPLETED,0,-,quay.io/biocontainers/samtools:1.17--h00cdaf9_0,6,28800000,-,38654705664,1,1715236151048,1715236789000,1715236853000,701952,63000,-,573.7,1.9,5151215616,6227800064,5431439360,6546001920,5099637130,3507539370,2667,1912,0,3509800960,65922,171,/input/data/work/89/b6d431c0fa6697d9b19a6a05a009e6,true,-
212,3281246933,hu-worker-c41,08/e6b185,nf-08e6b1855ab0bfafb005f15c179143a9,NFCORE_RNASEQ:RNASEQ:ALIGN_STAR:BAM_SORT_STATS_SAMTOOLS:SAMTOOLS_SORT,CONTROL_REP2,NFCORE_RNASEQ:RNASEQ:ALIGN_STAR:BAM_SORT_STATS_SAMTOOLS:SAMTOOLS_SORT (CONTROL_REP2),COMPLETED,0,-,quay.io/biocontainers/samtools:1.17--h00cdaf9_0,6,28800000,-,38654705664,1,1715236046471,1715236804000,1715236865000,818529,60000,-,580.9,1.9,5162545152,6227800064,5452312576,6555545600,5108576258,3521734769,2672,1887,98304,3523940352,64809,258,/input/data/work/08/e6b1855ab0bfafb005f15c179143a9,true,-
246,1858876167,hu-worker-c42,51/37f77f,nf-5137f77f265243300d7e8cd765b656ba,NFCORE_RNASEQ:RNASEQ:ALIGN_STAR:BAM_SORT_STATS_SAMTOOLS:SAMTOOLS_SORT,TREATMENT_rhIFNb_100000_REP3,NFCORE_RNASEQ:RNASEQ:ALIGN_STAR:BAM_SORT_STATS_SAMTOOLS:SAMTOOLS_SORT (TREATMENT_rhIFNb_100000_REP3),COMPLETED,0,-,quay.io/biocontainers/samtools:1.17--h00cdaf9_0,6,28800000,-,38654705664,1,1715236636293,1715236838000,1715236880000,243707,41000,-,507.2,1.9,5146243072,6225702912,5427007488,6545756160,2807686485,1930692745,1571,1028,0,1931894784,42398,89,/input/data/work/51/37f77f265243300d7e8cd765b656ba,true,-
252,2299436789,hu-worker-c27,a1/c25d2c,nf-a1c25d2c619d08d180072b87759ba992,NFCORE_RNASEQ:RNASEQ:ALIGN_STAR:BAM_SORT_STATS_SAMTOOLS:SAMTOOLS_SORT,TREATMENT_mIFNa11_100000_REP2,NFCORE_RNASEQ:RNASEQ:ALIGN_STAR:BAM_SORT_STATS_SAMTOOLS:SAMTOOLS_SORT (TREATMENT_mIFNa11_100000_REP2),COMPLETED,0,-,quay.io/biocontainers/samtools:1.17--h00cdaf9_0,6,28800000,-,38654705664,1,1715236712817,1715236830000,1715236875000,162183,44000,-,569.8,2.0,5288321024,6429069312,5424472064,6544834560,3256510993,2159312689,1785,1147,69632,2160680960,40748,466,/input/data/work/a1/c25d2c619d08d180072b87759ba992,true,-
258,2422827995,hu-worker-c27,e5/463d00,nf-e5463d0067b85f6a44ce7482911cfc28,NFCORE_RNASEQ:RNASEQ:ALIGN_STAR:BAM_SORT_STATS_SAMTOOLS:SAMTOOLS_SORT,TREATMENT_rhINFa2b_10000_REP3,NFCORE_RNASEQ:RNASEQ:ALIGN_STAR:BAM_SORT_STATS_SAMTOOLS:SAMTOOLS_SORT (TREATMENT_rhINFa2b_10000_REP3),COMPLETED,0,-,quay.io/biocontainers/samtools:1.17--h00cdaf9_0,6,28800000,-,38654705664,1,1715236722061,1715236830000,1715236877000,154939,46000,-,569.5,1.9,5144387584,6225702912,5423562752,6544261120,3391448278,2236418318,1849,1176,53248,2237829120,49574,461,/input/data/work/e5/463d0067b85f6a44ce7482911cfc28,true,-
288,1726334153,hu-worker-c42,95/380fa5,nf-95380fa54a21ec13eca41863a018c268,NFCORE_RNASEQ:RNASEQ:ALIGN_STAR:BAM_SORT_STATS_SAMTOOLS:SAMTOOLS_INDEX,TREATMENT_mIFNa11_10000_REP3,NFCORE_RNASEQ:RNASEQ:ALIGN_STAR:BAM_SORT_STATS_SAMTOOLS:SAMTOOLS_INDEX (TREATMENT_mIFNa11_10000_REP3),COMPLETED,0,-,quay.io/biocontainers/samtools:1.17--h00cdaf9_0,2,14400000,-,12884901888,1,1715236862034,1715236863000,1715236882000,19966,18000,-,133.5,0.0,20279296,178151424,20279296,231661568,1726474703,2405486,52912,605,0,2412544,124979,44,/input/data/work/95/380fa54a21ec13eca41863a018c268,true,-
290,1740473417,hu-worker-c24,8a/d42d28,nf-8ad42d2875703dab1be1d53942c76c45,NFCORE_RNASEQ:RNASEQ:ALIGN_STAR:BAM_SORT_STATS_SAMTOOLS:SAMTOOLS_INDEX,TREATMENT_rhIFNa2b_1000_REP2,NFCORE_RNASEQ:RNASEQ:ALIGN_STAR:BAM_SORT_STATS_SAMTOOLS:SAMTOOLS_INDEX (TREATMENT_rhIFNa2b_1000_REP2),COMPLETED,0,-,quay.io/biocontainers/samtools:1.17--h00cdaf9_0,2,14400000,-,12884901888,1,1715236862725,1715236863000,1715236883000,20275,20000,-,137.1,0.0,19337216,176996352,19337216,231661568,1740614223,2383213,53344,599,0,2387968,110225,176,/input/data/work/8a/d42d2875703dab1be1d53942c76c45,true,-
292,1694573657,hu-worker-c35,4f/b9e2c3,nf-4fb9e2c3eedc5592894bc04f74546a88,NFCORE_RNASEQ:RNASEQ:ALIGN_STAR:BAM_SORT_STATS_SAMTOOLS:SAMTOOLS_INDEX,CONTROL_REP3,NFCORE_RNASEQ:RNASEQ:ALIGN_STAR:BAM_SORT_STATS_SAMTOOLS:SAMTOOLS_INDEX (CONTROL_REP3),COMPLETED,0,-,quay.io/biocontainers/samtools:1.17--h00cdaf9_0,2,14400000,-,12884901888,1,1715236866464,1715236867000,1715236881000,14536,14000,-,167.6,0.0,19976192,177418240,19976192,231661568,1694714126,2360686,51948,594,4198400,2367488,111379,50,/input/data/work/4f/b9e2c3eedc5592894bc04f74546a88,true,-
294,1765285759,hu-worker-c27,39/697fef,nf-39697fef549b27a798dec2ceeb09f72c,NFCORE_RNASEQ:RNASEQ:ALIGN_STAR:BAM_SORT_STATS_SAMTOOLS:SAMTOOLS_INDEX,TREATMENT_mIFNa11_100000_REP1,NFCORE_RNASEQ:RNASEQ:ALIGN_STAR:BAM_SORT_STATS_SAMTOOLS:SAMTOOLS_INDEX (TREATMENT_mIFNa11_100000_REP1),COMPLETED,0,-,quay.io/biocontainers/samtools:1.17--h00cdaf9_0,2,14400000,-,12884901888,1,1715236866607,1715236867000,1715236884000,17393,17000,-,148.0,0.0,22581248,179941376,22581248,231661568,1765426895,2419665,54102,608,4198400,2424832,144073,142,/input/data/work/39/697fef549b27a798dec2ceeb09f72c,true,-
296,1724040879,hu-worker-c25,d4/801c97,nf-d4801c973f80b2a06436a83c334cdd8e,NFCORE_RNASEQ:RNASEQ:ALIGN_STAR:BAM_SORT_STATS_SAMTOOLS:SAMTOOLS_INDEX,TREATMENT_rhIFNa2b_100_REP2,NFCORE_RNASEQ:RNASEQ:ALIGN_STAR:BAM_SORT_STATS_SAMTOOLS:SAMTOOLS_INDEX (TREATMENT_rhIFNa2b_100_REP2),COMPLETED,0,-,quay.io/biocontainers/samtools:1.17--h00cdaf9_0,2,14400000,-,12884901888,1,1715236866692,1715236867000,1715236884000,17308,17000,-,166.0,0.0,21880832,179617792,21880832,231661568,1724181999,2368801,52842,596,8388608,2375680,142372,202,/input/data/work/d4/801c973f80b2a06436a83c334cdd8e,true,-
298,1694559809,hu-worker-c34,be/a90a81,nf-bea90a81fbb2cec19529d7cb2fa4d120,NFCORE_RNASEQ:RNASEQ:ALIGN_STAR:BAM_SORT_STATS_SAMTOOLS:SAMTOOLS_INDEX,CONTROL_REP1,NFCORE_RNASEQ:RNASEQ:ALIGN_STAR:BAM_SORT_STATS_SAMTOOLS:SAMTOOLS_INDEX (CONTROL_REP1),COMPLETED,0,-,quay.io/biocontainers/samtools:1.17--h00cdaf9_0,2,14400000,-,12884901888,1,1715236866783,1715236867000,1715236884000,17217,16000,-,146.9,0.0,21811200,179355648,21811200,231661568,1694700270,2360942,51947,594,4198400,2367488,130180,171,/input/data/work/be/a90a81fbb2cec19529d7cb2fa4d120,true,-
300,1708149066,hu-worker-c28,da/cc5a90,nf-dacc5a90ec7e2c9b8c20d3f30cf7c46f,NFCORE_RNASEQ:RNASEQ:ALIGN_STAR:BAM_SORT_STATS_SAMTOOLS:SAMTOOLS_INDEX,TREATMENT_rhIFNa2b_100_REP1,NFCORE_RNASEQ:RNASEQ:ALIGN_STAR:BAM_SORT_STATS_SAMTOOLS:SAMTOOLS_INDEX (TREATMENT_rhIFNa2b_100_REP1),COMPLETED,0,-,quay.io/biocontainers/samtools:1.17--h00cdaf9_0,2,14400000,-,12884901888,1,1715236866937,1715236867000,1715236884000,17063,16000,-,156.9,0.0,22179840,179355648,22179840,231661568,1708290173,2370934,52358,596,9031680,2375680,136337,197,/input/data/work/da/cc5a90ec7e2c9b8c20d3f30cf7c46f,true,-
302,1694548423,hu-worker-c41,bb/b2eb14,nf-bbb2eb140d30772ac78d58c9ca80f85d,NFCORE_RNASEQ:RNASEQ:ALIGN_STAR:BAM_SORT_STATS_SAMTOOLS:SAMTOOLS_INDEX,CONTROL_REP2,NFCORE_RNASEQ:RNASEQ:ALIGN_STAR:BAM_SORT_STATS_SAMTOOLS:SAMTOOLS_INDEX (CONTROL_REP2),COMPLETED,0,-,quay.io/biocontainers/samtools:1.17--h00cdaf9_0,2,14400000,-,12884901888,1,1715236870362,1715236871000,1715236886000,15638,15000,-,153.9,0.0,18563072,176115712,18563072,231661568,1694689027,2361506,51947,594,0,2367488,98951,46,/input/data/work/bb/b2eb140d30772ac78d58c9ca80f85d,true,-
304,982022231,hu-worker-c42,b4/fdb21e,nf-b4fdb21eb8509295b0b0de1fca951195,NFCORE_RNASEQ:RNASEQ:ALIGN_STAR:BAM_SORT_STATS_SAMTOOLS:SAMTOOLS_INDEX,TREATMENT_rhIFNb_100000_REP3,NFCORE_RNASEQ:RNASEQ:ALIGN_STAR:BAM_SORT_STATS_SAMTOOLS:SAMTOOLS_INDEX (TREATMENT_rhIFNb_100000_REP3),COMPLETED,0,-,quay.io/biocontainers/samtools:1.17--h00cdaf9_0,2,14400000,-,12884901888,1,1715236880961,1715236884000,1715236893000,12039,9000,-,157.2,0.0,18788352,176386048,18788352,231661568,982162778,2096134,30197,529,0,2101248,82835,41,/input/data/work/b4/fdb21eb8509295b0b0de1fca951195,true,-
306,1202378849,hu-worker-c35,6f/4f15e8,nf-6f4f15e881f045e4f34425d578aa60f1,NFCORE_RNASEQ:RNASEQ:ALIGN_STAR:BAM_SORT_STATS_SAMTOOLS:SAMTOOLS_INDEX,TREATMENT_mIFNa11_100000_REP2,NFCORE_RNASEQ:RNASEQ:ALIGN_STAR:BAM_SORT_STATS_SAMTOOLS:SAMTOOLS_INDEX (TREATMENT_mIFNa11_100000_REP2),COMPLETED,0,-,quay.io/biocontainers/samtools:1.17--h00cdaf9_0,2,14400000,-,12884901888,1,1715236882056,1715236883000,1715236895000,12944,11000,-,153.2,0.0,16871424,176009216,17973248,231661568,1202519319,2177758,36923,549,7647232,2183168,90991,51,/input/data/work/6f/4f15e881f045e4f34425d578aa60f1,true,-
308,1267938398,hu-worker-c34,05/fed448,nf-05fed448e7287062c467822fd3d36aca,NFCORE_RNASEQ:RNASEQ:ALIGN_STAR:BAM_SORT_STATS_SAMTOOLS:SAMTOOLS_INDEX,TREATMENT_rhINFa2b_10000_REP3,NFCORE_RNASEQ:RNASEQ:ALIGN_STAR:BAM_SORT_STATS_SAMTOOLS:SAMTOOLS_INDEX (TREATMENT_rhINFa2b_10000_REP3),COMPLETED,0,-,quay.io/biocontainers/samtools:1.17--h00cdaf9_0,2,14400000,-,12884901888,1,1715236884153,1715236886000,1715236897000,12847,11000,-,150.5,0.0,19632128,177209344,19632128,231661568,1268078882,2225256,38924,561,4194304,2232320,103227,75,/input/data/work/05/fed448e7287062c467822fd3d36aca,true,-
280,2985829109,hu-worker-c42,bd/ab451c,nf-bdab451c3bbba63fca2bbb2e412331f6,NFCORE_RNASEQ:RNASEQ:ALIGN_STAR:BAM_SORT_STATS_SAMTOOLS:SAMTOOLS_SORT,TREATMENT_mIFNa11_100_REP3,NFCORE_RNASEQ:RNASEQ:ALIGN_STAR:BAM_SORT_STATS_SAMTOOLS:SAMTOOLS_SORT (TREATMENT_mIFNa11_100_REP3),COMPLETED,0,-,quay.io/biocontainers/samtools:1.17--h00cdaf9_0,6,28800000,-,38654705664,1,1715236832168,1715236838000,1715236902000,69832,64000,-,525.3,1.9,5152006144,6227800064,5432164352,6546227200,4731775934,3295318511,2492,1750,0,3297452032,62249,194,/input/data/work/bd/ab451c3bbba63fca2bbb2e412331f6,true,-
282,3175854661,hu-worker-c34,a8/96aeb9,nf-a896aeb9b7c0cbfd1555e83eb37384ad,NFCORE_RNASEQ:RNASEQ:ALIGN_STAR:BAM_SORT_STATS_SAMTOOLS:SAMTOOLS_SORT,TREATMENT_rhIFNb_100000_REP2,NFCORE_RNASEQ:RNASEQ:ALIGN_STAR:BAM_SORT_STATS_SAMTOOLS:SAMTOOLS_SORT (TREATMENT_rhIFNb_100000_REP2),COMPLETED,0,-,quay.io/biocontainers/samtools:1.17--h00cdaf9_0,6,28800000,-,38654705664,1,1715236843016,1715236844000,1715236906000,62984,61000,-,565.4,1.9,5150150656,6227800064,5428666368,6544896000,4937467522,3394204964,2589,1853,8392704,3396419584,77459,301,/input/data/work/a8/96aeb9b7c0cbfd1555e83eb37384ad,true,-
284,3275514762,hu-worker-c24,33/65835a,nf-3365835aced7b1788abcd1c77cc95f0a,NFCORE_RNASEQ:RNASEQ:ALIGN_STAR:BAM_SORT_STATS_SAMTOOLS:SAMTOOLS_SORT,TREATMENT_rhIFNa2b_100_REP3,NFCORE_RNASEQ:RNASEQ:ALIGN_STAR:BAM_SORT_STATS_SAMTOOLS:SAMTOOLS_SORT (TREATMENT_rhIFNa2b_100_REP3),COMPLETED,0,-,quay.io/biocontainers/samtools:1.17--h00cdaf9_0,6,28800000,-,38654705664,1,1715236845310,1715236852000,1715236917000,71690,64000,-,560.1,1.9,5151621120,6227800064,5431808000,6546309120,5069297212,3493549885,2652,1909,49152,3495804928,66169,562,/input/data/work/33/65835aced7b1788abcd1c77cc95f0a,true,-
286,2880145319,hu-worker-c41,89/380d31,nf-89380d310abb83b65a9dc7d6cde4b1a8,NFCORE_RNASEQ:RNASEQ:ALIGN_STAR:BAM_SORT_STATS_SAMTOOLS:SAMTOOLS_SORT,TREATMENT_mIFNa11_100000_REP3,NFCORE_RNASEQ:RNASEQ:ALIGN_STAR:BAM_SORT_STATS_SAMTOOLS:SAMTOOLS_SORT (TREATMENT_mIFNa11_100000_REP3),COMPLETED,0,-,quay.io/biocontainers/samtools:1.17--h00cdaf9_0,6,28800000,-,38654705664,1,1715236858338,1715236865000,1715236921000,62662,55000,-,559.2,1.9,5152198656,6227800064,5427937280,6544445440,4587144713,3198030260,2423,1683,3923968,3200126976,59056,417,/input/data/work/89/380d310abb83b65a9dc7d6cde4b1a8,true,-
310,1549514628,hu-worker-c24,51/02be83,nf-5102be83299d8b655a1602efb562dc8b,NFCORE_RNASEQ:RNASEQ:ALIGN_STAR:BAM_SORT_STATS_SAMTOOLS:SAMTOOLS_INDEX,TREATMENT_mIFNa11_100_REP3,NFCORE_RNASEQ:RNASEQ:ALIGN_STAR:BAM_SORT_STATS_SAMTOOLS:SAMTOOLS_INDEX (TREATMENT_mIFNa11_100_REP3),COMPLETED,0,-,quay.io/biocontainers/samtools:1.17--h00cdaf9_0,2,14400000,-,12884901888,1,1715236905717,1715236906000,1715236934000,28283,28000,-,93.2,0.0,20561920,177987584,20561920,231661568,1549655409,2304002,47517,580,4194304,2310144,123869,124,/input/data/work/51/02be83299d8b655a1602efb562dc8b,true,-
312,1632734959,hu-worker-c25,25/c8fa28,nf-25c8fa280a13ea4e76c3fb30caa98539,NFCORE_RNASEQ:RNASEQ:ALIGN_STAR:BAM_SORT_STATS_SAMTOOLS:SAMTOOLS_INDEX,TREATMENT_rhIFNb_100000_REP2,NFCORE_RNASEQ:RNASEQ:ALIGN_STAR:BAM_SORT_STATS_SAMTOOLS:SAMTOOLS_INDEX (TREATMENT_rhIFNb_100000_REP2),COMPLETED,0,-,quay.io/biocontainers/samtools:1.17--h00cdaf9_0,2,14400000,-,12884901888,1,1715236910628,1715236911000,1715236931000,20372,20000,-,112.1,0.0,18669568,176586752,18669568,231661568,1632876082,2343113,50057,589,17797120,2347008,105964,52,/input/data/work/25/c8fa280a13ea4e76c3fb30caa98539,true,-
316,1491173860,hu-worker-c27,1e/f4c2f9,nf-1ef4c2f921709ea6327cca0b41a87ebd,NFCORE_RNASEQ:RNASEQ:ALIGN_STAR:BAM_SORT_STATS_SAMTOOLS:SAMTOOLS_INDEX,TREATMENT_mIFNa11_100000_REP3,NFCORE_RNASEQ:RNASEQ:ALIGN_STAR:BAM_SORT_STATS_SAMTOOLS:SAMTOOLS_INDEX (TREATMENT_mIFNa11_100000_REP3),COMPLETED,0,-,quay.io/biocontainers/samtools:1.17--h00cdaf9_0,2,14400000,-,12884901888,1,1715236925411,1715236926000,1715236939000,13589,13000,-,138.6,0.0,18837504,176472064,18837504,231661568,1491314998,2316881,45735,583,15777792,2322432,100452,50,/input/data/work/1e/f4c2f921709ea6327cca0b41a87ebd,true,-
314,1699910617,hu-worker-c34,4b/4f5590,nf-4b4f55908a7474670fa13dfa0093a632,NFCORE_RNASEQ:RNASEQ:ALIGN_STAR:BAM_SORT_STATS_SAMTOOLS:SAMTOOLS_INDEX,TREATMENT_rhIFNa2b_100_REP3,NFCORE_RNASEQ:RNASEQ:ALIGN_STAR:BAM_SORT_STATS_SAMTOOLS:SAMTOOLS_INDEX (TREATMENT_rhIFNa2b_100_REP3),COMPLETED,0,-,quay.io/biocontainers/samtools:1.17--h00cdaf9_0,2,14400000,-,12884901888,1,1715236920513,1715236921000,1715236950000,29487,29000,-,93.4,0.0,21057536,178847744,21057536,231661568,1700051076,2380485,52106,598,4194304,2383872,133473,339,/input/data/work/4b/4f55908a7474670fa13dfa0093a632,true,-
327,2367639056,hu-worker-c25,18/40c602,nf-1840c602fff0b94a6adcd087b418e479,NFCORE_RNASEQ:RNASEQ:ALIGN_STAR:BAM_SORT_STATS_SAMTOOLS:BAM_STATS_SAMTOOLS:SAMTOOLS_IDXSTATS,TREATMENT_rhIFNb_10000_REP3,NFCORE_RNASEQ:RNASEQ:ALIGN_STAR:BAM_SORT_STATS_SAMTOOLS:BAM_STATS_SAMTOOLS:SAMTOOLS_IDXSTATS (TREATMENT_rhIFNb_10000_REP3),COMPLETED,0,-,quay.io/biocontainers/samtools:1.17--h00cdaf9_0,1,14400000,-,6442450944,1,1715236951410,1715236952000,1715236952000,590,0,-,47.5,0.0,3174400,5640192,3174400,5644288,2755892,5538,269,19,8417280,12288,3,3,/input/data/work/18/40c602fff0b94a6adcd087b418e479,true,-
336,2114290788,hu-worker-c28,5c/43d2fe,nf-5c43d2fe72a6fd86093e3f78445adf6a,NFCORE_RNASEQ:RNASEQ:ALIGN_STAR:BAM_SORT_STATS_SAMTOOLS:BAM_STATS_SAMTOOLS:SAMTOOLS_IDXSTATS,TREATMENT_rhIFNb_1000_REP2,NFCORE_RNASEQ:RNASEQ:ALIGN_STAR:BAM_SORT_STATS_SAMTOOLS:BAM_STATS_SAMTOOLS:SAMTOOLS_IDXSTATS (TREATMENT_rhIFNb_1000_REP2),COMPLETED,0,-,quay.io/biocontainers/samtools:1.17--h00cdaf9_0,1,14400000,-,6442450944,1,1715236951540,1715236952000,1715236952000,460,0,-,56.9,0.0,3174400,5640192,3174400,5644288,2722196,5531,268,19,0,12288,3,3,/input/data/work/5c/43d2fe72a6fd86093e3f78445adf6a,true,-
357,1990184758,hu-worker-c25,17/d03400,nf-17d034008d0d66fb01b0bb980d36ce68,NFCORE_RNASEQ:RNASEQ:ALIGN_STAR:BAM_SORT_STATS_SAMTOOLS:BAM_STATS_SAMTOOLS:SAMTOOLS_IDXSTATS,TREATMENT_rhIFNa2b_1000_REP3,NFCORE_RNASEQ:RNASEQ:ALIGN_STAR:BAM_SORT_STATS_SAMTOOLS:BAM_STATS_SAMTOOLS:SAMTOOLS_IDXSTATS (TREATMENT_rhIFNa2b_1000_REP3),COMPLETED,0,-,quay.io/biocontainers/samtools:1.17--h00cdaf9_0,1,14400000,-,6442450944,1,1715236951590,1715236952000,1715236952000,410,0,-,69.2,0.0,3162112,5640192,3162112,5644288,2667494,5535,268,19,4198400,12288,3,0,/input/data/work/17/d034008d0d66fb01b0bb980d36ce68,true,-
352,2018962147,hu-worker-c41,c3/a782e8,nf-c3a782e88c2df21c1243987792002dae,NFCORE_RNASEQ:RNASEQ:ALIGN_STAR:BAM_SORT_STATS_SAMTOOLS:BAM_STATS_SAMTOOLS:SAMTOOLS_IDXSTATS,TREATMENT_rhIFNb_1000_REP3,NFCORE_RNASEQ:RNASEQ:ALIGN_STAR:BAM_SORT_STATS_SAMTOOLS:BAM_STATS_SAMTOOLS:SAMTOOLS_IDXSTATS (TREATMENT_rhIFNb_1000_REP3),COMPLETED,0,-,quay.io/biocontainers/samtools:1.17--h00cdaf9_0,1,14400000,-,6442450944,1,1715236951643,1715236952000,1715236952000,357,0,-,57.9,0.0,4718592,12623872,4878336,12627968,2664283,5535,267,19,5435392,12288,7,4,/input/data/work/c3/a782e88c2df21c1243987792002dae,true,-
356,2022611537,hu-worker-c35,d1/8ae3fe,nf-d18ae3fe1720da0d0c51a06620b352d2,NFCORE_RNASEQ:RNASEQ:ALIGN_STAR:BAM_SORT_STATS_SAMTOOLS:BAM_STATS_SAMTOOLS:SAMTOOLS_IDXSTATS,TREATMENT_mIFNa11_10000_REP1,NFCORE_RNASEQ:RNASEQ:ALIGN_STAR:BAM_SORT_STATS_SAMTOOLS:BAM_STATS_SAMTOOLS:SAMTOOLS_IDXSTATS (TREATMENT_mIFNa11_10000_REP1),COMPLETED,0,-,quay.io/biocontainers/samtools:1.17--h00cdaf9_0,1,14400000,-,6442450944,1,1715236951724,1715236952000,1715236952000,276,0,-,56.7,0.0,3235840,5640192,3235840,5644288,2667329,5549,268,19,581632,12288,3,3,/input/data/work/d1/8ae3fe1720da0d0c51a06620b352d2,true,-
348,2095045180,hu-worker-c27,9a/44d173,nf-9a44d17331341a72ae8213bb47a99dd8,NFCORE_RNASEQ:RNASEQ:ALIGN_STAR:BAM_SORT_STATS_SAMTOOLS:BAM_STATS_SAMTOOLS:SAMTOOLS_IDXSTATS,TREATMENT_rhINFa2b_100000_REP3,NFCORE_RNASEQ:RNASEQ:ALIGN_STAR:BAM_SORT_STATS_SAMTOOLS:BAM_STATS_SAMTOOLS:SAMTOOLS_IDXSTATS (TREATMENT_rhINFa2b_100000_REP3),COMPLETED,0,-,quay.io/biocontainers/samtools:1.17--h00cdaf9_0,1,14400000,-,6442450944,1,1715236951748,1715236952000,1715236952000,252,0,-,65.0,0.0,3186688,5640192,3186688,5644288,2697446,5550,268,19,4521984,12288,3,3,/input/data/work/9a/44d17331341a72ae8213bb47a99dd8,true,-
321,2441851161,hu-worker-c35,02/63f4b0,nf-0263f4b0be3b37f92bcfcb7adf91db63,NFCORE_RNASEQ:RNASEQ:ALIGN_STAR:BAM_SORT_STATS_SAMTOOLS:BAM_STATS_SAMTOOLS:SAMTOOLS_IDXSTATS,TREATMENT_rhINFa2b_100000_REP1,NFCORE_RNASEQ:RNASEQ:ALIGN_STAR:BAM_SORT_STATS_SAMTOOLS:BAM_STATS_SAMTOOLS:SAMTOOLS_IDXSTATS (TREATMENT_rhINFa2b_100000_REP1),COMPLETED,0,-,quay.io/biocontainers/samtools:1.17--h00cdaf9_0,1,14400000,-,6442450944,1,1715236951821,1715236952000,1715236953000,1179,0,-,58.4,0.0,3149824,5640192,3149824,5644288,2809252,5553,270,19,8626176,12288,3,3,/input/data/work/02/63f4b0be3b37f92bcfcb7adf91db63,true,-
429,1493485780,hu-worker-c42,0c/cbfba9,nf-0ccbfba93b407ba15357c45646ec1802,NFCORE_RNASEQ:RNASEQ:ALIGN_STAR:BAM_SORT_STATS_SAMTOOLS:BAM_STATS_SAMTOOLS:SAMTOOLS_IDXSTATS,TREATMENT_mIFNa11_100000_REP3,NFCORE_RNASEQ:RNASEQ:ALIGN_STAR:BAM_SORT_STATS_SAMTOOLS:BAM_STATS_SAMTOOLS:SAMTOOLS_IDXSTATS (TREATMENT_mIFNa11_100000_REP3),COMPLETED,0,-,quay.io/biocontainers/samtools:1.17--h00cdaf9_0,1,14400000,-,6442450944,1,1715236951845,1715236952000,1715236952000,155,0,-,53.0,0.0,3325952,5640192,3325952,5644288,2486373,5527,265,19,4198400,12288,1,1,/input/data/work/0c/cbfba93b407ba15357c45646ec1802,true,-
343,2101382093,hu-worker-c24,bb/be9f1e,nf-bbbe9f1e9c54a08ccfd3bbfc39ae495a,NFCORE_RNASEQ:RNASEQ:ALIGN_STAR:BAM_SORT_STATS_SAMTOOLS:BAM_STATS_SAMTOOLS:SAMTOOLS_IDXSTATS,TREATMENT_mIFNa11_1000_REP1,NFCORE_RNASEQ:RNASEQ:ALIGN_STAR:BAM_SORT_STATS_SAMTOOLS:BAM_STATS_SAMTOOLS:SAMTOOLS_IDXSTATS (TREATMENT_mIFNa11_1000_REP1),COMPLETED,0,-,quay.io/biocontainers/samtools:1.17--h00cdaf9_0,1,14400000,-,6442450944,1,1715236951962,1715236952000,1715236953000,1038,1000,-,63.4,0.0,3252224,5640192,3252224,5644288,2679601,5547,268,19,4198400,12288,3,3,/input/data/work/bb/be9f1e9c54a08ccfd3bbfc39ae495a,true,-
346,2122167537,hu-worker-c28,d9/8317e7,nf-d98317e772ada601e9661579fabb08d4,NFCORE_RNASEQ:RNASEQ:ALIGN_STAR:BAM_SORT_STATS_SAMTOOLS:BAM_STATS_SAMTOOLS:SAMTOOLS_IDXSTATS,TREATMENT_rhIFNb_100_REP3,NFCORE_RNASEQ:RNASEQ:ALIGN_STAR:BAM_SORT_STATS_SAMTOOLS:BAM_STATS_SAMTOOLS:SAMTOOLS_IDXSTATS (TREATMENT_rhIFNb_100_REP3),COMPLETED,0,-,quay.io/biocontainers/samtools:1.17--h00cdaf9_0,1,14400000,-,6442450944,1,1715236951991,1715236953000,1715236953000,1009,0,-,74.2,0.0,3239936,5640192,3239936,5644288,2747234,5550,269,19,0,12288,3,5,/input/data/work/d9/8317e772ada601e9661579fabb08d4,true,-
332,2153961707,hu-worker-c35,91/b90e3b,nf-91b90e3b3103f4f01eddb7be661b11e6,NFCORE_RNASEQ:RNASEQ:ALIGN_STAR:BAM_SORT_STATS_SAMTOOLS:BAM_STATS_SAMTOOLS:SAMTOOLS_FLAGSTAT,TREATMENT_mIFNa11_1000_REP3,NFCORE_RNASEQ:RNASEQ:ALIGN_STAR:BAM_SORT_STATS_SAMTOOLS:BAM_STATS_SAMTOOLS:SAMTOOLS_FLAGSTAT (TREATMENT_mIFNa11_1000_REP3),COMPLETED,0,-,quay.io/biocontainers/samtools:1.17--h00cdaf9_0,1,14400000,-,6442450944,1,1715236951447,1715236952000,1715236972000,20553,20000,-,137.3,0.0,6807552,164413440,6807552,231661568,2151579589,5533,65886,19,6152192,12288,147247,47,/input/data/work/91/b90e3b3103f4f01eddb7be661b11e6,true,-
326,2308699738,hu-worker-c42,3d/40c1df,nf-3d40c1df74f033c1ace5d2d2485008f8,NFCORE_RNASEQ:RNASEQ:ALIGN_STAR:BAM_SORT_STATS_SAMTOOLS:BAM_STATS_SAMTOOLS:SAMTOOLS_FLAGSTAT,TREATMENT_mIFNa11_1000_REP2,NFCORE_RNASEQ:RNASEQ:ALIGN_STAR:BAM_SORT_STATS_SAMTOOLS:BAM_STATS_SAMTOOLS:SAMTOOLS_FLAGSTAT (TREATMENT_mIFNa11_1000_REP2),COMPLETED,0,-,quay.io/biocontainers/samtools:1.17--h00cdaf9_0,1,14400000,-,6442450944,1,1715236951485,1715236952000,1715236973000,21515,21000,-,135.6,0.0,6955008,164413440,6955008,231661568,2306257718,5515,70608,19,8396800,12288,199401,67,/input/data/work/3d/40c1df74f033c1ace5d2d2485008f8,true,-
349,2122167537,hu-worker-c42,14/e9315d,nf-14e9315d7a47eb904bf7ac68e64bceda,NFCORE_RNASEQ:RNASEQ:ALIGN_STAR:BAM_SORT_STATS_SAMTOOLS:BAM_STATS_SAMTOOLS:SAMTOOLS_FLAGSTAT,TREATMENT_rhIFNb_100_REP3,NFCORE_RNASEQ:RNASEQ:ALIGN_STAR:BAM_SORT_STATS_SAMTOOLS:BAM_STATS_SAMTOOLS:SAMTOOLS_FLAGSTAT (TREATMENT_rhIFNb_100_REP3),COMPLETED,0,-,quay.io/biocontainers/samtools:1.17--h00cdaf9_0,1,14400000,-,6442450944,1,1715236951616,1715236952000,1715236971000,19384,19000,-,135.0,0.0,6901760,164413440,6901760,231661568,2119736002,5515,64915,19,8392704,12288,154829,89,/input/data/work/14/e9315d7a47eb904bf7ac68e64bceda,true,-
335,2166789699,hu-worker-c34,4f/dc95cd,nf-4fdc95cd67d92a8ea0e1937081c8d6a5,NFCORE_RNASEQ:RNASEQ:ALIGN_STAR:BAM_SORT_STATS_SAMTOOLS:BAM_STATS_SAMTOOLS:SAMTOOLS_FLAGSTAT,TREATMENT_rhIFNb_10000_REP2,NFCORE_RNASEQ:RNASEQ:ALIGN_STAR:BAM_SORT_STATS_SAMTOOLS:BAM_STATS_SAMTOOLS:SAMTOOLS_FLAGSTAT (TREATMENT_rhIFNb_10000_REP2),COMPLETED,0,-,quay.io/biocontainers/samtools:1.17--h00cdaf9_0,1,14400000,-,6442450944,1,1715236951672,1715236952000,1715236972000,20328,19000,-,137.0,0.0,7028736,164413440,7028736,231661568,2164437716,5533,66279,19,4198400,12288,152912,56,/input/data/work/4f/dc95cd67d92a8ea0e1937081c8d6a5,true,-
350,2095045180,hu-worker-c34,94/b5ec4c,nf-94b5ec4cc4d3f0771fcd3efc0cf6a0a4,NFCORE_RNASEQ:RNASEQ:ALIGN_STAR:BAM_SORT_STATS_SAMTOOLS:BAM_STATS_SAMTOOLS:SAMTOOLS_FLAGSTAT,TREATMENT_rhINFa2b_100000_REP3,NFCORE_RNASEQ:RNASEQ:ALIGN_STAR:BAM_SORT_STATS_SAMTOOLS:BAM_STATS_SAMTOOLS:SAMTOOLS_FLAGSTAT (TREATMENT_rhINFa2b_100000_REP3),COMPLETED,0,-,quay.io/biocontainers/samtools:1.17--h00cdaf9_0,1,14400000,-,6442450944,1,1715236951699,1715236952000,1715236972000,20301,19000,-,134.0,0.0,7004160,164413440,7004160,231661568,2092663363,5515,64091,19,4096,12288,147226,69,/input/data/work/94/b5ec4cc4d3f0771fcd3efc0cf6a0a4,true,-
351,2018962147,hu-worker-c28,4b/2b3f0d,nf-4b2b3f0d84f62f75c81e39a7d16b7dd7,NFCORE_RNASEQ:RNASEQ:ALIGN_STAR:BAM_SORT_STATS_SAMTOOLS:BAM_STATS_SAMTOOLS:SAMTOOLS_FLAGSTAT,TREATMENT_rhIFNb_1000_REP3,NFCORE_RNASEQ:RNASEQ:ALIGN_STAR:BAM_SORT_STATS_SAMTOOLS:BAM_STATS_SAMTOOLS:SAMTOOLS_FLAGSTAT (TREATMENT_rhIFNb_1000_REP3),COMPLETED,0,-,quay.io/biocontainers/samtools:1.17--h00cdaf9_0,1,14400000,-,6442450944,1,1715236951765,1715236952000,1715236971000,19235,19000,-,133.7,0.0,6914048,164413440,6914048,231661568,2016613619,5533,61769,19,4194304,12288,149928,71,/input/data/work/4b/2b3f0d84f62f75c81e39a7d16b7dd7,true,-
354,2022611537,hu-worker-c41,27/241065,nf-2724106598646a0e1608b365c22ddf0c,NFCORE_RNASEQ:RNASEQ:ALIGN_STAR:BAM_SORT_STATS_SAMTOOLS:BAM_STATS_SAMTOOLS:SAMTOOLS_FLAGSTAT,TREATMENT_mIFNa11_10000_REP1,NFCORE_RNASEQ:RNASEQ:ALIGN_STAR:BAM_SORT_STATS_SAMTOOLS:BAM_STATS_SAMTOOLS:SAMTOOLS_FLAGSTAT (TREATMENT_mIFNa11_10000_REP1),COMPLETED,0,-,quay.io/biocontainers/samtools:1.17--h00cdaf9_0,1,14400000,-,6442450944,1,1715236951867,1715236952000,1715236970000,18133,18000,-,135.4,0.0,6066176,164413440,6504448,231661568,2020252719,5531,61877,19,6619136,12288,156172,75,/input/data/work/27/24106598646a0e1608b365c22ddf0c,true,-
363,1894299101,hu-worker-c25,3b/d2892f,nf-3bd2892f3199ba06fea6bb6e2659b30b,NFCORE_RNASEQ:RNASEQ:ALIGN_STAR:BAM_SORT_STATS_SAMTOOLS:BAM_STATS_SAMTOOLS:SAMTOOLS_FLAGSTAT,TREATMENT_mIFNa11_100_REP2,NFCORE_RNASEQ:RNASEQ:ALIGN_STAR:BAM_SORT_STATS_SAMTOOLS:BAM_STATS_SAMTOOLS:SAMTOOLS_FLAGSTAT (TREATMENT_mIFNa11_100_REP2),COMPLETED,0,-,quay.io/biocontainers/samtools:1.17--h00cdaf9_0,1,14400000,-,6442450944,1,1715236951896,1715236952000,1715236970000,18104,18000,-,134.7,0.0,6873088,164413440,6897664,231661568,1892000953,5518,57966,19,4194304,12288,151435,86,/input/data/work/3b/d2892f3199ba06fea6bb6e2659b30b,true,-
330,2367639056,hu-worker-c34,dd/613f97,nf-dd613f97b32d3e03e5cc773c6b1caccf,NFCORE_RNASEQ:RNASEQ:ALIGN_STAR:BAM_SORT_STATS_SAMTOOLS:BAM_STATS_SAMTOOLS:SAMTOOLS_FLAGSTAT,TREATMENT_rhIFNb_10000_REP3,NFCORE_RNASEQ:RNASEQ:ALIGN_STAR:BAM_SORT_STATS_SAMTOOLS:BAM_STATS_SAMTOOLS:SAMTOOLS_FLAGSTAT (TREATMENT_rhIFNb_10000_REP3),COMPLETED,0,-,quay.io/biocontainers/samtools:1.17--h00cdaf9_0,1,14400000,-,6442450944,1,1715236951923,1715236952000,1715236973000,21077,21000,-,136.7,0.0,7049216,164413440,7049216,231661568,2365198793,5533,72408,19,0,12288,205073,88,/input/data/work/dd/613f97b32d3e03e5cc773c6b1caccf,true,-
345,5269456519,hu-worker-c24,7f/ac05b6,nf-7fac05b66408709fab58408860e3ad98,NFCORE_RNASEQ:RNASEQ:ALIGN_STAR:BAM_SORT_STATS_SAMTOOLS:BAM_STATS_SAMTOOLS:SAMTOOLS_STATS,TREATMENT_rhIFNb_100_REP3,NFCORE_RNASEQ:RNASEQ:ALIGN_STAR:BAM_SORT_STATS_SAMTOOLS:BAM_STATS_SAMTOOLS:SAMTOOLS_STATS (TREATMENT_rhIFNb_100_REP3),COMPLETED,0,-,quay.io/biocontainers/samtools:1.17--h00cdaf9_0,1,14400000,-,6442450944,1,1715236951512,1715236952000,1715237030000,78488,78000,-,134.9,0.0,8458240,166514688,8458240,232898560,2119737285,288236,64916,88,98304,294912,454,674,/input/data/work/7f/ac05b66408709fab58408860e3ad98,true,-
347,5242334162,hu-worker-c27,e1/f1e1be,nf-e1f1e1be2fc43cac480686926c386f5e,NFCORE_RNASEQ:RNASEQ:ALIGN_STAR:BAM_SORT_STATS_SAMTOOLS:BAM_STATS_SAMTOOLS:SAMTOOLS_STATS,TREATMENT_rhINFa2b_100000_REP3,NFCORE_RNASEQ:RNASEQ:ALIGN_STAR:BAM_SORT_STATS_SAMTOOLS:BAM_STATS_SAMTOOLS:SAMTOOLS_STATS (TREATMENT_rhINFa2b_100000_REP3),COMPLETED,0,-,quay.io/biocontainers/samtools:1.17--h00cdaf9_0,1,14400000,-,6442450944,1,1715236951791,1715236953000,1715237031000,79209,78000,-,135.3,0.0,8060928,166514688,8114176,233082880,2092665066,286019,64091,87,1835008,290816,413,593,/input/data/work/e1/f1e1be2fc43cac480686926c386f5e,true,-
355,5169900519,hu-worker-c42,25/87afba,nf-2587afbabe9bb1e3a18dcfbec0e79eb3,NFCORE_RNASEQ:RNASEQ:ALIGN_STAR:BAM_SORT_STATS_SAMTOOLS:BAM_STATS_SAMTOOLS:SAMTOOLS_STATS,TREATMENT_mIFNa11_10000_REP1,NFCORE_RNASEQ:RNASEQ:ALIGN_STAR:BAM_SORT_STATS_SAMTOOLS:BAM_STATS_SAMTOOLS:SAMTOOLS_STATS (TREATMENT_mIFNa11_10000_REP1),COMPLETED,0,-,quay.io/biocontainers/samtools:1.17--h00cdaf9_0,1,14400000,-,6442450944,1,1715236952059,1715236955000,1715237032000,79941,77000,-,134.9,0.0,8425472,166514688,8425472,232898560,2020260307,286240,61879,87,0,290816,391,535,/input/data/work/25/87afbabe9bb1e3a18dcfbec0e79eb3,true,-
337,5261579770,hu-worker-c24,86/28cb54,nf-8628cb54daa8c005dff35c8dd1302285,NFCORE_RNASEQ:RNASEQ:ALIGN_STAR:BAM_SORT_STATS_SAMTOOLS:BAM_STATS_SAMTOOLS:SAMTOOLS_STATS,TREATMENT_rhIFNb_1000_REP2,NFCORE_RNASEQ:RNASEQ:ALIGN_STAR:BAM_SORT_STATS_SAMTOOLS:BAM_STATS_SAMTOOLS:SAMTOOLS_STATS (TREATMENT_rhIFNb_1000_REP2),COMPLETED,0,-,quay.io/biocontainers/samtools:1.17--h00cdaf9_0,1,14400000,-,6442450944,1,1715236953550,1715236955000,1715237034000,80450,79000,-,134.9,0.0,8400896,166514688,8400896,232898560,2111885555,286606,64676,87,0,290816,347,616,/input/data/work/86/28cb54daa8c005dff35c8dd1302285,true,-
360,5137473740,hu-worker-c28,9e/beefd3,nf-9ebeefd35a8581b7b816503bd7f94efe,NFCORE_RNASEQ:RNASEQ:ALIGN_STAR:BAM_SORT_STATS_SAMTOOLS:BAM_STATS_SAMTOOLS:SAMTOOLS_STATS,TREATMENT_rhIFNa2b_1000_REP3,NFCORE_RNASEQ:RNASEQ:ALIGN_STAR:BAM_SORT_STATS_SAMTOOLS:BAM_STATS_SAMTOOLS:SAMTOOLS_STATS (TREATMENT_rhIFNa2b_1000_REP3),COMPLETED,0,-,quay.io/biocontainers/samtools:1.17--h00cdaf9_0,1,14400000,-,6442450944,1,1715236954100,1715236956000,1715237035000,80900,79000,-,133.2,0.0,8347648,166514688,8347648,233082880,1987834574,285744,60890,87,0,290816,438,619,/input/data/work/9e/beefd35a8581b7b816503bd7f94efe,true,-
353,5166251129,hu-worker-c35,2c/18b38c,nf-2c18b38c2cbcd38a76251f294973c78c,NFCORE_RNASEQ:RNASEQ:ALIGN_STAR:BAM_SORT_STATS_SAMTOOLS:BAM_STATS_SAMTOOLS:SAMTOOLS_STATS,TREATMENT_rhIFNb_1000_REP3,NFCORE_RNASEQ:RNASEQ:ALIGN_STAR:BAM_SORT_STATS_SAMTOOLS:BAM_STATS_SAMTOOLS:SAMTOOLS_STATS (TREATMENT_rhIFNb_1000_REP3),COMPLETED,0,-,quay.io/biocontainers/samtools:1.17--h00cdaf9_0,1,14400000,-,6442450944,1,1715236954288,1715236955000,1715237031000,76712,75000,-,137.1,0.0,8224768,166514688,8224768,232898560,2016613984,286297,61768,87,5099520,290816,549,436,/input/data/work/2c/18b38c2cbcd38a76251f294973c78c,true,-
339,5302839492,hu-worker-c41,93/d627e8,nf-93d627e87940b5c020c6e9e1c92fedf0,NFCORE_RNASEQ:RNASEQ:ALIGN_STAR:BAM_SORT_STATS_SAMTOOLS:BAM_STATS_SAMTOOLS:SAMTOOLS_STATS,TREATMENT_rhIFNb_100_REP1,NFCORE_RNASEQ:RNASEQ:ALIGN_STAR:BAM_SORT_STATS_SAMTOOLS:BAM_STATS_SAMTOOLS:SAMTOOLS_STATS (TREATMENT_rhIFNb_100_REP1),COMPLETED,0,-,quay.io/biocontainers/samtools:1.17--h00cdaf9_0,1,14400000,-,6442450944,1,1715236952042,1715236955000,1715237033000,80958,78000,-,134.1,0.0,7954432,166514688,8089600,233082880,2153127254,286770,65937,87,147456,290816,483,531,/input/data/work/93/d627e87940b5c020c6e9e1c92fedf0,true,-
342,5248671075,hu-worker-c35,bd/297158,nf-bd29715839aafdf21aec2eb5c67043ae,NFCORE_RNASEQ:RNASEQ:ALIGN_STAR:BAM_SORT_STATS_SAMTOOLS:BAM_STATS_SAMTOOLS:SAMTOOLS_STATS,TREATMENT_mIFNa11_1000_REP1,NFCORE_RNASEQ:RNASEQ:ALIGN_STAR:BAM_SORT_STATS_SAMTOOLS:BAM_STATS_SAMTOOLS:SAMTOOLS_STATS (TREATMENT_mIFNa11_1000_REP1),COMPLETED,0,-,quay.io/biocontainers/samtools:1.17--h00cdaf9_0,1,14400000,-,6442450944,1,1715236952190,1715236956000,1715237035000,82810,79000,-,136.5,0.0,8278016,166514688,8278016,232898560,2099018819,286271,64285,87,0,290816,432,277,/input/data/work/bd/29715839aafdf21aec2eb5c67043ae,true,-
333,5314078681,hu-worker-c25,71/fce0a9,nf-71fce0a960abc4eea6931fc1ce8b94ce,NFCORE_RNASEQ:RNASEQ:ALIGN_STAR:BAM_SORT_STATS_SAMTOOLS:BAM_STATS_SAMTOOLS:SAMTOOLS_STATS,TREATMENT_rhIFNb_10000_REP2,NFCORE_RNASEQ:RNASEQ:ALIGN_STAR:BAM_SORT_STATS_SAMTOOLS:BAM_STATS_SAMTOOLS:SAMTOOLS_STATS (TREATMENT_rhIFNb_10000_REP2),COMPLETED,0,-,quay.io/biocontainers/samtools:1.17--h00cdaf9_0,1,14400000,-,6442450944,1,1715236953425,1715236955000,1715237037000,83575,82000,-,134.9,0.0,8310784,166514688,8310784,233082880,2164439383,286954,66280,87,0,290816,446,516,/input/data/work/71/fce0a960abc4eea6931fc1ce8b94ce,true,-
331,5301250689,hu-worker-c27,d2/558425,nf-d255842595b2408649d9cf294e26176b,NFCORE_RNASEQ:RNASEQ:ALIGN_STAR:BAM_SORT_STATS_SAMTOOLS:BAM_STATS_SAMTOOLS:SAMTOOLS_STATS,TREATMENT_mIFNa11_1000_REP3,NFCORE_RNASEQ:RNASEQ:ALIGN_STAR:BAM_SORT_STATS_SAMTOOLS:BAM_STATS_SAMTOOLS:SAMTOOLS_STATS (TREATMENT_mIFNa11_1000_REP3),COMPLETED,0,-,quay.io/biocontainers/samtools:1.17--h00cdaf9_0,1,14400000,-,6442450944,1,1715236953570,1715236955000,1715237038000,84430,83000,-,133.2,0.0,8056832,166514688,8110080,232898560,2151581235,287036,65885,87,0,290816,529,719,/input/data/work/d2/55842595b2408649d9cf294e26176b,true,-
325,5455988720,hu-worker-c27,4d/1a5003,nf-4d1a5003a18725c5972382317737eb4e,NFCORE_RNASEQ:RNASEQ:ALIGN_STAR:BAM_SORT_STATS_SAMTOOLS:BAM_STATS_SAMTOOLS:SAMTOOLS_STATS,TREATMENT_mIFNa11_1000_REP2,NFCORE_RNASEQ:RNASEQ:ALIGN_STAR:BAM_SORT_STATS_SAMTOOLS:BAM_STATS_SAMTOOLS:SAMTOOLS_STATS (TREATMENT_mIFNa11_1000_REP2),COMPLETED,0,-,quay.io/biocontainers/samtools:1.17--h00cdaf9_0,1,14400000,-,6442450944,1,1715236951383,1715236952000,1715237041000,89617,88000,-,133.9,0.0,8187904,166514688,8273920,232898560,2306259307,288339,70608,88,4665344,294912,434,518,/input/data/work/4d/1a5003a18725c5972382317737eb4e,true,-
328,5514928038,hu-worker-c24,df/5171ae,nf-df5171aef4dca4071ace5cd0be288c2c,NFCORE_RNASEQ:RNASEQ:ALIGN_STAR:BAM_SORT_STATS_SAMTOOLS:BAM_STATS_SAMTOOLS:SAMTOOLS_STATS,TREATMENT_rhIFNb_10000_REP3,NFCORE_RNASEQ:RNASEQ:ALIGN_STAR:BAM_SORT_STATS_SAMTOOLS:BAM_STATS_SAMTOOLS:SAMTOOLS_STATS (TREATMENT_rhIFNb_10000_REP3),COMPLETED,0,-,quay.io/biocontainers/samtools:1.17--h00cdaf9_0,1,14400000,-,6442450944,1,1715236951564,1715236952000,1715237041000,89436,89000,-,134.3,0.0,8458240,166514688,8458240,232898560,2365200121,287845,72409,88,0,294912,327,824,/input/data/work/df/5171aef4dca4071ace5cd0be288c2c,true,-
367,4982836454,hu-worker-c34,4c/2aaa3e,nf-4c2aaa3eed492b075a86024b9d79a5c4,NFCORE_RNASEQ:RNASEQ:ALIGN_STAR:BAM_SORT_STATS_SAMTOOLS:BAM_STATS_SAMTOOLS:SAMTOOLS_STATS,TREATMENT_rhIFNa2b_1000_REP1,NFCORE_RNASEQ:RNASEQ:ALIGN_STAR:BAM_SORT_STATS_SAMTOOLS:BAM_STATS_SAMTOOLS:SAMTOOLS_STATS (TREATMENT_rhIFNa2b_1000_REP1),COMPLETED,0,-,quay.io/biocontainers/samtools:1.17--h00cdaf9_0,1,14400000,-,6442450944,1,1715236952265,1715236975000,1715237042000,89735,67000,-,135.8,0.0,8392704,166514688,8392704,232898560,1833262183,285243,56173,87,0,290816,321,244,/input/data/work/4c/2aaa3eed492b075a86024b9d79a5c4,true,-
373,5027808542,hu-worker-c41,a4/d6d93a,nf-a4d6d93a5a3c6addedabc7f29d761e1f,NFCORE_RNASEQ:RNASEQ:ALIGN_STAR:BAM_SORT_STATS_SAMTOOLS:BAM_STATS_SAMTOOLS:SAMTOOLS_STATS,TREATMENT_rhIFNb_100000_REP1,NFCORE_RNASEQ:RNASEQ:ALIGN_STAR:BAM_SORT_STATS_SAMTOOLS:BAM_STATS_SAMTOOLS:SAMTOOLS_STATS (TREATMENT_rhIFNb_100000_REP1),COMPLETED,0,-,quay.io/biocontainers/samtools:1.17--h00cdaf9_0,1,14400000,-,6442450944,1,1715236952364,1715236973000,1715237043000,90636,70000,-,134.4,0.0,8011776,166514688,8077312,233082880,1878251708,284893,57544,87,0,290816,307,482,/input/data/work/a4/d6d93a5a3c6addedabc7f29d761e1f,true,-
375,4954332169,hu-worker-c35,a3/d33f4d,nf-a3d33f4d8c3827a6c694a6a543446cfb,NFCORE_RNASEQ:RNASEQ:ALIGN_STAR:BAM_SORT_STATS_SAMTOOLS:BAM_STATS_SAMTOOLS:SAMTOOLS_STATS,TREATMENT_rhINFa2b_100000_REP2,NFCORE_RNASEQ:RNASEQ:ALIGN_STAR:BAM_SORT_STATS_SAMTOOLS:BAM_STATS_SAMTOOLS:SAMTOOLS_STATS (TREATMENT_rhINFa2b_100000_REP2),COMPLETED,0,-,quay.io/biocontainers/samtools:1.17--h00cdaf9_0,1,14400000,-,6442450944,1,1715236952415,1715236974000,1715237046000,93585,70000,-,134.1,0.0,8314880,166514688,8314880,232898560,1804764228,284546,55304,87,8388608,290816,344,479,/input/data/work/a3/d33f4d8c3827a6c694a6a543446cfb,true,-
366,5014024695,hu-worker-c42,28/26a652,nf-2826a652ae1bf7d4d7082d6cf9946c96,NFCORE_RNASEQ:RNASEQ:ALIGN_STAR:BAM_SORT_STATS_SAMTOOLS:BAM_STATS_SAMTOOLS:SAMTOOLS_STATS,TREATMENT_rhIFNb_1000_REP1,NFCORE_RNASEQ:RNASEQ:ALIGN_STAR:BAM_SORT_STATS_SAMTOOLS:BAM_STATS_SAMTOOLS:SAMTOOLS_STATS (TREATMENT_rhIFNb_1000_REP1),COMPLETED,0,-,quay.io/biocontainers/samtools:1.17--h00cdaf9_0,1,14400000,-,6442450944,1,1715236952535,1715236974000,1715237042000,89465,68000,-,135.2,0.0,8593408,166514688,8593408,233082880,1864437917,285182,57125,87,0,290816,277,311,/input/data/work/28/26a652ae1bf7d4d7082d6cf9946c96,true,-
381,4944220641,hu-worker-c34,f1/0a0c6e,nf-f10a0c6ebc27923bec4d6b120512c237,NFCORE_RNASEQ:RNASEQ:ALIGN_STAR:BAM_SORT_STATS_SAMTOOLS:BAM_STATS_SAMTOOLS:SAMTOOLS_STATS,TREATMENT_rhIFNb_100_REP2,NFCORE_RNASEQ:RNASEQ:ALIGN_STAR:BAM_SORT_STATS_SAMTOOLS:BAM_STATS_SAMTOOLS:SAMTOOLS_STATS (TREATMENT_rhIFNb_100_REP2),COMPLETED,0,-,quay.io/biocontainers/samtools:1.17--h00cdaf9_0,1,14400000,-,6442450944,1,1715236952588,1715236976000,1715237044000,91412,68000,-,134.8,0.0,8597504,166514688,8597504,232898560,1794638260,284960,54994,87,0,290816,359,356,/input/data/work/f1/0a0c6ebc27923bec4d6b120512c237,true,-
320,2556880606,hu-worker-c34,7c/949a88,nf-7c949a882126e631daf3ac361699387a,NFCORE_RNASEQ:RNASEQ:ALIGN_STAR:BAM_SORT_STATS_SAMTOOLS:BAM_STATS_SAMTOOLS:SAMTOOLS_IDXSTATS,TREATMENT_rhINFa2b_10000_REP2,NFCORE_RNASEQ:RNASEQ:ALIGN_STAR:BAM_SORT_STATS_SAMTOOLS:BAM_STATS_SAMTOOLS:SAMTOOLS_IDXSTATS (TREATMENT_rhINFa2b_10000_REP2),COMPLETED,0,-,quay.io/biocontainers/samtools:1.17--h00cdaf9_0,1,14400000,-,6442450944,1,1715236952837,1715237047000,1715237047000,94163,0,-,62.3,0.0,3256320,5640192,3256320,5644288,2863026,5536,271,19,0,12288,3,2,/input/data/work/7c/949a882126e631daf3ac361699387a,true,-
364,5111877007,hu-worker-c25,20/d332b0,nf-20d332b052021b682eff96c7c41aecdd,NFCORE_RNASEQ:RNASEQ:ALIGN_STAR:BAM_SORT_STATS_SAMTOOLS:BAM_STATS_SAMTOOLS:SAMTOOLS_STATS,TREATMENT_rhINFa2b_10000_REP1,NFCORE_RNASEQ:RNASEQ:ALIGN_STAR:BAM_SORT_STATS_SAMTOOLS:BAM_STATS_SAMTOOLS:SAMTOOLS_STATS (TREATMENT_rhINFa2b_10000_REP1),COMPLETED,0,-,quay.io/biocontainers/samtools:1.17--h00cdaf9_0,1,14400000,-,6442450944,1,1715236953083,1715236972000,1715237045000,91917,73000,-,136.5,0.0,8163328,166514688,8163328,233082880,1962191534,285354,60108,87,4194304,290816,603,621,/input/data/work/20/d332b052021b682eff96c7c41aecdd,true,-
370,4975951811,hu-worker-c34,43/95eb69,nf-4395eb69238cdfe7492c3bf9777e0bdd,NFCORE_RNASEQ:RNASEQ:ALIGN_STAR:BAM_SORT_STATS_SAMTOOLS:BAM_STATS_SAMTOOLS:SAMTOOLS_STATS,TREATMENT_mIFNa11_10000_REP2,NFCORE_RNASEQ:RNASEQ:ALIGN_STAR:BAM_SORT_STATS_SAMTOOLS:BAM_STATS_SAMTOOLS:SAMTOOLS_STATS (TREATMENT_mIFNa11_10000_REP2),COMPLETED,0,-,quay.io/biocontainers/samtools:1.17--h00cdaf9_0,1,14400000,-,6442450944,1,1715236953224,1715236974000,1715237044000,90776,70000,-,134.7,0.0,8454144,166514688,8454144,233082880,1826357459,284783,55962,87,0,290816,408,248,/input/data/work/43/95eb69238cdfe7492c3bf9777e0bdd,true,-
323,5589140143,hu-worker-c25,44/0ecc12,nf-440ecc121935794c494dc2cf9a29a004,NFCORE_RNASEQ:RNASEQ:ALIGN_STAR:BAM_SORT_STATS_SAMTOOLS:BAM_STATS_SAMTOOLS:SAMTOOLS_STATS,TREATMENT_rhINFa2b_100000_REP1,NFCORE_RNASEQ:RNASEQ:ALIGN_STAR:BAM_SORT_STATS_SAMTOOLS:BAM_STATS_SAMTOOLS:SAMTOOLS_STATS (TREATMENT_rhINFa2b_100000_REP1),COMPLETED,0,-,quay.io/biocontainers/samtools:1.17--h00cdaf9_0,1,14400000,-,6442450944,1,1715236953368,1715236955000,1715237046000,92632,91000,-,135.2,0.0,8220672,166514688,8220672,232898560,2439358610,288562,74670,88,118784,294912,430,521,/input/data/work/44/0ecc121935794c494dc2cf9a29a004,true,-
324,2308699738,hu-worker-c25,b8/196476,nf-b819647662a3c7ff7e01032ecf84c763,NFCORE_RNASEQ:RNASEQ:ALIGN_STAR:BAM_SORT_STATS_SAMTOOLS:BAM_STATS_SAMTOOLS:SAMTOOLS_IDXSTATS,TREATMENT_mIFNa11_1000_REP2,NFCORE_RNASEQ:RNASEQ:ALIGN_STAR:BAM_SORT_STATS_SAMTOOLS:BAM_STATS_SAMTOOLS:SAMTOOLS_IDXSTATS (TREATMENT_mIFNa11_1000_REP2),COMPLETED,0,-,quay.io/biocontainers/samtools:1.17--h00cdaf9_0,1,14400000,-,6442450944,1,1715236953624,1715237048000,1715237048000,94376,0,-,54.2,0.0,3182592,5640192,3182592,5644288,2757716,5535,269,19,0,12288,3,2,/input/data/work/b8/19647662a3c7ff7e01032ecf84c763,true,-
361,5041588083,hu-worker-c28,59/d2a725,nf-59d2a7255d7a00e1ca16ccc600e501b4,NFCORE_RNASEQ:RNASEQ:ALIGN_STAR:BAM_SORT_STATS_SAMTOOLS:BAM_STATS_SAMTOOLS:SAMTOOLS_STATS,TREATMENT_mIFNa11_100_REP2,NFCORE_RNASEQ:RNASEQ:ALIGN_STAR:BAM_SORT_STATS_SAMTOOLS:BAM_STATS_SAMTOOLS:SAMTOOLS_STATS (TREATMENT_mIFNa11_100_REP2),COMPLETED,0,-,quay.io/biocontainers/samtools:1.17--h00cdaf9_0,1,14400000,-,6442450944,1,1715236953810,1715236973000,1715237049000,95190,76000,-,133.8,0.0,8310784,166514688,8310784,232898560,1892001968,286250,57964,87,0,290816,415,552,/input/data/work/59/d2a7255d7a00e1ca16ccc600e501b4,true,-
380,4951544639,hu-worker-c42,09/5b0dfd,nf-095b0dfd3567e32bc6f070f05e63ab58,NFCORE_RNASEQ:RNASEQ:ALIGN_STAR:BAM_SORT_STATS_SAMTOOLS:BAM_STATS_SAMTOOLS:SAMTOOLS_STATS,TREATMENT_mIFNa11_100_REP1,NFCORE_RNASEQ:RNASEQ:ALIGN_STAR:BAM_SORT_STATS_SAMTOOLS:BAM_STATS_SAMTOOLS:SAMTOOLS_STATS (TREATMENT_mIFNa11_100_REP1),COMPLETED,0,-,quay.io/biocontainers/samtools:1.17--h00cdaf9_0,1,14400000,-,6442450944,1,1715236954072,1715236975000,1715237044000,89928,68000,-,134.3,0.0,8232960,166514688,8232960,232898560,1801997550,284678,55220,87,0,290816,361,426,/input/data/work/09/5b0dfd3567e32bc6f070f05e63ab58,true,-
334,2166789699,hu-worker-c25,79/2e4dc6,nf-792e4dc67de072710deda433fe485653,NFCORE_RNASEQ:RNASEQ:ALIGN_STAR:BAM_SORT_STATS_SAMTOOLS:BAM_STATS_SAMTOOLS:SAMTOOLS_IDXSTATS,TREATMENT_rhIFNb_10000_REP2,NFCORE_RNASEQ:RNASEQ:ALIGN_STAR:BAM_SORT_STATS_SAMTOOLS:BAM_STATS_SAMTOOLS:SAMTOOLS_IDXSTATS (TREATMENT_rhIFNb_10000_REP2),COMPLETED,0,-,quay.io/biocontainers/samtools:1.17--h00cdaf9_0,1,14400000,-,6442450944,1,1715236952239,1715237048000,1715237048000,95761,0,-,60.0,0.0,3166208,5640192,3166208,5644288,2667612,5535,268,19,4218880,12288,2,2,/input/data/work/79/2e4dc67de072710deda433fe485653,true,-
319,5704169588,hu-worker-c28,10/f88cbc,nf-10f88cbc08bc47887b2acc71618b3d2f,NFCORE_RNASEQ:RNASEQ:ALIGN_STAR:BAM_SORT_STATS_SAMTOOLS:BAM_STATS_SAMTOOLS:SAMTOOLS_STATS,TREATMENT_rhINFa2b_10000_REP2,NFCORE_RNASEQ:RNASEQ:ALIGN_STAR:BAM_SORT_STATS_SAMTOOLS:BAM_STATS_SAMTOOLS:SAMTOOLS_STATS (TREATMENT_rhINFa2b_10000_REP2),COMPLETED,0,-,quay.io/biocontainers/samtools:1.17--h00cdaf9_0,1,14400000,-,6442450944,1,1715236953398,1715236955000,1715237053000,99602,98000,-,134.6,0.0,8388608,166514688,8388608,232898560,2554334229,289102,78178,88,4407296,294912,514,858,/input/data/work/10/f88cbc08bc47887b2acc71618b3d2f,true,-
329,2153961707,hu-worker-c28,b0/59bb6f,nf-b059bb6f3544c48dc2911f5731c2b3fa,NFCORE_RNASEQ:RNASEQ:ALIGN_STAR:BAM_SORT_STATS_SAMTOOLS:BAM_STATS_SAMTOOLS:SAMTOOLS_IDXSTATS,TREATMENT_mIFNa11_1000_REP3,NFCORE_RNASEQ:RNASEQ:ALIGN_STAR:BAM_SORT_STATS_SAMTOOLS:BAM_STATS_SAMTOOLS:SAMTOOLS_IDXSTATS (TREATMENT_mIFNa11_1000_REP3),COMPLETED,0,-,quay.io/biocontainers/samtools:1.17--h00cdaf9_0,1,14400000,-,6442450944,1,1715236953736,1715237051000,1715237051000,97264,0,-,38.6,0.0,4816896,12623872,4816896,12627968,2697742,5532,268,19,0,12288,8,7,/input/data/work/b0/59bb6f3544c48dc2911f5731c2b3fa,true,-
340,2155550510,hu-worker-c25,26/c226af,nf-26c226af67204ccf7ee0ff46f0efe83f,NFCORE_RNASEQ:RNASEQ:ALIGN_STAR:BAM_SORT_STATS_SAMTOOLS:BAM_STATS_SAMTOOLS:SAMTOOLS_IDXSTATS,TREATMENT_rhIFNb_100_REP1,NFCORE_RNASEQ:RNASEQ:ALIGN_STAR:BAM_SORT_STATS_SAMTOOLS:BAM_STATS_SAMTOOLS:SAMTOOLS_IDXSTATS (TREATMENT_rhIFNb_100_REP1),COMPLETED,0,-,quay.io/biocontainers/samtools:1.17--h00cdaf9_0,1,14400000,-,6442450944,1,1715236953760,1715237051000,1715237051000,97240,0,-,62.7,0.0,3239936,5640192,3239936,5644288,2740024,5535,269,19,0,12288,3,2,/input/data/work/26/c226af67204ccf7ee0ff46f0efe83f,true,-
362,1964588025,hu-worker-c28,e4/36ffa7,nf-e436ffa748e2abd55ddc97426a087084,NFCORE_RNASEQ:RNASEQ:ALIGN_STAR:BAM_SORT_STATS_SAMTOOLS:BAM_STATS_SAMTOOLS:SAMTOOLS_IDXSTATS,TREATMENT_rhINFa2b_10000_REP1,NFCORE_RNASEQ:RNASEQ:ALIGN_STAR:BAM_SORT_STATS_SAMTOOLS:BAM_STATS_SAMTOOLS:SAMTOOLS_IDXSTATS (TREATMENT_rhINFa2b_10000_REP1),COMPLETED,0,-,quay.io/biocontainers/samtools:1.17--h00cdaf9_0,1,14400000,-,6442450944,1,1715236952759,1715237056000,1715237056000,103241,0,-,57.1,0.0,3174400,5640192,3174400,5644288,2713777,5531,268,19,0,12288,3,2,/input/data/work/e4/36ffa748e2abd55ddc97426a087084,true,-
358,1894299101,hu-worker-c34,d0/f2e6cb,nf-d0f2e6cbdcab7666fe28371196ec897a,NFCORE_RNASEQ:RNASEQ:ALIGN_STAR:BAM_SORT_STATS_SAMTOOLS:BAM_STATS_SAMTOOLS:SAMTOOLS_IDXSTATS,TREATMENT_mIFNa11_100_REP2,NFCORE_RNASEQ:RNASEQ:ALIGN_STAR:BAM_SORT_STATS_SAMTOOLS:BAM_STATS_SAMTOOLS:SAMTOOLS_IDXSTATS (TREATMENT_mIFNa11_100_REP2),COMPLETED,0,-,quay.io/biocontainers/samtools:1.17--h00cdaf9_0,1,14400000,-,6442450944,1,1715236952018,1715237071000,1715237071000,118982,0,-,61.9,0.0,4833280,12623872,4833280,12627968,2613748,5531,267,19,0,12288,7,10,/input/data/work/d0/f2e6cbdcab7666fe28371196ec897a,true,-
322,2441851161,hu-worker-c35,ff/07874f,nf-ff07874f1ac1251a6e224b0e27674e05,NFCORE_RNASEQ:RNASEQ:ALIGN_STAR:BAM_SORT_STATS_SAMTOOLS:BAM_STATS_SAMTOOLS:SAMTOOLS_FLAGSTAT,TREATMENT_rhINFa2b_100000_REP1,NFCORE_RNASEQ:RNASEQ:ALIGN_STAR:BAM_SORT_STATS_SAMTOOLS:BAM_STATS_SAMTOOLS:SAMTOOLS_FLAGSTAT (TREATMENT_rhINFa2b_100000_REP1),COMPLETED,0,-,quay.io/biocontainers/samtools:1.17--h00cdaf9_0,1,14400000,-,6442450944,1,1715236953252,1715237048000,1715237071000,117748,23000,-,136.3,0.0,6955008,164548608,6955008,231661568,2439356904,5515,74668,19,7393280,12288,196186,67,/input/data/work/ff/07874f1ac1251a6e224b0e27674e05,true,-
318,2556880606,hu-worker-c42,0d/3223a1,nf-0d3223a15dd84f05927c77a477795fb3,NFCORE_RNASEQ:RNASEQ:ALIGN_STAR:BAM_SORT_STATS_SAMTOOLS:BAM_STATS_SAMTOOLS:SAMTOOLS_FLAGSTAT,TREATMENT_rhINFa2b_10000_REP2,NFCORE_RNASEQ:RNASEQ:ALIGN_STAR:BAM_SORT_STATS_SAMTOOLS:BAM_STATS_SAMTOOLS:SAMTOOLS_FLAGSTAT (TREATMENT_rhINFa2b_10000_REP2),COMPLETED,0,-,quay.io/biocontainers/samtools:1.17--h00cdaf9_0,1,14400000,-,6442450944,1,1715236953339,1715237047000,1715237071000,117661,24000,-,133.9,0.0,7057408,164413440,7057408,231661568,2554332620,5515,78178,19,0,12288,193424,56,/input/data/work/0d/3223a15dd84f05927c77a477795fb3,true,-
338,2114290788,hu-worker-c25,59/a1d0de,nf-59a1d0de1ede4b72e4dd9cd4688d1e0e,NFCORE_RNASEQ:RNASEQ:ALIGN_STAR:BAM_SORT_STATS_SAMTOOLS:BAM_STATS_SAMTOOLS:SAMTOOLS_FLAGSTAT,TREATMENT_rhIFNb_1000_REP2,NFCORE_RNASEQ:RNASEQ:ALIGN_STAR:BAM_SORT_STATS_SAMTOOLS:BAM_STATS_SAMTOOLS:SAMTOOLS_FLAGSTAT (TREATMENT_rhIFNb_1000_REP2),COMPLETED,0,-,quay.io/biocontainers/samtools:1.17--h00cdaf9_0,1,14400000,-,6442450944,1,1715236953481,1715237051000,1715237070000,116519,19000,-,135.3,0.0,6819840,164413440,6819840,231661568,2111884842,5518,64675,19,5353472,12288,151497,70,/input/data/work/59/a1d0de1ede4b72e4dd9cd4688d1e0e,true,-
341,2155550510,hu-worker-c34,c4/61888a,nf-c461888a854ab46aff49cca1a85d180c,NFCORE_RNASEQ:RNASEQ:ALIGN_STAR:BAM_SORT_STATS_SAMTOOLS:BAM_STATS_SAMTOOLS:SAMTOOLS_FLAGSTAT,TREATMENT_rhIFNb_100_REP1,NFCORE_RNASEQ:RNASEQ:ALIGN_STAR:BAM_SORT_STATS_SAMTOOLS:BAM_STATS_SAMTOOLS:SAMTOOLS_FLAGSTAT (TREATMENT_rhIFNb_100_REP1),COMPLETED,0,-,quay.io/biocontainers/samtools:1.17--h00cdaf9_0,1,14400000,-,6442450944,1,1715236953597,1715237049000,1715237068000,114403,19000,-,136.4,0.0,7151616,164413440,7151616,231661568,2153126085,5515,65936,19,0,12288,155132,41,/input/data/work/c4/61888a854ab46aff49cca1a85d180c,true,-
344,2101382093,hu-worker-c25,ef/8ba764,nf-ef8ba76481769b1f43666a3f31b1d7fe,NFCORE_RNASEQ:RNASEQ:ALIGN_STAR:BAM_SORT_STATS_SAMTOOLS:BAM_STATS_SAMTOOLS:SAMTOOLS_FLAGSTAT,TREATMENT_mIFNa11_1000_REP1,NFCORE_RNASEQ:RNASEQ:ALIGN_STAR:BAM_SORT_STATS_SAMTOOLS:BAM_STATS_SAMTOOLS:SAMTOOLS_FLAGSTAT (TREATMENT_mIFNa11_1000_REP1),COMPLETED,0,-,quay.io/biocontainers/samtools:1.17--h00cdaf9_0,1,14400000,-,6442450944,1,1715236953786,1715237054000,1715237073000,119214,19000,-,134.5,0.0,6901760,164413440,6901760,231661568,2099018445,5518,64284,19,4251648,12288,149634,69,/input/data/work/ef/8ba76481769b1f43666a3f31b1d7fe,true,-
359,1990184758,hu-worker-c28,23/361d82,nf-23361d822c0fc8489ad64440b67837a1,NFCORE_RNASEQ:RNASEQ:ALIGN_STAR:BAM_SORT_STATS_SAMTOOLS:BAM_STATS_SAMTOOLS:SAMTOOLS_FLAGSTAT,TREATMENT_rhIFNa2b_1000_REP3,NFCORE_RNASEQ:RNASEQ:ALIGN_STAR:BAM_SORT_STATS_SAMTOOLS:BAM_STATS_SAMTOOLS:SAMTOOLS_FLAGSTAT (TREATMENT_rhIFNa2b_1000_REP3),COMPLETED,0,-,quay.io/biocontainers/samtools:1.17--h00cdaf9_0,1,14400000,-,6442450944,1,1715236953860,1715237054000,1715237070000,116140,16000,-,138.0,0.0,6909952,164413440,6909952,231661568,1987833519,5515,60891,19,4096,12288,162484,70,/input/data/work/23/361d822c0fc8489ad64440b67837a1,true,-
365,1866735713,hu-worker-c34,d9/3f63b9,nf-d93f63b985cd262999aeeaf7833f5152,NFCORE_RNASEQ:RNASEQ:ALIGN_STAR:BAM_SORT_STATS_SAMTOOLS:BAM_STATS_SAMTOOLS:SAMTOOLS_IDXSTATS,TREATMENT_rhIFNb_1000_REP1,NFCORE_RNASEQ:RNASEQ:ALIGN_STAR:BAM_SORT_STATS_SAMTOOLS:BAM_STATS_SAMTOOLS:SAMTOOLS_IDXSTATS (TREATMENT_rhIFNb_1000_REP1),COMPLETED,0,-,quay.io/biocontainers/samtools:1.17--h00cdaf9_0,1,14400000,-,6442450944,1,1715236952313,1715237073000,1715237074000,121687,0,-,75.6,0.0,3280896,5640192,3280896,5644288,2613853,5529,267,19,0,12288,2,4,/input/data/work/d9/3f63b985cd262999aeeaf7833f5152,true,-
369,1835547472,hu-worker-c35,14/13d3ec,nf-1413d3ec8345c0efd1b0dd7072a35ae9,NFCORE_RNASEQ:RNASEQ:ALIGN_STAR:BAM_SORT_STATS_SAMTOOLS:BAM_STATS_SAMTOOLS:SAMTOOLS_IDXSTATS,TREATMENT_rhIFNa2b_1000_REP1,NFCORE_RNASEQ:RNASEQ:ALIGN_STAR:BAM_SORT_STATS_SAMTOOLS:BAM_STATS_SAMTOOLS:SAMTOOLS_IDXSTATS (TREATMENT_rhIFNa2b_1000_REP1),COMPLETED,0,-,quay.io/biocontainers/samtools:1.17--h00cdaf9_0,1,14400000,-,6442450944,1,1715236952658,1715237074000,1715237074000,121342,0,-,66.0,0.0,3194880,5640192,3194880,5644288,2601273,5531,267,19,417792,12288,3,4,/input/data/work/14/13d3ec8345c0efd1b0dd7072a35ae9,true,-
377,1807043187,hu-worker-c35,fa/38d3a8,nf-fa38d3a86fbff446292c0da19e7edf34,NFCORE_RNASEQ:RNASEQ:ALIGN_STAR:BAM_SORT_STATS_SAMTOOLS:BAM_STATS_SAMTOOLS:SAMTOOLS_IDXSTATS,TREATMENT_rhINFa2b_100000_REP2,NFCORE_RNASEQ:RNASEQ:ALIGN_STAR:BAM_SORT_STATS_SAMTOOLS:BAM_STATS_SAMTOOLS:SAMTOOLS_IDXSTATS (TREATMENT_rhINFa2b_100000_REP2),COMPLETED,0,-,quay.io/biocontainers/samtools:1.17--h00cdaf9_0,1,14400000,-,6442450944,1,1715236952810,1715237077000,1715237077000,124190,0,-,69.1,0.0,3203072,5640192,3203072,5644288,2594955,5529,266,19,385024,12288,2,3,/input/data/work/fa/38d3a86fbff446292c0da19e7edf34,true,-
372,1828662829,hu-worker-c25,ad/fc54c3,nf-adfc54c3c8c14311dceb4643e14309e3,NFCORE_RNASEQ:RNASEQ:ALIGN_STAR:BAM_SORT_STATS_SAMTOOLS:BAM_STATS_SAMTOOLS:SAMTOOLS_IDXSTATS,TREATMENT_mIFNa11_10000_REP2,NFCORE_RNASEQ:RNASEQ:ALIGN_STAR:BAM_SORT_STATS_SAMTOOLS:BAM_STATS_SAMTOOLS:SAMTOOLS_IDXSTATS (TREATMENT_mIFNa11_10000_REP2),COMPLETED,0,-,quay.io/biocontainers/samtools:1.17--h00cdaf9_0,1,14400000,-,6442450944,1,1715236952917,1715237075000,1715237075000,122083,0,-,67.7,0.0,3149824,5640192,3149824,5644288,2622006,5534,267,19,425984,12288,3,3,/input/data/work/ad/fc54c3c8c14311dceb4643e14309e3,true,-
376,1880519560,hu-worker-c25,54/f5c304,nf-54f5c30446dcd29419013bf1d509aae1,NFCORE_RNASEQ:RNASEQ:ALIGN_STAR:BAM_SORT_STATS_SAMTOOLS:BAM_STATS_SAMTOOLS:SAMTOOLS_IDXSTATS,TREATMENT_rhIFNb_100000_REP1,NFCORE_RNASEQ:RNASEQ:ALIGN_STAR:BAM_SORT_STATS_SAMTOOLS:BAM_STATS_SAMTOOLS:SAMTOOLS_IDXSTATS (TREATMENT_rhIFNb_100000_REP1),COMPLETED,0,-,quay.io/biocontainers/samtools:1.17--h00cdaf9_0,1,14400000,-,6442450944,1,1715236953001,1715237072000,1715237072000,118999,0,-,71.9,0.0,3137536,5640192,3137536,5644288,2584629,5533,266,19,24576,12288,3,3,/input/data/work/54/f5c30446dcd29419013bf1d509aae1,true,-
368,1964588025,hu-worker-c28,e5/d24891,nf-e5d24891ae000f7d1ec2e8d063820b84,NFCORE_RNASEQ:RNASEQ:ALIGN_STAR:BAM_SORT_STATS_SAMTOOLS:BAM_STATS_SAMTOOLS:SAMTOOLS_FLAGSTAT,TREATMENT_rhINFa2b_10000_REP1,NFCORE_RNASEQ:RNASEQ:ALIGN_STAR:BAM_SORT_STATS_SAMTOOLS:BAM_STATS_SAMTOOLS:SAMTOOLS_FLAGSTAT (TREATMENT_rhINFa2b_10000_REP1),COMPLETED,0,-,quay.io/biocontainers/samtools:1.17--h00cdaf9_0,1,14400000,-,6442450944,1,1715236953055,1715237059000,1715237076000,122945,17000,-,137.1,0.0,6848512,164413440,6848512,231661568,1962190492,5515,60110,19,552960,12288,158871,63,/input/data/work/e5/d24891ae000f7d1ec2e8d063820b84,true,-
379,1804255657,hu-worker-c35,b5/380134,nf-b538013432439eda7d13c54e02a7c381,NFCORE_RNASEQ:RNASEQ:ALIGN_STAR:BAM_SORT_STATS_SAMTOOLS:BAM_STATS_SAMTOOLS:SAMTOOLS_IDXSTATS,TREATMENT_mIFNa11_100_REP1,NFCORE_RNASEQ:RNASEQ:ALIGN_STAR:BAM_SORT_STATS_SAMTOOLS:BAM_STATS_SAMTOOLS:SAMTOOLS_IDXSTATS (TREATMENT_mIFNa11_100_REP1),COMPLETED,0,-,quay.io/biocontainers/samtools:1.17--h00cdaf9_0,1,14400000,-,6442450944,1,1715236952488,1715237080000,1715237080000,127512,0,-,59.5,0.0,3145728,5640192,3145728,5644288,2574172,5530,266,19,385024,12288,2,3,/input/data/work/b5/38013432439eda7d13c54e02a7c381,true,-
410,4131402405,hu-worker-c34,90/877784,nf-90877784064826cc71aa7773e799c766,NFCORE_RNASEQ:RNASEQ:ALIGN_STAR:BAM_SORT_STATS_SAMTOOLS:BAM_STATS_SAMTOOLS:SAMTOOLS_STATS,TREATMENT_rhIFNb_100000_REP3,NFCORE_RNASEQ:RNASEQ:ALIGN_STAR:BAM_SORT_STATS_SAMTOOLS:BAM_STATS_SAMTOOLS:SAMTOOLS_STATS (TREATMENT_rhIFNb_100000_REP3),COMPLETED,0,-,quay.io/biocontainers/samtools:1.17--h00cdaf9_0,1,14400000,-,6442450944,1,1715236953991,1715237047000,1715237084000,130009,37000,-,133.8,0.0,8409088,166514688,8409088,232898560,982163846,277090,30197,85,4210688,282624,158,227,/input/data/work/90/877784064826cc71aa7773e799c766,true,-
385,1796931659,hu-worker-c35,39/14e39f,nf-3914e39f0f22d3106beb357b3edf5c95,NFCORE_RNASEQ:RNASEQ:ALIGN_STAR:BAM_SORT_STATS_SAMTOOLS:BAM_STATS_SAMTOOLS:SAMTOOLS_IDXSTATS,TREATMENT_rhIFNb_100_REP2,NFCORE_RNASEQ:RNASEQ:ALIGN_STAR:BAM_SORT_STATS_SAMTOOLS:BAM_STATS_SAMTOOLS:SAMTOOLS_IDXSTATS (TREATMENT_rhIFNb_100_REP2),COMPLETED,0,-,quay.io/biocontainers/samtools:1.17--h00cdaf9_0,1,14400000,-,6442450944,1,1715236952167,1715237083000,1715237083000,130833,0,-,50.0,0.0,3133440,5640192,3133440,5644288,2609370,5530,267,19,0,12288,3,3,/input/data/work/39/14e39f0f22d3106beb357b3edf5c95,true,-
386,1788214132,hu-worker-c34,9a/455935,nf-9a455935403d2427b4d2028ebc7eb908,NFCORE_RNASEQ:RNASEQ:ALIGN_STAR:BAM_SORT_STATS_SAMTOOLS:BAM_STATS_SAMTOOLS:SAMTOOLS_IDXSTATS,TREATMENT_rhIFNb_10000_REP1,NFCORE_RNASEQ:RNASEQ:ALIGN_STAR:BAM_SORT_STATS_SAMTOOLS:BAM_STATS_SAMTOOLS:SAMTOOLS_IDXSTATS (TREATMENT_rhIFNb_10000_REP1),COMPLETED,0,-,quay.io/biocontainers/samtools:1.17--h00cdaf9_0,1,14400000,-,6442450944,1,1715236952216,1715237087000,1715237087000,134784,0,-,58.2,0.0,3203072,5640192,3203072,5644288,2576063,5529,266,19,0,12288,3,2,/input/data/work/9a/455935403d2427b4d2028ebc7eb908,true,-
371,1866735713,hu-worker-c42,28/8b22da,nf-288b22da81cf753045747d03c0dc0521,NFCORE_RNASEQ:RNASEQ:ALIGN_STAR:BAM_SORT_STATS_SAMTOOLS:BAM_STATS_SAMTOOLS:SAMTOOLS_FLAGSTAT,TREATMENT_rhIFNb_1000_REP1,NFCORE_RNASEQ:RNASEQ:ALIGN_STAR:BAM_SORT_STATS_SAMTOOLS:BAM_STATS_SAMTOOLS:SAMTOOLS_FLAGSTAT (TREATMENT_rhIFNb_1000_REP1),COMPLETED,0,-,quay.io/biocontainers/samtools:1.17--h00cdaf9_0,1,14400000,-,6442450944,1,1715236952889,1715237074000,1715237090000,137111,16000,-,138.3,0.0,7004160,164413440,7004160,231661568,1864436892,5515,57126,19,4235264,12288,159038,29,/input/data/work/28/8b22da81cf753045747d03c0dc0521,true,-
382,1880519560,hu-worker-c28,c5/deb4d5,nf-c5deb4d5bfc46cdb022e13487f26cbf2,NFCORE_RNASEQ:RNASEQ:ALIGN_STAR:BAM_SORT_STATS_SAMTOOLS:BAM_STATS_SAMTOOLS:SAMTOOLS_FLAGSTAT,TREATMENT_rhIFNb_100000_REP1,NFCORE_RNASEQ:RNASEQ:ALIGN_STAR:BAM_SORT_STATS_SAMTOOLS:BAM_STATS_SAMTOOLS:SAMTOOLS_FLAGSTAT (TREATMENT_rhIFNb_100000_REP1),COMPLETED,0,-,quay.io/biocontainers/samtools:1.17--h00cdaf9_0,1,14400000,-,6442450944,1,1715236953961,1715237073000,1715237090000,136039,17000,-,136.1,0.0,6893568,164413440,6893568,231661568,1878251185,5515,57544,19,4194304,12288,152881,68,/input/data/work/c5/deb4d5bfc46cdb022e13487f26cbf2,true,-
402,1767700463,hu-worker-c42,95/3e29a4,nf-953e29a4e77e15e9b096b9faa53ebbd7,NFCORE_RNASEQ:RNASEQ:ALIGN_STAR:BAM_SORT_STATS_SAMTOOLS:BAM_STATS_SAMTOOLS:SAMTOOLS_IDXSTATS,TREATMENT_mIFNa11_100000_REP1,NFCORE_RNASEQ:RNASEQ:ALIGN_STAR:BAM_SORT_STATS_SAMTOOLS:BAM_STATS_SAMTOOLS:SAMTOOLS_IDXSTATS (TREATMENT_mIFNa11_100000_REP1),COMPLETED,0,-,quay.io/biocontainers/samtools:1.17--h00cdaf9_0,1,14400000,-,6442450944,1,1715236952462,1715237092000,1715237092000,139538,0,-,54.9,0.0,3235840,5640192,3235840,5644288,2589157,5529,266,19,0,12288,3,3,/input/data/work/95/3e29a4e77e15e9b096b9faa53ebbd7,true,-
374,1835547472,hu-worker-c25,0b/dc3bbf,nf-0bdc3bbf934e8fd2aa0253c1be0b7956,NFCORE_RNASEQ:RNASEQ:ALIGN_STAR:BAM_SORT_STATS_SAMTOOLS:BAM_STATS_SAMTOOLS:SAMTOOLS_FLAGSTAT,TREATMENT_rhIFNa2b_1000_REP1,NFCORE_RNASEQ:RNASEQ:ALIGN_STAR:BAM_SORT_STATS_SAMTOOLS:BAM_STATS_SAMTOOLS:SAMTOOLS_FLAGSTAT (TREATMENT_rhIFNa2b_1000_REP1),COMPLETED,0,-,quay.io/biocontainers/samtools:1.17--h00cdaf9_0,1,14400000,-,6442450944,1,1715236952862,1715237075000,1715237092000,139138,17000,-,134.1,0.0,6848512,164413440,6848512,231661568,1833261816,5518,56172,19,2830336,12288,148315,72,/input/data/work/0b/dc3bbf934e8fd2aa0253c1be0b7956,true,-
394,1742851673,hu-worker-c34,8b/4e2b19,nf-8b4e2b19187f4a9c87a7fc2ddab711a2,NFCORE_RNASEQ:RNASEQ:ALIGN_STAR:BAM_SORT_STATS_SAMTOOLS:BAM_STATS_SAMTOOLS:SAMTOOLS_IDXSTATS,TREATMENT_rhIFNa2b_1000_REP2,NFCORE_RNASEQ:RNASEQ:ALIGN_STAR:BAM_SORT_STATS_SAMTOOLS:BAM_STATS_SAMTOOLS:SAMTOOLS_IDXSTATS (TREATMENT_rhIFNa2b_1000_REP2),COMPLETED,0,-,quay.io/biocontainers/samtools:1.17--h00cdaf9_0,1,14400000,-,6442450944,1,1715236952975,1715237094000,1715237094000,141025,0,-,54.9,0.0,3309568,5640192,3309568,5644288,2552617,5529,266,19,0,12288,3,3,/input/data/work/8b/4e2b19187f4a9c87a7fc2ddab711a2,true,-
388,1807043187,hu-worker-c25,29/e177e2,nf-29e177e288d57ab14449cfb0c4c52621,NFCORE_RNASEQ:RNASEQ:ALIGN_STAR:BAM_SORT_STATS_SAMTOOLS:BAM_STATS_SAMTOOLS:SAMTOOLS_FLAGSTAT,TREATMENT_rhINFa2b_100000_REP2,NFCORE_RNASEQ:RNASEQ:ALIGN_STAR:BAM_SORT_STATS_SAMTOOLS:BAM_STATS_SAMTOOLS:SAMTOOLS_FLAGSTAT (TREATMENT_rhINFa2b_100000_REP2),COMPLETED,0,-,quay.io/biocontainers/samtools:1.17--h00cdaf9_0,1,14400000,-,6442450944,1,1715236953197,1715237078000,1715237094000,140803,16000,-,135.0,0.0,6594560,164413440,6602752,231661568,1804763856,5518,55302,19,339968,12288,151672,63,/input/data/work/29/e177e288d57ab14449cfb0c4c52621,true,-
417,4351840647,hu-worker-c41,a7/b109f2,nf-a7b109f240b0e3fce339473dbf95f171,NFCORE_RNASEQ:RNASEQ:ALIGN_STAR:BAM_SORT_STATS_SAMTOOLS:BAM_STATS_SAMTOOLS:SAMTOOLS_STATS,TREATMENT_mIFNa11_100000_REP2,NFCORE_RNASEQ:RNASEQ:ALIGN_STAR:BAM_SORT_STATS_SAMTOOLS:BAM_STATS_SAMTOOLS:SAMTOOLS_STATS (TREATMENT_mIFNa11_100000_REP2),COMPLETED,0,-,quay.io/biocontainers/samtools:1.17--h00cdaf9_0,1,14400000,-,6442450944,1,1715236953454,1715237046000,1715237090000,136546,44000,-,133.4,0.0,8171520,166514688,8171520,232898560,1202520607,279736,36923,86,0,286720,168,307,/input/data/work/a7/b109f240b0e3fce339473dbf95f171,true,-
421,4417447676,hu-worker-c42,65/f0bdf8,nf-65f0bdf8264fd925bf714611dfe58a90,NFCORE_RNASEQ:RNASEQ:ALIGN_STAR:BAM_SORT_STATS_SAMTOOLS:BAM_STATS_SAMTOOLS:SAMTOOLS_STATS,TREATMENT_rhINFa2b_10000_REP3,NFCORE_RNASEQ:RNASEQ:ALIGN_STAR:BAM_SORT_STATS_SAMTOOLS:BAM_STATS_SAMTOOLS:SAMTOOLS_STATS (TREATMENT_rhINFa2b_10000_REP3),COMPLETED,0,-,quay.io/biocontainers/samtools:1.17--h00cdaf9_0,1,14400000,-,6442450944,1,1715236953704,1715237045000,1715237094000,140296,49000,-,135.8,0.0,8314880,166514688,8314880,232898560,1268080105,279372,38923,85,0,282624,290,499,/input/data/work/65/f0bdf8264fd925bf714611dfe58a90,true,-
378,1828662829,hu-worker-c34,9b/ce7d76,nf-9bce7d7641af51a931b6da64221bc368,NFCORE_RNASEQ:RNASEQ:ALIGN_STAR:BAM_SORT_STATS_SAMTOOLS:BAM_STATS_SAMTOOLS:SAMTOOLS_FLAGSTAT,TREATMENT_mIFNa11_10000_REP2,NFCORE_RNASEQ:RNASEQ:ALIGN_STAR:BAM_SORT_STATS_SAMTOOLS:BAM_STATS_SAMTOOLS:SAMTOOLS_FLAGSTAT (TREATMENT_mIFNa11_10000_REP2),COMPLETED,0,-,quay.io/biocontainers/samtools:1.17--h00cdaf9_0,1,14400000,-,6442450944,1,1715236954045,1715237077000,1715237091000,136955,14000,-,138.6,0.0,6942720,164413440,6942720,231661568,1826356431,5515,55961,19,0,12288,110313,26,/input/data/work/9b/ce7d7641af51a931b6da64221bc368,true,-
383,4935503114,hu-worker-c24,dd/f9414b,nf-ddf9414b88990ac3c9a75da4bc6b9296,NFCORE_RNASEQ:RNASEQ:ALIGN_STAR:BAM_SORT_STATS_SAMTOOLS:BAM_STATS_SAMTOOLS:SAMTOOLS_STATS,TREATMENT_rhIFNb_10000_REP1,NFCORE_RNASEQ:RNASEQ:ALIGN_STAR:BAM_SORT_STATS_SAMTOOLS:BAM_STATS_SAMTOOLS:SAMTOOLS_STATS (TREATMENT_rhIFNb_10000_REP1),COMPLETED,0,-,quay.io/biocontainers/samtools:1.17--h00cdaf9_0,1,14400000,-,6442450944,1,1715236952110,1715237032000,1715237099000,146890,66000,-,134.1,0.0,8380416,166514688,8380416,232898560,1785954362,284110,54728,87,0,290816,289,505,/input/data/work/dd/f9414b88990ac3c9a75da4bc6b9296,true,-
411,1710515058,hu-worker-c25,c8/b667ec,nf-c8b667ecdc9e47dae7e62ac63936514b,NFCORE_RNASEQ:RNASEQ:ALIGN_STAR:BAM_SORT_STATS_SAMTOOLS:BAM_STATS_SAMTOOLS:SAMTOOLS_IDXSTATS,TREATMENT_rhIFNa2b_100_REP1,NFCORE_RNASEQ:RNASEQ:ALIGN_STAR:BAM_SORT_STATS_SAMTOOLS:BAM_STATS_SAMTOOLS:SAMTOOLS_IDXSTATS (TREATMENT_rhIFNa2b_100_REP1),COMPLETED,0,-,quay.io/biocontainers/samtools:1.17--h00cdaf9_0,1,14400000,-,6442450944,1,1715236952144,1715237097000,1715237097000,144856,0,-,68.1,0.0,3137536,5640192,3137536,5644288,2541012,5532,266,19,393216,12288,2,2,/input/data/work/c8/b667ecdc9e47dae7e62ac63936514b,true,-
389,1804255657,hu-worker-c28,20/4bf93a,nf-204bf93ad679d5acf9a6a7f8c462a32c,NFCORE_RNASEQ:RNASEQ:ALIGN_STAR:BAM_SORT_STATS_SAMTOOLS:BAM_STATS_SAMTOOLS:SAMTOOLS_FLAGSTAT,TREATMENT_mIFNa11_100_REP1,NFCORE_RNASEQ:RNASEQ:ALIGN_STAR:BAM_SORT_STATS_SAMTOOLS:BAM_STATS_SAMTOOLS:SAMTOOLS_FLAGSTAT (TREATMENT_mIFNa11_100_REP1),COMPLETED,0,-,quay.io/biocontainers/samtools:1.17--h00cdaf9_0,1,14400000,-,6442450944,1,1715236952337,1715237079000,1715237095000,142663,16000,-,135.6,0.0,6815744,164413440,6815744,231661568,1801997081,5515,55219,19,20480,12288,150980,58,/input/data/work/20/4bf93ad679d5acf9a6a7f8c462a32c,true,-
397,4914989445,hu-worker-c27,f8/c5e73c,nf-f8c5e73cb0508b3396d6bc09e6abaf8c,NFCORE_RNASEQ:RNASEQ:ALIGN_STAR:BAM_SORT_STATS_SAMTOOLS:BAM_STATS_SAMTOOLS:SAMTOOLS_STATS,TREATMENT_mIFNa11_100000_REP1,NFCORE_RNASEQ:RNASEQ:ALIGN_STAR:BAM_SORT_STATS_SAMTOOLS:BAM_STATS_SAMTOOLS:SAMTOOLS_STATS (TREATMENT_mIFNa11_100000_REP1),COMPLETED,0,-,quay.io/biocontainers/samtools:1.17--h00cdaf9_0,1,14400000,-,6442450944,1,1715236952438,1715237033000,1715237099000,146562,66000,-,134.6,0.0,8306688,166514688,8306688,232898560,1765428026,284360,54101,87,3231744,290816,514,537,/input/data/work/f8/c5e73cb0508b3396d6bc09e6abaf8c,true,-
405,1726404735,hu-worker-c42,a8/392f8d,nf-a8392f8d9bcca8c3a04e060db36ef1ab,NFCORE_RNASEQ:RNASEQ:ALIGN_STAR:BAM_SORT_STATS_SAMTOOLS:BAM_STATS_SAMTOOLS:SAMTOOLS_IDXSTATS,TREATMENT_rhIFNa2b_100_REP2,NFCORE_RNASEQ:RNASEQ:ALIGN_STAR:BAM_SORT_STATS_SAMTOOLS:BAM_STATS_SAMTOOLS:SAMTOOLS_IDXSTATS (TREATMENT_rhIFNa2b_100_REP2),COMPLETED,0,-,quay.io/biocontainers/samtools:1.17--h00cdaf9_0,1,14400000,-,6442450944,1,1715236952561,1715237097000,1715237097000,144439,0,-,81.0,0.0,3190784,5640192,3190784,5644288,2538305,5529,266,19,0,12288,3,4,/input/data/work/a8/392f8d9bcca8c3a04e060db36ef1ab,true,-
387,1728734697,hu-worker-c42,c1/6b53f5,nf-c16b53f5661d49fd929ed3505fe451aa,NFCORE_RNASEQ:RNASEQ:ALIGN_STAR:BAM_SORT_STATS_SAMTOOLS:BAM_STATS_SAMTOOLS:SAMTOOLS_IDXSTATS,TREATMENT_mIFNa11_10000_REP3,NFCORE_RNASEQ:RNASEQ:ALIGN_STAR:BAM_SORT_STATS_SAMTOOLS:BAM_STATS_SAMTOOLS:SAMTOOLS_IDXSTATS (TREATMENT_mIFNa11_10000_REP3),COMPLETED,0,-,quay.io/biocontainers/samtools:1.17--h00cdaf9_0,1,14400000,-,6442450944,1,1715236952712,1715237095000,1715237095000,142288,0,-,82.8,0.0,3268608,5640192,3268608,5644288,2574994,5529,266,19,0,12288,3,2,/input/data/work/c1/6b53f5661d49fd929ed3505fe451aa,true,-
400,4873693717,hu-worker-c41,3f/30407f,nf-3f30407fc532d82f99f00823f9242ac5,NFCORE_RNASEQ:RNASEQ:ALIGN_STAR:BAM_SORT_STATS_SAMTOOLS:BAM_STATS_SAMTOOLS:SAMTOOLS_STATS,TREATMENT_rhIFNa2b_100_REP2,NFCORE_RNASEQ:RNASEQ:ALIGN_STAR:BAM_SORT_STATS_SAMTOOLS:BAM_STATS_SAMTOOLS:SAMTOOLS_STATS (TREATMENT_rhIFNa2b_100_REP2),COMPLETED,0,-,quay.io/biocontainers/samtools:1.17--h00cdaf9_0,1,14400000,-,6442450944,1,1715236952731,1715237036000,1715237099000,146269,63000,-,133.6,0.0,8163328,166514688,8163328,233082880,1724182633,284471,52843,87,0,290816,409,633,/input/data/work/3f/30407fc532d82f99f00823f9242ac5,true,-
430,1702286161,hu-worker-c28,e6/2f7767,nf-e62f7767c3cb945fb4c5eb04848c546b,NFCORE_RNASEQ:RNASEQ:ALIGN_STAR:BAM_SORT_STATS_SAMTOOLS:BAM_STATS_SAMTOOLS:SAMTOOLS_IDXSTATS,TREATMENT_rhIFNa2b_100_REP3,NFCORE_RNASEQ:RNASEQ:ALIGN_STAR:BAM_SORT_STATS_SAMTOOLS:BAM_STATS_SAMTOOLS:SAMTOOLS_IDXSTATS (TREATMENT_rhIFNa2b_100_REP3),COMPLETED,0,-,quay.io/biocontainers/samtools:1.17--h00cdaf9_0,1,14400000,-,6442450944,1,1715236954366,1715237098000,1715237098000,143634,0,-,83.8,0.0,3108864,5640192,3108864,5644288,2550550,5529,266,19,0,12288,3,3,/input/data/work/e6/2f7767c3cb945fb4c5eb04848c546b,true,-
434,4849575143,hu-worker-c35,2d/ace18d,nf-2dace18d919808166b8a531c2d2d62a2,NFCORE_RNASEQ:RNASEQ:ALIGN_STAR:BAM_SORT_STATS_SAMTOOLS:BAM_STATS_SAMTOOLS:SAMTOOLS_STATS,TREATMENT_rhIFNa2b_100_REP3,NFCORE_RNASEQ:RNASEQ:ALIGN_STAR:BAM_SORT_STATS_SAMTOOLS:BAM_STATS_SAMTOOLS:SAMTOOLS_STATS (TREATMENT_rhIFNa2b_100_REP3),COMPLETED,0,-,quay.io/biocontainers/samtools:1.17--h00cdaf9_0,1,14400000,-,6442450944,1,1715236954452,1715237037000,1715237101000,146548,63000,-,134.7,0.0,8261632,166514688,8323072,232898560,1700052237,284624,52108,87,425984,290816,358,444,/input/data/work/2d/ace18d919808166b8a531c2d2d62a2,true,-
404,4857804040,hu-worker-c24,28/2609be,nf-282609be6b3b2928be99bcbfda50e0bf,NFCORE_RNASEQ:RNASEQ:ALIGN_STAR:BAM_SORT_STATS_SAMTOOLS:BAM_STATS_SAMTOOLS:SAMTOOLS_STATS,TREATMENT_rhIFNa2b_100_REP1,NFCORE_RNASEQ:RNASEQ:ALIGN_STAR:BAM_SORT_STATS_SAMTOOLS:BAM_STATS_SAMTOOLS:SAMTOOLS_STATS (TREATMENT_rhIFNa2b_100_REP1),COMPLETED,0,-,quay.io/biocontainers/samtools:1.17--h00cdaf9_0,1,14400000,-,6442450944,1,1715236952085,1715237036000,1715237102000,149915,65000,-,133.8,0.0,8204288,166514688,8204288,232898560,1708291001,284393,52358,87,0,290816,258,615,/input/data/work/28/2609be6b3b2928be99bcbfda50e0bf,true,-
392,1796931659,hu-worker-c35,89/14fcc4,nf-8914fcc424da89772d6e13a016ce32e4,NFCORE_RNASEQ:RNASEQ:ALIGN_STAR:BAM_SORT_STATS_SAMTOOLS:BAM_STATS_SAMTOOLS:SAMTOOLS_FLAGSTAT,TREATMENT_rhIFNb_100_REP2,NFCORE_RNASEQ:RNASEQ:ALIGN_STAR:BAM_SORT_STATS_SAMTOOLS:BAM_STATS_SAMTOOLS:SAMTOOLS_FLAGSTAT (TREATMENT_rhIFNb_100_REP2),COMPLETED,0,-,quay.io/biocontainers/samtools:1.17--h00cdaf9_0,1,14400000,-,6442450944,1,1715236952289,1715237086000,1715237102000,149711,16000,-,136.7,0.0,6918144,164413440,6918144,231661568,1794637242,5515,54999,19,880640,12288,151096,27,/input/data/work/89/14fcc424da89772d6e13a016ce32e4,true,-
391,4844218383,hu-worker-c28,d0/65d791,nf-d065d7911724ab479a66cebd38cf7096,NFCORE_RNASEQ:RNASEQ:ALIGN_STAR:BAM_SORT_STATS_SAMTOOLS:BAM_STATS_SAMTOOLS:SAMTOOLS_STATS,CONTROL_REP3,NFCORE_RNASEQ:RNASEQ:ALIGN_STAR:BAM_SORT_STATS_SAMTOOLS:BAM_STATS_SAMTOOLS:SAMTOOLS_STATS (CONTROL_REP3),COMPLETED,0,-,quay.io/biocontainers/samtools:1.17--h00cdaf9_0,1,14400000,-,6442450944,1,1715236952634,1715237037000,1715237100000,147366,63000,-,134.7,0.0,8044544,166514688,8286208,232898560,1694715888,284381,51948,87,749568,290816,348,706,/input/data/work/d0/65d7911724ab479a66cebd38cf7096,true,-
398,1696929401,hu-worker-c25,72/cf944a,nf-72cf944a996724dd83d3e2649e425d9d,NFCORE_RNASEQ:RNASEQ:ALIGN_STAR:BAM_SORT_STATS_SAMTOOLS:BAM_STATS_SAMTOOLS:SAMTOOLS_IDXSTATS,CONTROL_REP3,NFCORE_RNASEQ:RNASEQ:ALIGN_STAR:BAM_SORT_STATS_SAMTOOLS:BAM_STATS_SAMTOOLS:SAMTOOLS_IDXSTATS (CONTROL_REP3),COMPLETED,0,-,quay.io/biocontainers/samtools:1.17--h00cdaf9_0,1,14400000,-,6442450944,1,1715236952685,1715237100000,1715237100000,147315,0,-,71.1,0.0,3088384,5640192,3088384,5644288,2530733,5532,265,19,135168,12288,3,2,/input/data/work/72/cf944a996724dd83d3e2649e425d9d,true,-
390,4890140655,hu-worker-c35,89/23d29f,nf-8923d29f4be19078e5d8281c66336c0e,NFCORE_RNASEQ:RNASEQ:ALIGN_STAR:BAM_SORT_STATS_SAMTOOLS:BAM_STATS_SAMTOOLS:SAMTOOLS_STATS,TREATMENT_rhIFNa2b_1000_REP2,NFCORE_RNASEQ:RNASEQ:ALIGN_STAR:BAM_SORT_STATS_SAMTOOLS:BAM_STATS_SAMTOOLS:SAMTOOLS_STATS (TREATMENT_rhIFNa2b_1000_REP2),COMPLETED,0,-,quay.io/biocontainers/samtools:1.17--h00cdaf9_0,1,14400000,-,6442450944,1,1715236952947,1715237034000,1715237100000,147053,66000,-,134.5,0.0,8019968,166514688,8060928,232898560,1740615039,284179,53345,87,4038656,290816,342,537,/input/data/work/89/23d29f4be19078e5d8281c66336c0e,true,-
408,1696915809,hu-worker-c27,a4/0a8ca4,nf-a40a8ca4422264c139c37949baefd21b,NFCORE_RNASEQ:RNASEQ:ALIGN_STAR:BAM_SORT_STATS_SAMTOOLS:BAM_STATS_SAMTOOLS:SAMTOOLS_IDXSTATS,CONTROL_REP1,NFCORE_RNASEQ:RNASEQ:ALIGN_STAR:BAM_SORT_STATS_SAMTOOLS:BAM_STATS_SAMTOOLS:SAMTOOLS_IDXSTATS (CONTROL_REP1),COMPLETED,0,-,quay.io/biocontainers/samtools:1.17--h00cdaf9_0,1,14400000,-,6442450944,1,1715236953113,1715237102000,1715237102000,148887,0,-,72.7,0.0,3178496,5640192,3178496,5644288,2530978,5530,265,19,172032,12288,3,3,/input/data/work/a4/0a8ca4422264c139c37949baefd21b,true,-
401,4844204791,hu-worker-c25,3f/606ac3,nf-3f606ac3a88af3373ed0bbe88261ea9d,NFCORE_RNASEQ:RNASEQ:ALIGN_STAR:BAM_SORT_STATS_SAMTOOLS:BAM_STATS_SAMTOOLS:SAMTOOLS_STATS,CONTROL_REP1,NFCORE_RNASEQ:RNASEQ:ALIGN_STAR:BAM_SORT_STATS_SAMTOOLS:BAM_STATS_SAMTOOLS:SAMTOOLS_STATS (CONTROL_REP1),COMPLETED,0,-,quay.io/biocontainers/samtools:1.17--h00cdaf9_0,1,14400000,-,6442450944,1,1715236953142,1715237039000,1715237102000,148858,63000,-,135.2,0.0,8126464,166514688,8167424,232898560,1694702054,284384,51947,87,5525504,290816,370,597,/input/data/work/3f/606ac3a88af3373ed0bbe88261ea9d,true,-
418,1204551665,hu-worker-c42,5b/144764,nf-5b14476487ca2b093db887fe6ff9fd77,NFCORE_RNASEQ:RNASEQ:ALIGN_STAR:BAM_SORT_STATS_SAMTOOLS:BAM_STATS_SAMTOOLS:SAMTOOLS_IDXSTATS,TREATMENT_mIFNa11_100000_REP2,NFCORE_RNASEQ:RNASEQ:ALIGN_STAR:BAM_SORT_STATS_SAMTOOLS:BAM_STATS_SAMTOOLS:SAMTOOLS_IDXSTATS (TREATMENT_mIFNa11_100000_REP2),COMPLETED,0,-,quay.io/biocontainers/samtools:1.17--h00cdaf9_0,1,14400000,-,6442450944,1,1715236953525,1715237105000,1715237105000,151475,0,-,59.6,0.0,3170304,5640192,3170304,5644288,2347269,5524,263,19,0,12288,3,3,/input/data/work/5b/14476487ca2b093db887fe6ff9fd77,true,-
422,1270158694,hu-worker-c24,e8/7d3f35,nf-e87d3f3585a1622da299719bf9d345ec,NFCORE_RNASEQ:RNASEQ:ALIGN_STAR:BAM_SORT_STATS_SAMTOOLS:BAM_STATS_SAMTOOLS:SAMTOOLS_IDXSTATS,TREATMENT_rhINFa2b_10000_REP3,NFCORE_RNASEQ:RNASEQ:ALIGN_STAR:BAM_SORT_STATS_SAMTOOLS:BAM_STATS_SAMTOOLS:SAMTOOLS_IDXSTATS (TREATMENT_rhINFa2b_10000_REP3),COMPLETED,0,-,quay.io/biocontainers/samtools:1.17--h00cdaf9_0,1,14400000,-,6442450944,1,1715236953677,1715237105000,1715237105000,151323,0,-,59.6,0.0,3223552,5640192,3223552,5644288,2394981,5521,263,19,0,12288,2,2,/input/data/work/e8/7d3f3585a1622da299719bf9d345ec,true,-
424,1551813692,hu-worker-c28,c1/e17cf7,nf-c1e17cf77265a55b6d05fd4931fdf204,NFCORE_RNASEQ:RNASEQ:ALIGN_STAR:BAM_SORT_STATS_SAMTOOLS:BAM_STATS_SAMTOOLS:SAMTOOLS_IDXSTATS,TREATMENT_mIFNa11_100_REP3,NFCORE_RNASEQ:RNASEQ:ALIGN_STAR:BAM_SORT_STATS_SAMTOOLS:BAM_STATS_SAMTOOLS:SAMTOOLS_IDXSTATS (TREATMENT_mIFNa11_100_REP3),COMPLETED,0,-,quay.io/biocontainers/samtools:1.17--h00cdaf9_0,1,14400000,-,6442450944,1,1715236953908,1715237103000,1715237103000,149092,0,-,51.1,0.0,3108864,5640192,3108864,5644288,2474068,5527,265,19,0,12288,3,2,/input/data/work/c1/e17cf77265a55b6d05fd4931fdf204,true,-
384,4876023679,hu-worker-c42,1d/30cd44,nf-1d30cd444ef3dddb5f04060c16e6df3b,NFCORE_RNASEQ:RNASEQ:ALIGN_STAR:BAM_SORT_STATS_SAMTOOLS:BAM_STATS_SAMTOOLS:SAMTOOLS_STATS,TREATMENT_mIFNa11_10000_REP3,NFCORE_RNASEQ:RNASEQ:ALIGN_STAR:BAM_SORT_STATS_SAMTOOLS:BAM_STATS_SAMTOOLS:SAMTOOLS_STATS (TREATMENT_mIFNa11_10000_REP3),COMPLETED,0,-,quay.io/biocontainers/samtools:1.17--h00cdaf9_0,1,14400000,-,6442450944,1,1715236954017,1715237035000,1715237102000,147983,67000,-,134.1,0.0,8437760,166514688,8437760,233082880,1726475858,284136,52912,87,4243456,290816,298,352,/input/data/work/1d/30cd444ef3dddb5f04060c16e6df3b,true,-
426,1635073127,hu-worker-c35,25/7b3327,nf-257b332741a531c22a2b3c16061d458f,NFCORE_RNASEQ:RNASEQ:ALIGN_STAR:BAM_SORT_STATS_SAMTOOLS:BAM_STATS_SAMTOOLS:SAMTOOLS_IDXSTATS,TREATMENT_rhIFNb_100000_REP2,NFCORE_RNASEQ:RNASEQ:ALIGN_STAR:BAM_SORT_STATS_SAMTOOLS:BAM_STATS_SAMTOOLS:SAMTOOLS_IDXSTATS (TREATMENT_rhIFNb_100000_REP2),COMPLETED,0,-,quay.io/biocontainers/samtools:1.17--h00cdaf9_0,1,14400000,-,6442450944,1,1715236954179,1715237103000,1715237103000,148821,0,-,65.0,0.0,3227648,5640192,3227648,5644288,2512537,5529,265,19,577536,12288,3,4,/input/data/work/25/7b332741a531c22a2b3c16061d458f,true,-
413,1696904983,hu-worker-c35,9e/abad9a,nf-9eabad9a09dfd4f614bbd29ef3fccf5f,NFCORE_RNASEQ:RNASEQ:ALIGN_STAR:BAM_SORT_STATS_SAMTOOLS:BAM_STATS_SAMTOOLS:SAMTOOLS_IDXSTATS,CONTROL_REP2,NFCORE_RNASEQ:RNASEQ:ALIGN_STAR:BAM_SORT_STATS_SAMTOOLS:BAM_STATS_SAMTOOLS:SAMTOOLS_IDXSTATS (CONTROL_REP2),COMPLETED,0,-,quay.io/biocontainers/samtools:1.17--h00cdaf9_0,1,14400000,-,6442450944,1,1715236954262,1715237103000,1715237103000,148738,0,-,61.5,0.0,3162112,5640192,3166208,5644288,2530896,5529,265,19,57344,12288,3,4,/input/data/work/9e/abad9a09dfd4f614bbd29ef3fccf5f,true,-
423,4699102674,hu-worker-c24,55/9a8f94,nf-559a8f94fb70db33408f4ab1ba6dd8b8,NFCORE_RNASEQ:RNASEQ:ALIGN_STAR:BAM_SORT_STATS_SAMTOOLS:BAM_STATS_SAMTOOLS:SAMTOOLS_STATS,TREATMENT_mIFNa11_100_REP3,NFCORE_RNASEQ:RNASEQ:ALIGN_STAR:BAM_SORT_STATS_SAMTOOLS:BAM_STATS_SAMTOOLS:SAMTOOLS_STATS (TREATMENT_mIFNa11_100_REP3),COMPLETED,0,-,quay.io/biocontainers/samtools:1.17--h00cdaf9_0,1,14400000,-,6442450944,1,1715236954334,1715237043000,1715237101000,146666,57000,-,134.8,0.0,8302592,166514688,8302592,232898560,1549656561,282717,47516,86,0,286720,239,493,/input/data/work/55/9a8f94fb70db33408f4ab1ba6dd8b8,true,-
432,4782362109,hu-worker-c27,ea/b4ab9d,nf-eab4ab9dcbc6bdaaddc82aa60a41d1ed,NFCORE_RNASEQ:RNASEQ:ALIGN_STAR:BAM_SORT_STATS_SAMTOOLS:BAM_STATS_SAMTOOLS:SAMTOOLS_STATS,TREATMENT_rhIFNb_100000_REP2,NFCORE_RNASEQ:RNASEQ:ALIGN_STAR:BAM_SORT_STATS_SAMTOOLS:BAM_STATS_SAMTOOLS:SAMTOOLS_STATS (TREATMENT_rhIFNb_100000_REP2),COMPLETED,0,-,quay.io/biocontainers/samtools:1.17--h00cdaf9_0,1,14400000,-,6442450944,1,1715236954422,1715237043000,1715237104000,149578,61000,-,133.6,0.0,8282112,166514688,8445952,233082880,1632877224,283242,50058,86,5263360,286720,274,562,/input/data/work/ea/b4ab9dcbc6bdaaddc82aa60a41d1ed,true,-
433,4640774762,hu-worker-c34,d9/cc35b5,nf-d9cc35b5851e7227c86c3ae8e17dbb75,NFCORE_RNASEQ:RNASEQ:ALIGN_STAR:BAM_SORT_STATS_SAMTOOLS:BAM_STATS_SAMTOOLS:SAMTOOLS_STATS,TREATMENT_mIFNa11_100000_REP3,NFCORE_RNASEQ:RNASEQ:ALIGN_STAR:BAM_SORT_STATS_SAMTOOLS:BAM_STATS_SAMTOOLS:SAMTOOLS_STATS (TREATMENT_mIFNa11_100000_REP3),COMPLETED,0,-,quay.io/biocontainers/samtools:1.17--h00cdaf9_0,1,14400000,-,6442450944,1,1715236954479,1715237044000,1715237101000,146521,56000,-,133.7,0.0,8339456,166514688,8339456,232898560,1491315477,282205,45736,86,0,286720,393,364,/input/data/work/d9/cc35b5851e7227c86c3ae8e17dbb75,true,-
393,1788214132,hu-worker-c34,e6/f20add,nf-e6f20addba0b4e3d14dc85694209c70a,NFCORE_RNASEQ:RNASEQ:ALIGN_STAR:BAM_SORT_STATS_SAMTOOLS:BAM_STATS_SAMTOOLS:SAMTOOLS_FLAGSTAT,TREATMENT_rhIFNb_10000_REP1,NFCORE_RNASEQ:RNASEQ:ALIGN_STAR:BAM_SORT_STATS_SAMTOOLS:BAM_STATS_SAMTOOLS:SAMTOOLS_FLAGSTAT (TREATMENT_rhIFNb_10000_REP1),COMPLETED,0,-,quay.io/biocontainers/samtools:1.17--h00cdaf9_0,1,14400000,-,6442450944,1,1715236952511,1715237090000,1715237105000,152489,15000,-,134.2,0.0,7032832,164413440,7032832,231661568,1785953014,5515,54727,19,0,12288,153931,66,/input/data/work/e6/f20addba0b4e3d14dc85694209c70a,true,-
403,1767700463,hu-worker-c28,fd/fce3e0,nf-fdfce3e0a9b8047e0e9c12ff47fbb8ad,NFCORE_RNASEQ:RNASEQ:ALIGN_STAR:BAM_SORT_STATS_SAMTOOLS:BAM_STATS_SAMTOOLS:SAMTOOLS_FLAGSTAT,TREATMENT_mIFNa11_100000_REP1,NFCORE_RNASEQ:RNASEQ:ALIGN_STAR:BAM_SORT_STATS_SAMTOOLS:BAM_STATS_SAMTOOLS:SAMTOOLS_FLAGSTAT (TREATMENT_mIFNa11_100000_REP1),COMPLETED,0,-,quay.io/biocontainers/samtools:1.17--h00cdaf9_0,1,14400000,-,6442450944,1,1715236952609,1715237092000,1715237109000,156391,17000,-,133.5,0.0,6901760,164413440,6901760,231661568,1765426998,5514,54102,19,192512,12288,145098,77,/input/data/work/fd/fce3e0a9b8047e0e9c12ff47fbb8ad,true,-
396,1742851673,hu-worker-c41,66/7e70d4,nf-667e70d4ee01d19db8ebaca5c3201950,NFCORE_RNASEQ:RNASEQ:ALIGN_STAR:BAM_SORT_STATS_SAMTOOLS:BAM_STATS_SAMTOOLS:SAMTOOLS_FLAGSTAT,TREATMENT_rhIFNa2b_1000_REP2,NFCORE_RNASEQ:RNASEQ:ALIGN_STAR:BAM_SORT_STATS_SAMTOOLS:BAM_STATS_SAMTOOLS:SAMTOOLS_FLAGSTAT (TREATMENT_rhIFNa2b_1000_REP2),COMPLETED,0,-,quay.io/biocontainers/samtools:1.17--h00cdaf9_0,1,14400000,-,6442450944,1,1715236952785,1715237092000,1715237108000,155215,16000,-,133.4,0.0,6676480,164548608,6676480,231661568,1740614144,5519,53344,19,0,12288,147885,84,/input/data/work/66/7e70d4ee01d19db8ebaca5c3201950,true,-
407,4844193965,hu-worker-c27,cf/c86ca6,nf-cfc86ca6149421d8ef7fb376899eab3c,NFCORE_RNASEQ:RNASEQ:ALIGN_STAR:BAM_SORT_STATS_SAMTOOLS:BAM_STATS_SAMTOOLS:SAMTOOLS_STATS,CONTROL_REP2,NFCORE_RNASEQ:RNASEQ:ALIGN_STAR:BAM_SORT_STATS_SAMTOOLS:BAM_STATS_SAMTOOLS:SAMTOOLS_STATS (CONTROL_REP2),COMPLETED,0,-,quay.io/biocontainers/samtools:1.17--h00cdaf9_0,1,14400000,-,6442450944,1,1715236953029,1715237041000,1715237105000,151971,64000,-,134.5,0.0,8122368,166514688,8294400,232898560,1694690656,284382,51947,87,9412608,290816,459,599,/input/data/work/cf/c86ca6149421d8ef7fb376899eab3c,true,-
415,984113423,hu-worker-c25,2a/21c6a4,nf-2a21c6a4fbcad74d24e5c50cb799f87c,NFCORE_RNASEQ:RNASEQ:ALIGN_STAR:BAM_SORT_STATS_SAMTOOLS:BAM_STATS_SAMTOOLS:SAMTOOLS_IDXSTATS,TREATMENT_rhIFNb_100000_REP3,NFCORE_RNASEQ:RNASEQ:ALIGN_STAR:BAM_SORT_STATS_SAMTOOLS:BAM_STATS_SAMTOOLS:SAMTOOLS_IDXSTATS (TREATMENT_rhIFNb_100000_REP3),COMPLETED,0,-,quay.io/biocontainers/samtools:1.17--h00cdaf9_0,1,14400000,-,6442450944,1,1715236953169,1715237105000,1715237105000,151831,0,-,51.1,0.0,4833280,12488704,4833280,12492800,2266215,5525,261,19,712704,12288,10,7,/input/data/work/2a/21c6a4fbcad74d24e5c50cb799f87c,true,-
395,1728734697,hu-worker-c25,d2/c58b0b,nf-d2c58b0b85690b15b010809fbe90cee4,NFCORE_RNASEQ:RNASEQ:ALIGN_STAR:BAM_SORT_STATS_SAMTOOLS:BAM_STATS_SAMTOOLS:SAMTOOLS_FLAGSTAT,TREATMENT_mIFNa11_10000_REP3,NFCORE_RNASEQ:RNASEQ:ALIGN_STAR:BAM_SORT_STATS_SAMTOOLS:BAM_STATS_SAMTOOLS:SAMTOOLS_FLAGSTAT (TREATMENT_mIFNa11_10000_REP3),COMPLETED,0,-,quay.io/biocontainers/samtools:1.17--h00cdaf9_0,1,14400000,-,6442450944,1,1715236953836,1715237095000,1715237110000,156164,15000,-,134.9,0.0,6721536,164413440,6721536,231661568,1726475402,5517,52912,19,6696960,12288,103927,61,/input/data/work/d2/c58b0b85690b15b010809fbe90cee4,true,-
406,1726404735,hu-worker-c34,af/31f078,nf-af31f078b578aee9d6959e7478c4e1fd,NFCORE_RNASEQ:RNASEQ:ALIGN_STAR:BAM_SORT_STATS_SAMTOOLS:BAM_STATS_SAMTOOLS:SAMTOOLS_FLAGSTAT,TREATMENT_rhIFNa2b_100_REP2,NFCORE_RNASEQ:RNASEQ:ALIGN_STAR:BAM_SORT_STATS_SAMTOOLS:BAM_STATS_SAMTOOLS:SAMTOOLS_FLAGSTAT (TREATMENT_rhIFNa2b_100_REP2),COMPLETED,0,-,quay.io/biocontainers/samtools:1.17--h00cdaf9_0,1,14400000,-,6442450944,1,1715236952389,1715237097000,1715237112000,159611,15000,-,135.9,0.0,6995968,164413440,6995968,231661568,1724181465,5515,52842,19,8192,12288,102983,51,/input/data/work/af/31f078b578aee9d6959e7478c4e1fd,true,-
416,984113423,hu-worker-c35,5f/45c3c8,nf-5f45c3c8c3d9eca59e516f59431e2de3,NFCORE_RNASEQ:RNASEQ:ALIGN_STAR:BAM_SORT_STATS_SAMTOOLS:BAM_STATS_SAMTOOLS:SAMTOOLS_FLAGSTAT,TREATMENT_rhIFNb_100000_REP3,NFCORE_RNASEQ:RNASEQ:ALIGN_STAR:BAM_SORT_STATS_SAMTOOLS:BAM_STATS_SAMTOOLS:SAMTOOLS_FLAGSTAT (TREATMENT_rhIFNb_100000_REP3),COMPLETED,0,-,quay.io/biocontainers/samtools:1.17--h00cdaf9_0,1,14400000,-,6442450944,1,1715236953281,1715237106000,1715237115000,161719,9000,-,137.3,0.0,6778880,164413440,6778880,231661568,982162825,5511,30197,19,5451776,12288,79773,41,/input/data/work/5f/45c3c8c3d9eca59e516f59431e2de3,true,-
420,1270158694,hu-worker-c27,cc/539256,nf-cc539256572e75e947ab079fe4bf2fb8,NFCORE_RNASEQ:RNASEQ:ALIGN_STAR:BAM_SORT_STATS_SAMTOOLS:BAM_STATS_SAMTOOLS:SAMTOOLS_FLAGSTAT,TREATMENT_rhINFa2b_10000_REP3,NFCORE_RNASEQ:RNASEQ:ALIGN_STAR:BAM_SORT_STATS_SAMTOOLS:BAM_STATS_SAMTOOLS:SAMTOOLS_FLAGSTAT (TREATMENT_rhINFa2b_10000_REP3),COMPLETED,0,-,quay.io/biocontainers/samtools:1.17--h00cdaf9_0,1,14400000,-,6442450944,1,1715236953651,1715237105000,1715237116000,162349,10000,-,143.2,0.0,6811648,164548608,6811648,231661568,1268079635,5512,38924,19,1703936,12288,107341,53,/input/data/work/cc/539256572e75e947ab079fe4bf2fb8,true,-
412,1710515058,hu-worker-c42,90/c84f5e,nf-90c84f5ed0fbc2eee562e04a7ce583e9,NFCORE_RNASEQ:RNASEQ:ALIGN_STAR:BAM_SORT_STATS_SAMTOOLS:BAM_STATS_SAMTOOLS:SAMTOOLS_FLAGSTAT,TREATMENT_rhIFNa2b_100_REP1,NFCORE_RNASEQ:RNASEQ:ALIGN_STAR:BAM_SORT_STATS_SAMTOOLS:BAM_STATS_SAMTOOLS:SAMTOOLS_FLAGSTAT (TREATMENT_rhIFNa2b_100_REP1),COMPLETED,0,-,quay.io/biocontainers/samtools:1.17--h00cdaf9_0,1,14400000,-,6442450944,1,1715236953885,1715237098000,1715237112000,158115,14000,-,138.2,0.0,6905856,164413440,6905856,231661568,1708289742,5514,52358,19,0,12288,103928,56,/input/data/work/90/c84f5ed0fbc2eee562e04a7ce583e9,true,-
419,1204551665,hu-worker-c35,46/add4d8,nf-46add4d8bc4f15a6fb6e26ac642236f3,NFCORE_RNASEQ:RNASEQ:ALIGN_STAR:BAM_SORT_STATS_SAMTOOLS:BAM_STATS_SAMTOOLS:SAMTOOLS_FLAGSTAT,TREATMENT_mIFNa11_100000_REP2,NFCORE_RNASEQ:RNASEQ:ALIGN_STAR:BAM_SORT_STATS_SAMTOOLS:BAM_STATS_SAMTOOLS:SAMTOOLS_FLAGSTAT (TREATMENT_mIFNa11_100000_REP2),COMPLETED,0,-,quay.io/biocontainers/samtools:1.17--h00cdaf9_0,1,14400000,-,6442450944,1,1715236954150,1715237105000,1715237115000,160850,10000,-,137.9,0.0,6717440,164413440,6717440,231661568,1202519446,5511,36923,19,245760,12288,103729,28,/input/data/work/46/add4d8bc4f15a6fb6e26ac642236f3,true,-
399,1696929401,hu-worker-c28,eb/7c4f20,nf-eb7c4f2098d44ae7ef332bd18be4f803,NFCORE_RNASEQ:RNASEQ:ALIGN_STAR:BAM_SORT_STATS_SAMTOOLS:BAM_STATS_SAMTOOLS:SAMTOOLS_FLAGSTAT,CONTROL_REP3,NFCORE_RNASEQ:RNASEQ:ALIGN_STAR:BAM_SORT_STATS_SAMTOOLS:BAM_STATS_SAMTOOLS:SAMTOOLS_FLAGSTAT (CONTROL_REP3),COMPLETED,0,-,quay.io/biocontainers/samtools:1.17--h00cdaf9_0,1,14400000,-,6442450944,1,1715236954206,1715237101000,1715237115000,160794,14000,-,139.6,0.0,6750208,164413440,6750208,231661568,1694714878,5514,51948,19,610304,12288,102973,62,/input/data/work/eb/7c4f2098d44ae7ef332bd18be4f803,true,-
431,1702286161,hu-worker-c42,cb/95ae24,nf-cb95ae24fad4062d67d70dc5a5fbfeb4,NFCORE_RNASEQ:RNASEQ:ALIGN_STAR:BAM_SORT_STATS_SAMTOOLS:BAM_STATS_SAMTOOLS:SAMTOOLS_FLAGSTAT,TREATMENT_rhIFNa2b_100_REP3,NFCORE_RNASEQ:RNASEQ:ALIGN_STAR:BAM_SORT_STATS_SAMTOOLS:BAM_STATS_SAMTOOLS:SAMTOOLS_FLAGSTAT (TREATMENT_rhIFNa2b_100_REP3),COMPLETED,0,-,quay.io/biocontainers/samtools:1.17--h00cdaf9_0,1,14400000,-,6442450944,1,1715236954396,1715237100000,1715237114000,159604,14000,-,137.8,0.0,6881280,164413440,6881280,231661568,1700051293,5515,52106,19,0,12288,107044,67,/input/data/work/cb/95ae24fad4062d67d70dc5a5fbfeb4,true,-
409,1696915809,hu-worker-c24,8b/38df72,nf-8b38df72fd8c060f7a12ec2070343307,NFCORE_RNASEQ:RNASEQ:ALIGN_STAR:BAM_SORT_STATS_SAMTOOLS:BAM_STATS_SAMTOOLS:SAMTOOLS_FLAGSTAT,CONTROL_REP1,NFCORE_RNASEQ:RNASEQ:ALIGN_STAR:BAM_SORT_STATS_SAMTOOLS:BAM_STATS_SAMTOOLS:SAMTOOLS_FLAGSTAT (CONTROL_REP1),COMPLETED,0,-,quay.io/biocontainers/samtools:1.17--h00cdaf9_0,1,14400000,-,6442450944,1,1715236953311,1715237102000,1715237117000,163689,15000,-,138.2,0.0,6926336,164413440,6926336,231661568,1694700706,5511,51947,19,10657792,12288,99808,57,/input/data/work/8b/38df72fd8c060f7a12ec2070343307,true,-
425,1551813692,hu-worker-c34,d1/b5acc2,nf-d1b5acc29b86524fdad454df2a7325f8,NFCORE_RNASEQ:RNASEQ:ALIGN_STAR:BAM_SORT_STATS_SAMTOOLS:BAM_STATS_SAMTOOLS:SAMTOOLS_FLAGSTAT,TREATMENT_mIFNa11_100_REP3,NFCORE_RNASEQ:RNASEQ:ALIGN_STAR:BAM_SORT_STATS_SAMTOOLS:BAM_STATS_SAMTOOLS:SAMTOOLS_FLAGSTAT (TREATMENT_mIFNa11_100_REP3),COMPLETED,0,-,quay.io/biocontainers/samtools:1.17--h00cdaf9_0,1,14400000,-,6442450944,1,1715236953934,1715237104000,1715237117000,163066,13000,-,140.5,0.0,7000064,164413440,7000064,231661568,1549655211,5514,47517,19,12288,12288,104406,37,/input/data/work/d1/b5acc29b86524fdad454df2a7325f8,true,-
414,1696904983,hu-worker-c41,e7/fbacef,nf-e7fbacef17cab366fed01b562fab16cb,NFCORE_RNASEQ:RNASEQ:ALIGN_STAR:BAM_SORT_STATS_SAMTOOLS:BAM_STATS_SAMTOOLS:SAMTOOLS_FLAGSTAT,CONTROL_REP2,NFCORE_RNASEQ:RNASEQ:ALIGN_STAR:BAM_SORT_STATS_SAMTOOLS:BAM_STATS_SAMTOOLS:SAMTOOLS_FLAGSTAT (CONTROL_REP2),COMPLETED,0,-,quay.io/biocontainers/samtools:1.17--h00cdaf9_0,1,14400000,-,6442450944,1,1715236954122,1715237102000,1715237117000,162878,15000,-,135.2,0.0,6598656,164413440,6598656,231661568,1694689136,5518,51947,19,0,12288,100533,56,/input/data/work/e7/fbacef17cab366fed01b562fab16cb,true,-
427,1635073127,hu-worker-c25,22/fe1ddc,nf-22fe1ddc8c4ae5aa7735437f32e4b447,NFCORE_RNASEQ:RNASEQ:ALIGN_STAR:BAM_SORT_STATS_SAMTOOLS:BAM_STATS_SAMTOOLS:SAMTOOLS_FLAGSTAT,TREATMENT_rhIFNb_100000_REP2,NFCORE_RNASEQ:RNASEQ:ALIGN_STAR:BAM_SORT_STATS_SAMTOOLS:BAM_STATS_SAMTOOLS:SAMTOOLS_FLAGSTAT (TREATMENT_rhIFNb_100000_REP2),COMPLETED,0,-,quay.io/biocontainers/samtools:1.17--h00cdaf9_0,1,14400000,-,6442450944,1,1715236954235,1715237103000,1715237118000,163765,15000,-,141.9,0.0,6569984,164413440,6709248,231661568,1632876207,5517,50057,19,1171456,12288,102881,36,/input/data/work/22/fe1ddc8c4ae5aa7735437f32e4b447,true,-
428,1493485780,hu-worker-c24,54/774527,nf-54774527076bdf9d3895a044fd25bcbe,NFCORE_RNASEQ:RNASEQ:ALIGN_STAR:BAM_SORT_STATS_SAMTOOLS:BAM_STATS_SAMTOOLS:SAMTOOLS_FLAGSTAT,TREATMENT_mIFNa11_100000_REP3,NFCORE_RNASEQ:RNASEQ:ALIGN_STAR:BAM_SORT_STATS_SAMTOOLS:BAM_STATS_SAMTOOLS:SAMTOOLS_FLAGSTAT (TREATMENT_mIFNa11_100000_REP3),COMPLETED,0,-,quay.io/biocontainers/samtools:1.17--h00cdaf9_0,1,14400000,-,6442450944,1,1715236954311,1715237105000,1715237118000,163689,13000,-,137.3,0.0,6942720,164413440,6942720,231661568,1491314773,5511,45735,19,294912,12288,101945,76,/input/data/work/54/774527076bdf9d3895a044fd25bcbe,true,-
108,21360264937,hu-worker-c42,91/bfd613,nf-91bfd613cfddc2310d9f7c447efc3d32,NFCORE_RNASEQ:RNASEQ:QUANTIFY_SALMON:SALMON_QUANT,TREATMENT_rhIFNb_1000_REP3,NFCORE_RNASEQ:RNASEQ:QUANTIFY_SALMON:SALMON_QUANT (TREATMENT_rhIFNb_1000_REP3),COMPLETED,0,-,quay.io/biocontainers/salmon:1.10.1--h7e5ed60_0,6,28800000,-,38654705664,1,1715230957273,1715236882000,1715237186000,6228727,304000,-,537.7,6.9,18713026560,22086934528,18790789120,22086938624,21368894063,11622776,760902,2661,0,11661312,82,1060,/input/data/work/91/bfd613cfddc2310d9f7c447efc3d32,true,-
105,21486994548,hu-worker-c35,fa/b2f1ad,nf-fab2f1ada53ae41695ccc963ebadc2bf,NFCORE_RNASEQ:RNASEQ:QUANTIFY_SALMON:SALMON_QUANT,TREATMENT_rhIFNb_1000_REP2,NFCORE_RNASEQ:RNASEQ:QUANTIFY_SALMON:SALMON_QUANT (TREATMENT_rhIFNb_1000_REP2),COMPLETED,0,-,quay.io/biocontainers/salmon:1.10.1--h7e5ed60_0,6,28800000,-,38654705664,1,1715230957219,1715236858000,1715237188000,6230781,330000,-,526.9,7.0,18788044800,22099513344,18789752832,22099517440,21495625057,11629509,776372,2668,2740224,11661312,285,3927,/input/data/work/fa/b2f1ada53ae41695ccc963ebadc2bf,true,-
99,21517613491,hu-worker-c35,cb/dd9ec1,nf-cbdd9ec1efd21eaa55eb662e00fd27a7,NFCORE_RNASEQ:RNASEQ:QUANTIFY_SALMON:SALMON_QUANT,TREATMENT_rhIFNb_100_REP1,NFCORE_RNASEQ:RNASEQ:QUANTIFY_SALMON:SALMON_QUANT (TREATMENT_rhIFNb_100_REP1),COMPLETED,0,-,quay.io/biocontainers/salmon:1.10.1--h7e5ed60_0,6,28800000,-,38654705664,1,1715230957248,1715236856000,1715237193000,6235752,336000,-,525.2,6.9,18753884160,22099517440,18755661824,22099521536,21526244732,11636550,780109,2667,10514432,11677696,377,5484,/input/data/work/cb/dd9ec1efd21eaa55eb662e00fd27a7,true,-
107,21453010207,hu-worker-c27,03/32a27f,nf-0332a27f04d6f8374851dd1f15a649a3,NFCORE_RNASEQ:RNASEQ:QUANTIFY_SALMON:SALMON_QUANT,TREATMENT_mIFNa11_1000_REP1,NFCORE_RNASEQ:RNASEQ:QUANTIFY_SALMON:SALMON_QUANT (TREATMENT_mIFNa11_1000_REP1),COMPLETED,0,-,quay.io/biocontainers/salmon:1.10.1--h7e5ed60_0,6,28800000,-,38654705664,1,1715230956978,1715236878000,1715237200000,6243022,322000,-,533.1,7.0,18768412672,22076444672,18769526784,22076448768,21461640896,11631480,772223,2663,11132928,11669504,247,5906,/input/data/work/03/32a27f04d6f8374851dd1f15a649a3,true,-
100,21596680196,hu-worker-c25,c8/8705ba,nf-c88705ba2d309286f5babd625bb311da,NFCORE_RNASEQ:RNASEQ:QUANTIFY_SALMON:SALMON_QUANT,TREATMENT_rhIFNb_10000_REP2,NFCORE_RNASEQ:RNASEQ:QUANTIFY_SALMON:SALMON_QUANT (TREATMENT_rhIFNb_10000_REP2),COMPLETED,0,-,quay.io/biocontainers/salmon:1.10.1--h7e5ed60_0,6,28800000,-,38654705664,1,1715230957039,1715236856000,1715237198000,6240961,342000,-,519.0,6.9,18735378432,22089027584,18738335744,22089031680,21605310197,11625994,789761,2667,21602304,11661312,411,7776,/input/data/work/c8/8705ba2d309286f5babd625bb311da,true,-
109,21430960583,hu-worker-c27,99/8dfce3,nf-998dfce3b36406f753678a0155ac08ef,NFCORE_RNASEQ:RNASEQ:QUANTIFY_SALMON:SALMON_QUANT,TREATMENT_rhINFa2b_100000_REP3,NFCORE_RNASEQ:RNASEQ:QUANTIFY_SALMON:SALMON_QUANT (TREATMENT_rhINFa2b_100000_REP3),COMPLETED,0,-,quay.io/biocontainers/salmon:1.10.1--h7e5ed60_0,6,28800000,-,38654705664,1,1715230957154,1715236879000,1715237198000,6240846,319000,-,534.1,6.9,18704523264,22086934528,18782937088,22086938624,21439590130,11621118,769531,2662,2682880,11657216,187,5232,/input/data/work/99/8dfce3b36406f753678a0155ac08ef,true,-
98,21519741963,hu-worker-c25,95/d20699,nf-95d20699a5ede3354c6b4d56a974354b,NFCORE_RNASEQ:RNASEQ:QUANTIFY_SALMON:SALMON_QUANT,TREATMENT_mIFNa11_1000_REP3,NFCORE_RNASEQ:RNASEQ:QUANTIFY_SALMON:SALMON_QUANT (TREATMENT_mIFNa11_1000_REP3),COMPLETED,0,-,quay.io/biocontainers/salmon:1.10.1--h7e5ed60_0,6,28800000,-,38654705664,1,1715230957338,1715236856000,1715237198000,6240662,342000,-,519.7,6.9,18745909248,22086930432,18748829696,22086934528,21528373945,11636099,780369,2666,2424832,11673600,232,7620,/input/data/work/95/d20699a5ede3354c6b4d56a974354b,true,-
106,21471783836,hu-worker-c41,bd/8a7298,nf-bd8a7298a0907fc241981000f11c6a0b,NFCORE_RNASEQ:RNASEQ:QUANTIFY_SALMON:SALMON_QUANT,TREATMENT_rhIFNb_100_REP3,NFCORE_RNASEQ:RNASEQ:QUANTIFY_SALMON:SALMON_QUANT (TREATMENT_rhIFNb_100_REP3),COMPLETED,0,-,quay.io/biocontainers/salmon:1.10.1--h7e5ed60_0,6,28800000,-,38654705664,1,1715230957121,1715236868000,1715237205000,6247879,337000,-,520.2,6.9,18740834304,22019825664,18794364928,22086938624,21480418361,11644349,774515,2666,14639104,11677696,213,16704,/input/data/work/bd/8a7298a0907fc241981000f11c6a0b,true,-
110,21308040530,hu-worker-c34,a7/9eec97,nf-a79eec970b7415dae2f9849f42596593,NFCORE_RNASEQ:RNASEQ:QUANTIFY_SALMON:SALMON_QUANT,TREATMENT_rhIFNa2b_1000_REP3,NFCORE_RNASEQ:RNASEQ:QUANTIFY_SALMON:SALMON_QUANT (TREATMENT_rhIFNa2b_1000_REP3),COMPLETED,0,-,quay.io/biocontainers/salmon:1.10.1--h7e5ed60_0,6,28800000,-,38654705664,1,1715230957307,1715236908000,1715237221000,6263693,313000,-,538.7,6.9,18731950080,22032408576,18800758784,22099521536,21316670823,11631404,754528,2668,0,11665408,69,2203,/input/data/work/a7/9eec970b7415dae2f9849f42596593,true,-
101,21745723454,hu-worker-c28,65/3b7d84,nf-653b7d84cd60a1c26c0665a28e0095e5,NFCORE_RNASEQ:RNASEQ:QUANTIFY_SALMON:SALMON_QUANT,TREATMENT_mIFNa11_1000_REP2,NFCORE_RNASEQ:RNASEQ:QUANTIFY_SALMON:SALMON_QUANT (TREATMENT_mIFNa11_1000_REP2),COMPLETED,0,-,quay.io/biocontainers/salmon:1.10.1--h7e5ed60_0,6,28800000,-,38654705664,1,1715230956932,1715236854000,1715237223000,6266068,369000,-,523.4,6.9,18734530560,22070157312,18795606016,22137270272,21754356678,11643562,807955,2680,5971968,11681792,301,8245,/input/data/work/65/3b7d84cd60a1c26c0665a28e0095e5,true,-
102,21879633679,hu-worker-c28,4b/0c1b49,nf-4b0c1b490e5668132b24c2ca0f3696e7,NFCORE_RNASEQ:RNASEQ:QUANTIFY_SALMON:SALMON_QUANT,TREATMENT_rhIFNb_10000_REP3,NFCORE_RNASEQ:RNASEQ:QUANTIFY_SALMON:SALMON_QUANT (TREATMENT_rhIFNb_10000_REP3),COMPLETED,0,-,quay.io/biocontainers/salmon:1.10.1--h7e5ed60_0,6,28800000,-,38654705664,1,1715230957096,1715236853000,1715237225000,6267904,372000,-,524.8,7.0,18760183808,22112096256,18762522624,22112100352,21888264424,11631974,824301,2678,11665408,11673600,393,9035,/input/data/work/4b/0c1b490e5668132b24c2ca0f3696e7,true,-
111,21343182072,hu-worker-c42,4d/d5c49e,nf-4dd5c49ed4c73946c50c4d7239352b51,NFCORE_RNASEQ:RNASEQ:QUANTIFY_SALMON:SALMON_QUANT,TREATMENT_mIFNa11_10000_REP1,NFCORE_RNASEQ:RNASEQ:QUANTIFY_SALMON:SALMON_QUANT (TREATMENT_mIFNa11_10000_REP1),COMPLETED,0,-,quay.io/biocontainers/salmon:1.10.1--h7e5ed60_0,6,28800000,-,38654705664,1,1715230957187,1715236906000,1715237221000,6263813,315000,-,529.8,7.0,18760585216,22086934528,18760585216,22086938624,21351812127,11625677,758818,2665,0,11661312,32,1517,/input/data/work/4d/d5c49ed4c73946c50c4d7239352b51,true,-
116,21241683699,hu-worker-c24,c7/afbf3e,nf-c7afbf3eff218d7bc87095416f97b2ec,NFCORE_RNASEQ:RNASEQ:QUANTIFY_SALMON:SALMON_QUANT,TREATMENT_rhINFa2b_10000_REP1,NFCORE_RNASEQ:RNASEQ:QUANTIFY_SALMON:SALMON_QUANT (TREATMENT_rhINFa2b_10000_REP1),COMPLETED,0,-,quay.io/biocontainers/salmon:1.10.1--h7e5ed60_0,6,28800000,-,38654705664,1,1715231349315,1715236920000,1715237225000,5875685,305000,-,535.6,6.9,18700984320,22080643072,18779492352,22080647168,21250312963,11625361,746426,2658,1974272,11661312,42,1005,/input/data/work/c7/afbf3eff218d7bc87095416f97b2ec,true,-
103,21936956958,hu-worker-c24,f5/12aae8,nf-f512aae8db0afc7f9997af269819963a,NFCORE_RNASEQ:RNASEQ:QUANTIFY_SALMON:SALMON_QUANT,TREATMENT_rhINFa2b_100000_REP1,NFCORE_RNASEQ:RNASEQ:QUANTIFY_SALMON:SALMON_QUANT (TREATMENT_rhINFa2b_100000_REP1),COMPLETED,0,-,quay.io/biocontainers/salmon:1.10.1--h7e5ed60_0,6,28800000,-,38654705664,1,1715230957012,1715236852000,1715237227000,6269988,375000,-,531.3,6.9,18739204096,22112100352,18814738432,22112104448,21945590167,11643572,831298,2679,11358208,11677696,215,5118,/input/data/work/f5/12aae8db0afc7f9997af269819963a,true,-
104,22113423135,hu-worker-c34,d0/c33321,nf-d0c33321fabbe295c43b9a5c51cdc5df,NFCORE_RNASEQ:RNASEQ:QUANTIFY_SALMON:SALMON_QUANT,TREATMENT_rhINFa2b_10000_REP2,NFCORE_RNASEQ:RNASEQ:QUANTIFY_SALMON:SALMON_QUANT (TREATMENT_rhINFa2b_10000_REP2),COMPLETED,0,-,quay.io/biocontainers/salmon:1.10.1--h7e5ed60_0,6,28800000,-,38654705664,1,1715230957066,1715236844000,1715237229000,6271934,385000,-,535.8,6.9,18740781056,22112096256,18823213056,22112100352,22122057324,11652241,852839,2685,4194304,11685888,143,4583,/input/data/work/d0/c33321fabbe295c43b9a5c51cdc5df,true,-
112,21164306802,hu-worker-c41,9c/2c6c03,nf-9c2c6c03e4dc9376474c029adeba9516,NFCORE_RNASEQ:RNASEQ:QUANTIFY_SALMON:SALMON_QUANT,TREATMENT_mIFNa11_100_REP2,NFCORE_RNASEQ:RNASEQ:QUANTIFY_SALMON:SALMON_QUANT (TREATMENT_mIFNa11_100_REP2),COMPLETED,0,-,quay.io/biocontainers/salmon:1.10.1--h7e5ed60_0,6,28800000,-,38654705664,1,1715231331999,1715236924000,1715237227000,5895001,303000,-,524.7,6.9,18723880960,22032408576,18790555648,22099521536,21172937532,11628140,736981,2661,1339392,11665408,77,7158,/input/data/work/9c/2c6c03e4dc9376474c029adeba9516,true,-
115,21143258877,hu-worker-c42,1b/37ed74,nf-1b37ed745dc059cd4decef81b4f7c8a4,NFCORE_RNASEQ:RNASEQ:QUANTIFY_SALMON:SALMON_QUANT,TREATMENT_rhIFNb_100000_REP1,NFCORE_RNASEQ:RNASEQ:QUANTIFY_SALMON:SALMON_QUANT (TREATMENT_rhIFNb_100000_REP1),COMPLETED,0,-,quay.io/biocontainers/salmon:1.10.1--h7e5ed60_0,6,28800000,-,38654705664,1,1715231339098,1715237189000,1715237469000,6129902,280000,-,519.4,6.9,18759880704,22099517440,18763767808,22099521536,21151886196,11610910,734411,2656,0,11644928,7576,178970,/input/data/work/1b/37ed745dc059cd4decef81b4f7c8a4,true,-
125,21120143776,hu-worker-c35,9d/aa6545,nf-9daa65452f97c120b0506cfe4c88de19,NFCORE_RNASEQ:RNASEQ:QUANTIFY_SALMON:SALMON_QUANT,TREATMENT_rhIFNb_1000_REP1,NFCORE_RNASEQ:RNASEQ:QUANTIFY_SALMON:SALMON_QUANT (TREATMENT_rhIFNb_1000_REP1),COMPLETED,0,-,quay.io/biocontainers/salmon:1.10.1--h7e5ed60_0,6,28800000,-,38654705664,1,1715231362891,1715237191000,1715237477000,6114109,286000,-,513.3,6.9,18757832704,22099517440,18759630848,22099521536,21128772279,11613593,731590,2656,4472832,11649024,15120,190048,/input/data/work/9d/aa65452f97c120b0506cfe4c88de19,true,-
121,21091612491,hu-worker-c35,45/9aee44,nf-459aee44abdbadfd5eed802f0c8d8c97,NFCORE_RNASEQ:RNASEQ:QUANTIFY_SALMON:SALMON_QUANT,TREATMENT_rhIFNa2b_1000_REP1,NFCORE_RNASEQ:RNASEQ:QUANTIFY_SALMON:SALMON_QUANT (TREATMENT_rhIFNa2b_1000_REP1),COMPLETED,0,-,quay.io/biocontainers/salmon:1.10.1--h7e5ed60_0,6,28800000,-,38654705664,1,1715231356784,1715237195000,1715237483000,6126216,288000,-,522.2,6.9,18737209344,22019825664,18797101056,22086938624,21100242522,11622499,728108,2658,24576,11657216,11342,40791,/input/data/work/45/9aee44abdbadfd5eed802f0c8d8c97,true,-
129,21017399825,hu-worker-c27,85/553351,nf-85553351a475d57e2660664f15534657,NFCORE_RNASEQ:RNASEQ:QUANTIFY_SALMON:SALMON_QUANT,TREATMENT_rhIFNb_100_REP2,NFCORE_RNASEQ:RNASEQ:QUANTIFY_SALMON:SALMON_QUANT (TREATMENT_rhIFNb_100_REP2),COMPLETED,0,-,quay.io/biocontainers/salmon:1.10.1--h7e5ed60_0,6,28800000,-,38654705664,1,1715231832938,1715237202000,1715237486000,5653062,283000,-,511.9,6.9,18702983168,22021922816,18777071616,22089035776,21026029344,11622640,719048,2652,258048,11657216,24110,69023,/input/data/work/85/553351a475d57e2660664f15534657,true,-
119,21042062777,hu-worker-c25,8b/6a3eb7,nf-8b6a3eb7ab261a1137114dc2579b94a0,NFCORE_RNASEQ:RNASEQ:QUANTIFY_SALMON:SALMON_QUANT,TREATMENT_rhIFNb_10000_REP1,NFCORE_RNASEQ:RNASEQ:QUANTIFY_SALMON:SALMON_QUANT (TREATMENT_rhIFNb_10000_REP1),COMPLETED,0,-,quay.io/biocontainers/salmon:1.10.1--h7e5ed60_0,6,28800000,-,38654705664,1,1715231356622,1715237202000,1715237488000,6131378,286000,-,502.5,6.9,18728517632,22099517440,18728701952,22099521536,21050688480,11595054,722058,2648,917504,11632640,24622,71190,/input/data/work/8b/6a3eb7ab261a1137114dc2579b94a0,true,-
123,21060272793,hu-worker-c27,2a/8832cc,nf-2a8832cce067aa8567c4a0df22246035,NFCORE_RNASEQ:RNASEQ:QUANTIFY_SALMON:SALMON_QUANT,TREATMENT_mIFNa11_10000_REP2,NFCORE_RNASEQ:RNASEQ:QUANTIFY_SALMON:SALMON_QUANT (TREATMENT_mIFNa11_10000_REP2),COMPLETED,0,-,quay.io/biocontainers/salmon:1.10.1--h7e5ed60_0,6,28800000,-,38654705664,1,1715231360646,1715237201000,1715237487000,6126354,286000,-,512.7,6.9,18749591552,22086934528,18751672320,22086938624,21068901486,11614862,724281,2652,1396736,11649024,26282,48849,/input/data/work/2a/8832cce067aa8567c4a0df22246035,true,-
138,20954374717,hu-worker-c42,84/4e7687,nf-844e76876054bb36f3132fbc1d11fb42,NFCORE_RNASEQ:RNASEQ:QUANTIFY_SALMON:SALMON_QUANT,TREATMENT_rhIFNa2b_1000_REP2,NFCORE_RNASEQ:RNASEQ:QUANTIFY_SALMON:SALMON_QUANT (TREATMENT_rhIFNa2b_1000_REP2),COMPLETED,0,-,quay.io/biocontainers/salmon:1.10.1--h7e5ed60_0,6,28800000,-,38654705664,1,1715231853252,1715237224000,1715237492000,5638748,268000,-,527.0,6.9,18728210432,22032404480,18795544576,22099517440,20963001784,11612535,711353,2653,0,11649024,39,725,/input/data/work/84/4e76876054bb36f3132fbc1d11fb42,true,-
140,21017390600,hu-worker-c41,1c/59e685,nf-1c59e68523294612b6bc6f02cd5b9aa0,NFCORE_RNASEQ:RNASEQ:QUANTIFY_SALMON:SALMON_QUANT,TREATMENT_mIFNa11_100_REP1,NFCORE_RNASEQ:RNASEQ:QUANTIFY_SALMON:SALMON_QUANT (TREATMENT_mIFNa11_100_REP1),COMPLETED,0,-,quay.io/biocontainers/salmon:1.10.1--h7e5ed60_0,6,28800000,-,38654705664,1,1715231857592,1715237207000,1715237493000,5635408,285000,-,511.6,7.0,18780852224,22086934528,18783436800,22086938624,21026018793,11618883,719047,2655,4333568,11649024,9638,151640,/input/data/work/1c/59e68523294612b6bc6f02cd5b9aa0,true,-
127,21040867500,hu-worker-c25,e6/07003f,nf-e607003f760184cabf0c72594c4a8285,NFCORE_RNASEQ:RNASEQ:QUANTIFY_SALMON:SALMON_QUANT,TREATMENT_rhINFa2b_100000_REP2,NFCORE_RNASEQ:RNASEQ:QUANTIFY_SALMON:SALMON_QUANT (TREATMENT_rhINFa2b_100000_REP2),COMPLETED,0,-,quay.io/biocontainers/salmon:1.10.1--h7e5ed60_0,6,28800000,-,38654705664,1,1715231437915,1715237201000,1715237496000,6058085,295000,-,503.3,6.9,18690531328,22076444672,18764685312,22076448768,21049494522,11609553,721912,2656,4210688,11640832,24921,35896,/input/data/work/e6/07003f760184cabf0c72594c4a8285,true,-
131,20978928134,hu-worker-c34,82/6535ca,nf-826535caf3805ff37a15d48a11172df0,NFCORE_RNASEQ:RNASEQ:QUANTIFY_SALMON:SALMON_QUANT,TREATMENT_mIFNa11_100000_REP1,NFCORE_RNASEQ:RNASEQ:QUANTIFY_SALMON:SALMON_QUANT (TREATMENT_mIFNa11_100000_REP1),COMPLETED,0,-,quay.io/biocontainers/salmon:1.10.1--h7e5ed60_0,6,28800000,-,38654705664,1,1715231837686,1715237224000,1715237497000,5659314,273000,-,510.1,6.9,18727342080,22019821568,18790395904,22086934528,20987555610,11609712,714352,2650,0,11644928,19963,151123,/input/data/work/82/6535caf3805ff37a15d48a11172df0,true,-
135,20915386110,hu-worker-c24,18/bd9b33,nf-18bd9b3345e618f4fd46071181bdb403,NFCORE_RNASEQ:RNASEQ:QUANTIFY_SALMON:SALMON_QUANT,TREATMENT_mIFNa11_10000_REP3,NFCORE_RNASEQ:RNASEQ:QUANTIFY_SALMON:SALMON_QUANT (TREATMENT_mIFNa11_10000_REP3),COMPLETED,0,-,quay.io/biocontainers/salmon:1.10.1--h7e5ed60_0,6,28800000,-,38654705664,1,1715231852695,1715237228000,1715237501000,5648305,273000,-,510.4,6.9,18724802560,22032404480,18784985088,22099517440,20924013537,11607995,706595,2651,8192,11640832,12242,38395,/input/data/work/18/bd9b3345e618f4fd46071181bdb403,true,-
142,20903844008,hu-worker-c41,c3/0f4ed2,nf-c30f4ed29b89a3a75eb38d1207e8529f,NFCORE_RNASEQ:RNASEQ:QUANTIFY_SALMON:SALMON_QUANT,CONTROL_REP2,NFCORE_RNASEQ:RNASEQ:QUANTIFY_SALMON:SALMON_QUANT (CONTROL_REP2),COMPLETED,0,-,quay.io/biocontainers/salmon:1.10.1--h7e5ed60_0,6,28800000,-,38654705664,1,1715231922592,1715237229000,1715237499000,5576408,269000,-,516.8,6.9,18711924736,22086930432,18785005568,22086934528,20912471865,11607093,705186,2647,0,11640832,30,1623,/input/data/work/c3/0f4ed29b89a3a75eb38d1207e8529f,true,-
153,20903844008,hu-worker-c24,b9/1963ad,nf-b91963ada9e2d99e628b8b1d89a4680d,NFCORE_RNASEQ:RNASEQ:QUANTIFY_SALMON:SALMON_QUANT,CONTROL_REP1,NFCORE_RNASEQ:RNASEQ:QUANTIFY_SALMON:SALMON_QUANT (CONTROL_REP1),COMPLETED,0,-,quay.io/biocontainers/salmon:1.10.1--h7e5ed60_0,6,28800000,-,38654705664,1,1715232325605,1715237230000,1715237500000,5174395,270000,-,516.2,7.0,18780794880,22076448768,18780807168,22076452864,20912472105,11615755,705186,2648,4194304,11649024,10148,35425,/input/data/work/b9/1963ada9e2d99e628b8b1d89a4680d,true,-
154,20903844008,hu-worker-c34,2f/173da1,nf-2f173da1437387ee080900b456f3a5ed,NFCORE_RNASEQ:RNASEQ:QUANTIFY_SALMON:SALMON_QUANT,TREATMENT_rhIFNa2b_100_REP1,NFCORE_RNASEQ:RNASEQ:QUANTIFY_SALMON:SALMON_QUANT (TREATMENT_rhIFNa2b_100_REP1),COMPLETED,0,-,quay.io/biocontainers/salmon:1.10.1--h7e5ed60_0,6,28800000,-,38654705664,1,1715232329466,1715237232000,1715237500000,5170534,268000,-,524.2,6.9,18715189248,22032404480,18780868608,22099517440,20912471852,11615567,705186,2654,0,11649024,3614,6901,/input/data/work/2f/173da1437387ee080900b456f3a5ed,true,-
132,20938906377,hu-worker-c28,cc/5cc3be,nf-cc5cc3beb531909186afb0aa18ac83a7,NFCORE_RNASEQ:RNASEQ:QUANTIFY_SALMON:SALMON_QUANT,TREATMENT_rhIFNa2b_100_REP2,NFCORE_RNASEQ:RNASEQ:QUANTIFY_SALMON:SALMON_QUANT (TREATMENT_rhIFNa2b_100_REP2),COMPLETED,0,-,quay.io/biocontainers/salmon:1.10.1--h7e5ed60_0,6,28800000,-,38654705664,1,1715231847660,1715237226000,1715237509000,5661340,283000,-,505.5,6.9,18735755264,22009339904,18788114432,22089031680,20947534053,11614441,709466,2649,4259840,11649024,20323,86017,/input/data/work/cc/5cc3beb531909186afb0aa18ac83a7,true,-
136,20903844008,hu-worker-c28,b6/da370a,nf-b6da370afb52b73924e7ce1819824032,NFCORE_RNASEQ:RNASEQ:QUANTIFY_SALMON:SALMON_QUANT,CONTROL_REP3,NFCORE_RNASEQ:RNASEQ:QUANTIFY_SALMON:SALMON_QUANT (CONTROL_REP3),COMPLETED,0,-,quay.io/biocontainers/salmon:1.10.1--h7e5ed60_0,6,28800000,-,38654705664,1,1715231852931,1715237228000,1715237509000,5656069,281000,-,510.1,7.0,18774642688,22086934528,18774671360,22086938624,20912472561,11616953,705186,2654,4096,11649024,18080,53171,/input/data/work/b6/da370afb52b73924e7ce1819824032,true,-
161,19892611649,hu-worker-c42,af/327344,nf-af32734498c2d0e4290ec8fd38708777,NFCORE_RNASEQ:RNASEQ:QUANTIFY_SALMON:SALMON_QUANT,TREATMENT_rhIFNb_100000_REP3,NFCORE_RNASEQ:RNASEQ:QUANTIFY_SALMON:SALMON_QUANT (TREATMENT_rhIFNb_100000_REP3),COMPLETED,0,-,quay.io/biocontainers/salmon:1.10.1--h7e5ed60_0,6,28800000,-,38654705664,1,1715232504342,1715237495000,1715237662000,5157658,167000,-,466.2,6.9,18701524992,21998854144,18763005952,22065967104,19901227200,11543186,581743,2609,0,11579392,39,4854,/input/data/work/af/32734498c2d0e4290ec8fd38708777,true,-
163,6026269736,hu-worker-c24,fb/adec26,nf-fbadec266569354502b1973aaf0d6179,NFCORE_RNASEQ:RNASEQ:QUANTIFY_STAR_SALMON:SALMON_QUANT,TREATMENT_rhIFNb_100_REP1,NFCORE_RNASEQ:RNASEQ:QUANTIFY_STAR_SALMON:SALMON_QUANT (TREATMENT_rhIFNb_100_REP1),COMPLETED,0,-,quay.io/biocontainers/salmon:1.10.1--h7e5ed60_0,6,28800000,-,38654705664,1,1715233357213,1715237504000,1715237666000,4308787,161000,-,501.0,2.6,7101100032,8170942464,7118692352,8170946560,6035023666,11680846,290249,2608,200704,11718656,43,868,/input/data/work/fb/adec266569354502b1973aaf0d6179,true,-
165,6101891447,hu-worker-c34,61/ee46ad,nf-61ee46add63ee7be1b6ba1e2b1bedfea,NFCORE_RNASEQ:RNASEQ:QUANTIFY_STAR_SALMON:SALMON_QUANT,TREATMENT_rhIFNb_10000_REP2,NFCORE_RNASEQ:RNASEQ:QUANTIFY_STAR_SALMON:SALMON_QUANT (TREATMENT_rhIFNb_10000_REP2),COMPLETED,0,-,quay.io/biocontainers/salmon:1.10.1--h7e5ed60_0,6,28800000,-,38654705664,1,1715233358695,1715237503000,1715237668000,4309305,165000,-,500.8,2.6,7027200000,8170942464,7040233472,8171458560,6110642973,11670396,292947,2611,0,11706368,40,743,/input/data/work/61/ee46add63ee7be1b6ba1e2b1bedfea,true,-
167,6085550283,hu-worker-c24,53/53ffd3,nf-5353ffd3411244b3986e31a9c9c52a55,NFCORE_RNASEQ:RNASEQ:QUANTIFY_STAR_SALMON:SALMON_QUANT,TREATMENT_mIFNa11_1000_REP3,NFCORE_RNASEQ:RNASEQ:QUANTIFY_STAR_SALMON:SALMON_QUANT (TREATMENT_mIFNa11_1000_REP3),COMPLETED,0,-,quay.io/biocontainers/salmon:1.10.1--h7e5ed60_0,6,28800000,-,38654705664,1,1715233363859,1715237503000,1715237671000,4307141,167000,-,499.3,2.6,7140646912,8162549760,7152709632,8163065856,6094304563,11681506,292013,2611,266240,11718656,73,1054,/input/data/work/53/53ffd3411244b3986e31a9c9c52a55,true,-
169,6477413108,hu-worker-c41,5f/8303b2,nf-5f8303b2444574470b7e57d7d3b4f0ba,NFCORE_RNASEQ:RNASEQ:QUANTIFY_STAR_SALMON:SALMON_QUANT,TREATMENT_mIFNa11_1000_REP2,NFCORE_RNASEQ:RNASEQ:QUANTIFY_STAR_SALMON:SALMON_QUANT (TREATMENT_mIFNa11_1000_REP2),COMPLETED,0,-,quay.io/biocontainers/salmon:1.10.1--h7e5ed60_0,6,28800000,-,38654705664,1,1715233377053,1715237501000,1715237671000,4293947,170000,-,502.8,2.7,7205171200,8177758208,7216066560,8177762304,6486168961,11690068,304552,2611,4440064,11722752,34,633,/input/data/work/5f/8303b2444574470b7e57d7d3b4f0ba,true,-
175,6545304201,hu-worker-c34,96/0bffaf,nf-960bffafeb783c10cead5ba671e3891c,NFCORE_RNASEQ:RNASEQ:QUANTIFY_STAR_SALMON:SALMON_QUANT,TREATMENT_rhIFNb_10000_REP3,NFCORE_RNASEQ:RNASEQ:QUANTIFY_STAR_SALMON:SALMON_QUANT (TREATMENT_rhIFNb_10000_REP3),COMPLETED,0,-,quay.io/biocontainers/salmon:1.10.1--h7e5ed60_0,6,28800000,-,38654705664,1,1715233455084,1715237500000,1715237670000,4214916,170000,-,502.8,2.6,6987726848,8170938368,6999728128,8171454464,6554056195,11673556,307666,2611,0,11706368,69,509,/input/data/work/96/0bffafeb783c10cead5ba671e3891c,true,-
173,6688157703,hu-worker-c25,0a/e50870,nf-0ae508702fda145104286ac1bf7e74b5,NFCORE_RNASEQ:RNASEQ:QUANTIFY_STAR_SALMON:SALMON_QUANT,TREATMENT_rhINFa2b_100000_REP1,NFCORE_RNASEQ:RNASEQ:QUANTIFY_STAR_SALMON:SALMON_QUANT (TREATMENT_rhINFa2b_100000_REP1),COMPLETED,0,-,quay.io/biocontainers/salmon:1.10.1--h7e5ed60_0,6,28800000,-,38654705664,1,1715233438796,1715237499000,1715237672000,4233204,173000,-,503.3,2.6,7032827904,8176181248,7045267456,8176185344,6696914071,11686832,312034,2611,561152,11722752,76,619,/input/data/work/0a/e508702fda145104286ac1bf7e74b5,true,-
177,5933762811,hu-worker-c28,d9/82084c,nf-d982084c6778b001422539a124ba5ced,NFCORE_RNASEQ:RNASEQ:QUANTIFY_STAR_SALMON:SALMON_QUANT,TREATMENT_rhIFNb_1000_REP2,NFCORE_RNASEQ:RNASEQ:QUANTIFY_STAR_SALMON:SALMON_QUANT (TREATMENT_rhIFNb_1000_REP2),COMPLETED,0,-,quay.io/biocontainers/salmon:1.10.1--h7e5ed60_0,6,28800000,-,38654705664,1,1715233513152,1715237511000,1715237676000,4162848,165000,-,499.0,2.6,7065440256,8170934272,7084089344,8171450368,5942516116,11674175,287336,2608,0,11710464,45,967,/input/data/work/d9/82084c6778b001422539a124ba5ced,true,-
185,6007640326,hu-worker-c28,32/bca51f,nf-32bca51f823bc261bdc07541746aad0d,NFCORE_RNASEQ:RNASEQ:QUANTIFY_STAR_SALMON:SALMON_QUANT,TREATMENT_rhIFNb_100_REP3,NFCORE_RNASEQ:RNASEQ:QUANTIFY_STAR_SALMON:SALMON_QUANT (TREATMENT_rhIFNb_100_REP3),COMPLETED,0,-,quay.io/biocontainers/salmon:1.10.1--h7e5ed60_0,6,28800000,-,38654705664,1,1715234352647,1715237511000,1715237674000,3321353,163000,-,498.7,2.7,7317757952,9251495936,7334912000,9251500032,6016398198,11694057,288635,2609,520192,11730944,80,846,/input/data/work/32/bca51f823bc261bdc07541746aad0d,true,-
171,6965849771,hu-worker-c41,56/ba2f47,nf-56ba2f47fe7961227ea1bff9befa49e0,NFCORE_RNASEQ:RNASEQ:QUANTIFY_STAR_SALMON:SALMON_QUANT,TREATMENT_rhINFa2b_10000_REP2,NFCORE_RNASEQ:RNASEQ:QUANTIFY_STAR_SALMON:SALMON_QUANT (TREATMENT_rhINFa2b_10000_REP2),COMPLETED,0,-,quay.io/biocontainers/salmon:1.10.1--h7e5ed60_0,6,28800000,-,38654705664,1,1715233432080,1715237496000,1715237677000,4244920,181000,-,506.9,2.6,7101685760,8180379648,7110868992,8180383744,6974606559,11688382,321144,2616,274432,11726848,72,662,/input/data/work/56/ba2f47fe7961227ea1bff9befa49e0,true,-
147,20191592932,hu-worker-c25,29/2f8d2f,nf-292f8d2f583da2b0cf0c70554d96853e,NFCORE_RNASEQ:RNASEQ:QUANTIFY_SALMON:SALMON_QUANT,TREATMENT_mIFNa11_100000_REP2,NFCORE_RNASEQ:RNASEQ:QUANTIFY_SALMON:SALMON_QUANT (TREATMENT_mIFNa11_100000_REP2),COMPLETED,0,-,quay.io/biocontainers/salmon:1.10.1--h7e5ed60_0,6,28800000,-,38654705664,1,1715232262656,1715237491000,1715237687000,5424344,196000,-,484.9,6.9,18724589568,22065963008,18724589568,22065967104,20200212520,11562493,618240,2621,4206592,11599872,1401,16722,/input/data/work/29/2f8d2f583da2b0cf0c70554d96853e,true,-
145,20280344766,hu-worker-c27,41/7cd3e3,nf-417cd3e3955929caf62f1f291a4ced9f,NFCORE_RNASEQ:RNASEQ:QUANTIFY_SALMON:SALMON_QUANT,TREATMENT_rhINFa2b_10000_REP3,NFCORE_RNASEQ:RNASEQ:QUANTIFY_SALMON:SALMON_QUANT (TREATMENT_rhINFa2b_10000_REP3),COMPLETED,0,-,quay.io/biocontainers/salmon:1.10.1--h7e5ed60_0,6,28800000,-,38654705664,1,1715232217543,1715237490000,1715237696000,5478457,206000,-,496.7,6.9,18718650368,21998854144,18718842880,21998858240,20288963795,11572635,629074,2626,77824,11608064,40,908,/input/data/work/41/7cd3e3955929caf62f1f291a4ced9f,true,-
148,20604647340,hu-worker-c27,1c/ad960f,nf-1cad960fd11379447fe8db9184fb47df,NFCORE_RNASEQ:RNASEQ:QUANTIFY_SALMON:SALMON_QUANT,TREATMENT_mIFNa11_100000_REP3,NFCORE_RNASEQ:RNASEQ:QUANTIFY_SALMON:SALMON_QUANT (TREATMENT_mIFNa11_100000_REP3),COMPLETED,0,-,quay.io/biocontainers/salmon:1.10.1--h7e5ed60_0,6,28800000,-,38654705664,1,1715232282543,1715237488000,1715237718000,5435457,230000,-,507.9,6.9,18755534848,22099513344,18760630272,22099517440,20613270799,11589785,668662,2634,45056,11624448,986,9052,/input/data/work/1c/ad960fd11379447fe8db9184fb47df,true,-
150,20672176596,hu-worker-c35,9d/71cf52,nf-9d71cf528b16912aea84e822f77979ae,NFCORE_RNASEQ:RNASEQ:QUANTIFY_SALMON:SALMON_QUANT,TREATMENT_mIFNa11_100_REP3,NFCORE_RNASEQ:RNASEQ:QUANTIFY_SALMON:SALMON_QUANT (TREATMENT_mIFNa11_100_REP3),COMPLETED,0,-,quay.io/biocontainers/salmon:1.10.1--h7e5ed60_0,6,28800000,-,38654705664,1,1715232305940,1715237485000,1715237723000,5417060,238000,-,512.8,6.9,18718236672,22019825664,18782015488,22086938624,20680800471,11599353,676905,2638,0,11632640,32,320,/input/data/work/9d/71cf528b16912aea84e822f77979ae,true,-
156,20806954949,hu-worker-c35,a5/b1c498,nf-a5b1c49896cdb203eaed4ad27efe4dc8,NFCORE_RNASEQ:RNASEQ:QUANTIFY_SALMON:SALMON_QUANT,TREATMENT_rhIFNb_100000_REP2,NFCORE_RNASEQ:RNASEQ:QUANTIFY_SALMON:SALMON_QUANT (TREATMENT_rhIFNb_100000_REP2),COMPLETED,0,-,quay.io/biocontainers/salmon:1.10.1--h7e5ed60_0,6,28800000,-,38654705664,1,1715232336961,1715237479000,1715237721000,5384039,242000,-,520.7,6.9,18721288192,22019825664,18783907840,22086938624,20815578200,11592356,693357,2639,24576,11624448,141,16202,/input/data/work/a5/b1c49896cdb203eaed4ad27efe4dc8,true,-
158,20900630351,hu-worker-c42,0c/d125ba,nf-0cd125ba33bd22435a7c0429564402b9,NFCORE_RNASEQ:RNASEQ:QUANTIFY_SALMON:SALMON_QUANT,TREATMENT_rhIFNa2b_100_REP3,NFCORE_RNASEQ:RNASEQ:QUANTIFY_SALMON:SALMON_QUANT (TREATMENT_rhIFNa2b_100_REP3),COMPLETED,0,-,quay.io/biocontainers/salmon:1.10.1--h7e5ed60_0,6,28800000,-,38654705664,1,1715232344481,1715237472000,1715237731000,5386519,259000,-,519.7,6.9,18697244672,22089031680,18779541504,22089035776,20909259027,11617079,704794,2648,0,11653120,78,2280,/input/data/work/0c/d125ba33bd22435a7c0429564402b9,true,-
435,1368641976,hu-worker-c34,ce/141aa9,nf-ce141aa93479708baa1bebbb110afb17,NFCORE_RNASEQ:RNASEQ:QUANTIFY_SALMON:SALMON_TX2GENE,genes.gtf,NFCORE_RNASEQ:RNASEQ:QUANTIFY_SALMON:SALMON_TX2GENE (genes.gtf),COMPLETED,0,-,quay.io/biocontainers/python:3.9--1,2,14400000,-,12884901888,1,1715237734785,1715237735000,1715237772000,37215,37000,-,99.8,2.8,7533047808,7539437568,7654027264,7660552192,916952497,8515464,112127,1061,4194304,8523776,154,338,/input/data/work/ce/141aa93479708baa1bebbb110afb17,true,-
183,5924747715,hu-worker-c42,cc/84b756,nf-cc84b756b5418a4384dcfe17940d7f86,NFCORE_RNASEQ:RNASEQ:QUANTIFY_STAR_SALMON:SALMON_QUANT,TREATMENT_mIFNa11_1000_REP1,NFCORE_RNASEQ:RNASEQ:QUANTIFY_STAR_SALMON:SALMON_QUANT (TREATMENT_mIFNa11_1000_REP1),COMPLETED,0,-,quay.io/biocontainers/salmon:1.10.1--h7e5ed60_0,6,28800000,-,38654705664,1,1715234340501,1715237664000,1715237821000,3480499,157000,-,487.3,2.6,7073107968,8170942464,7090536448,8171458560,5933499852,11673297,286967,2609,0,11706368,62,370,/input/data/work/cc/84b756b5418a4384dcfe17940d7f86,true,-
179,5827159733,hu-worker-c24,29/1e1a04,nf-291e1a04fff043f8bc690517dfce7bad,NFCORE_RNASEQ:RNASEQ:QUANTIFY_STAR_SALMON:SALMON_QUANT,TREATMENT_rhINFa2b_100000_REP3,NFCORE_RNASEQ:RNASEQ:QUANTIFY_STAR_SALMON:SALMON_QUANT (TREATMENT_rhINFa2b_100000_REP3),COMPLETED,0,-,quay.io/biocontainers/salmon:1.10.1--h7e5ed60_0,6,28800000,-,38654705664,1,1715234309029,1715237668000,1715237829000,3519971,161000,-,490.2,2.6,6961295360,8170938368,6974951424,8171454464,5835911803,11667374,283711,2606,0,11702272,37,1711,/input/data/work/29/1e1a04fff043f8bc690517dfce7bad,true,-
181,5771427606,hu-worker-c34,8b/a40152,nf-8ba401529dcad6cf66dc3b9d25d076ed,NFCORE_RNASEQ:RNASEQ:QUANTIFY_STAR_SALMON:SALMON_QUANT,TREATMENT_rhIFNb_1000_REP3,NFCORE_RNASEQ:RNASEQ:QUANTIFY_STAR_SALMON:SALMON_QUANT (TREATMENT_rhIFNb_1000_REP3),COMPLETED,0,-,quay.io/biocontainers/salmon:1.10.1--h7e5ed60_0,6,28800000,-,38654705664,1,1715234321286,1715237671000,1715237831000,3509714,160000,-,490.4,2.6,7090216960,8158355456,7110127616,8158871552,5780179412,11669788,281804,2607,0,11702272,33,412,/input/data/work/8b/a401529dcad6cf66dc3b9d25d076ed,true,-
187,5759448006,hu-worker-c34,61/0a2bd7,nf-610a2bd718e62b4c1b710cc89a5b05a9,NFCORE_RNASEQ:RNASEQ:QUANTIFY_STAR_SALMON:SALMON_QUANT,TREATMENT_mIFNa11_10000_REP1,NFCORE_RNASEQ:RNASEQ:QUANTIFY_STAR_SALMON:SALMON_QUANT (TREATMENT_mIFNa11_10000_REP1),COMPLETED,0,-,quay.io/biocontainers/salmon:1.10.1--h7e5ed60_0,6,28800000,-,38654705664,1,1715234379163,1715237672000,1715237831000,3451837,159000,-,486.6,2.6,7073538048,8171450368,7087034368,8171454464,5768199933,11668887,281217,2606,0,11702272,39,541,/input/data/work/61/0a2bd718e62b4c1b710cc89a5b05a9,true,-
191,5712132661,hu-worker-c24,c6/713d86,nf-c6713d864d416eea3ba54a769a76d7b3,NFCORE_RNASEQ:RNASEQ:QUANTIFY_STAR_SALMON:SALMON_QUANT,TREATMENT_rhIFNa2b_1000_REP3,NFCORE_RNASEQ:RNASEQ:QUANTIFY_STAR_SALMON:SALMON_QUANT (TREATMENT_rhIFNa2b_1000_REP3),COMPLETED,0,-,quay.io/biocontainers/salmon:1.10.1--h7e5ed60_0,6,28800000,-,38654705664,1,1715234405423,1715237673000,1715237831000,3425577,158000,-,492.9,2.7,7182012416,8172511232,7188910080,8175648768,5720885350,11675486,279198,2603,0,11714560,38,1108,/input/data/work/c6/713d864d416eea3ba54a769a76d7b3,true,-
189,5521093731,hu-worker-c28,3f/93d064,nf-3f93d064438db76ffa049cde6c0d2901,NFCORE_RNASEQ:RNASEQ:QUANTIFY_STAR_SALMON:SALMON_QUANT,TREATMENT_rhINFa2b_10000_REP1,NFCORE_RNASEQ:RNASEQ:QUANTIFY_STAR_SALMON:SALMON_QUANT (TREATMENT_rhINFa2b_10000_REP1),COMPLETED,0,-,quay.io/biocontainers/salmon:1.10.1--h7e5ed60_0,6,28800000,-,38654705664,1,1715234397026,1715237679000,1715237837000,3439974,158000,-,486.6,2.6,7086743552,8180899840,7101616128,8180903936,5529846278,11671078,273226,2605,0,11702272,38,961,/input/data/work/3f/93d064438db76ffa049cde6c0d2901,true,-
193,5536485357,hu-worker-c28,31/d750da,nf-31d750da256968ca90e2c3b43592c71d,NFCORE_RNASEQ:RNASEQ:QUANTIFY_STAR_SALMON:SALMON_QUANT,TREATMENT_mIFNa11_100_REP2,NFCORE_RNASEQ:RNASEQ:QUANTIFY_STAR_SALMON:SALMON_QUANT (TREATMENT_mIFNa11_100_REP2),COMPLETED,0,-,quay.io/biocontainers/salmon:1.10.1--h7e5ed60_0,6,28800000,-,38654705664,1,1715234429381,1715237677000,1715237835000,3405619,158000,-,487.6,2.7,7333441536,9254113280,7346229248,9254117376,5545239861,11678684,272736,2606,0,11714560,44,1376,/input/data/work/31/d750da256968ca90e2c3b43592c71d,true,-
201,5435499725,hu-worker-c27,8c/5c9900,nf-8c5c9900539b3083e3f17fbdfd08af77,NFCORE_RNASEQ:RNASEQ:QUANTIFY_STAR_SALMON:SALMON_QUANT,TREATMENT_rhIFNb_100000_REP1,NFCORE_RNASEQ:RNASEQ:QUANTIFY_STAR_SALMON:SALMON_QUANT (TREATMENT_rhIFNb_100000_REP1),COMPLETED,0,-,quay.io/biocontainers/salmon:1.10.1--h7e5ed60_0,6,28800000,-,38654705664,1,1715235235086,1715237698000,1715237865000,2629914,167000,-,483.2,2.6,7030317056,8170938368,7046041600,8171454464,5444249549,11655956,270695,2610,651264,11689984,80,898,/input/data/work/8c/5c9900539b3083e3f17fbdfd08af77,true,-
197,5338472088,hu-worker-c35,76/500f4d,nf-76500f4d49c92c079966349bcc01197f,NFCORE_RNASEQ:RNASEQ:QUANTIFY_STAR_SALMON:SALMON_QUANT,TREATMENT_rhIFNa2b_1000_REP1,NFCORE_RNASEQ:RNASEQ:QUANTIFY_STAR_SALMON:SALMON_QUANT (TREATMENT_rhIFNa2b_1000_REP1),COMPLETED,0,-,quay.io/biocontainers/salmon:1.10.1--h7e5ed60_0,6,28800000,-,38654705664,1,1715235228728,1715237724000,1715237872000,2643272,148000,-,487.3,2.7,7268065280,9249390592,7281504256,9249394688,5347224795,11672233,266415,2606,581632,11710464,71,554,/input/data/work/76/500f4d49c92c079966349bcc01197f,true,-
195,5390054124,hu-worker-c27,be/6d7762,nf-be6d7762ec6332c16c47eb9e4ec9929a,NFCORE_RNASEQ:RNASEQ:QUANTIFY_STAR_SALMON:SALMON_QUANT,TREATMENT_rhIFNb_1000_REP1,NFCORE_RNASEQ:RNASEQ:QUANTIFY_STAR_SALMON:SALMON_QUANT (TREATMENT_rhIFNb_1000_REP1),COMPLETED,0,-,quay.io/biocontainers/salmon:1.10.1--h7e5ed60_0,6,28800000,-,38654705664,1,1715235204402,1715237720000,1715237877000,2672598,157000,-,483.5,2.6,7121657856,8172507136,7136931840,8172511232,5398805866,11665578,269078,2602,0,11702272,45,1189,/input/data/work/be/6d7762ec6332c16c47eb9e4ec9929a,true,-
199,5264054332,hu-worker-c24,c3/5cc931,nf-c35cc93142abca551e5e574bddece2fa,NFCORE_RNASEQ:RNASEQ:QUANTIFY_STAR_SALMON:SALMON_QUANT,TREATMENT_mIFNa11_10000_REP2,NFCORE_RNASEQ:RNASEQ:QUANTIFY_STAR_SALMON:SALMON_QUANT (TREATMENT_mIFNa11_10000_REP2),COMPLETED,0,-,quay.io/biocontainers/salmon:1.10.1--h7e5ed60_0,6,28800000,-,38654705664,1,1715235230621,1715237834000,1715237982000,2751379,148000,-,489.5,2.6,7109857280,8175136768,7130075136,8175140864,5272805521,11661895,264777,2605,0,11698176,40,835,/input/data/work/c3/5cc93142abca551e5e574bddece2fa,true,-
209,5258571585,hu-worker-c34,5d/edf0e5,nf-5dedf0e54b060c44707d191fe56931b5,NFCORE_RNASEQ:RNASEQ:QUANTIFY_STAR_SALMON:SALMON_QUANT,TREATMENT_mIFNa11_100_REP1,NFCORE_RNASEQ:RNASEQ:QUANTIFY_STAR_SALMON:SALMON_QUANT (TREATMENT_mIFNa11_100_REP1),COMPLETED,0,-,quay.io/biocontainers/salmon:1.10.1--h7e5ed60_0,6,28800000,-,38654705664,1,1715235316126,1715237834000,1715237988000,2671874,154000,-,488.8,2.7,7188017152,8175128576,7202963456,8175644672,5267322597,11667398,264532,2611,0,11702272,40,690,/input/data/work/5d/edf0e54b060c44707d191fe56931b5,true,-
205,5211764717,hu-worker-c35,9a/87af2b,nf-9a87af2be3ff11723a9caaf313398128,NFCORE_RNASEQ:RNASEQ:QUANTIFY_STAR_SALMON:SALMON_QUANT,TREATMENT_rhIFNb_100_REP2,NFCORE_RNASEQ:RNASEQ:QUANTIFY_STAR_SALMON:SALMON_QUANT (TREATMENT_rhIFNb_100_REP2),COMPLETED,0,-,quay.io/biocontainers/salmon:1.10.1--h7e5ed60_0,6,28800000,-,38654705664,1,1715235248801,1715237875000,1715238014000,2765199,139000,-,485.3,2.7,7177572352,8175128576,7191941120,8175644672,5220516128,11667648,263196,2601,0,11702272,40,2976,/input/data/work/9a/87af2be3ff11723a9caaf313398128,true,-
207,5225853216,hu-worker-c27,57/68bd55,nf-5768bd551a946ce737213a3d2f187cb9,NFCORE_RNASEQ:RNASEQ:QUANTIFY_STAR_SALMON:SALMON_QUANT,TREATMENT_rhINFa2b_100000_REP2,NFCORE_RNASEQ:RNASEQ:QUANTIFY_STAR_SALMON:SALMON_QUANT (TREATMENT_rhINFa2b_100000_REP2),COMPLETED,0,-,quay.io/biocontainers/salmon:1.10.1--h7e5ed60_0,6,28800000,-,38654705664,1,1715235257076,1715237868000,1715238021000,2763924,153000,-,483.5,2.6,7052419072,8170938368,7068950528,8171454464,5234602876,11655060,263506,2602,0,11702272,43,611,/input/data/work/57/68bd551a946ce737213a3d2f187cb9,true,-
203,5191792429,hu-worker-c27,4c/343511,nf-4c34351174efd48e5b58514d0ed7a84f,NFCORE_RNASEQ:RNASEQ:QUANTIFY_STAR_SALMON:SALMON_QUANT,TREATMENT_rhIFNb_10000_REP1,NFCORE_RNASEQ:RNASEQ:QUANTIFY_STAR_SALMON:SALMON_QUANT (TREATMENT_rhIFNb_10000_REP1),COMPLETED,0,-,quay.io/biocontainers/salmon:1.10.1--h7e5ed60_0,6,28800000,-,38654705664,1,1715235239118,1715237880000,1715238029000,2789882,149000,-,488.3,2.6,7010463744,8158355456,7032262656,8158359552,5200540346,11648946,262783,2600,0,11681792,40,582,/input/data/work/4c/34351174efd48e5b58514d0ed7a84f,true,-
219,5166316282,hu-worker-c34,8d/723d37,nf-8d723d37e328a41a0376badf90663fed,NFCORE_RNASEQ:RNASEQ:QUANTIFY_STAR_SALMON:SALMON_QUANT,TREATMENT_mIFNa11_100000_REP1,NFCORE_RNASEQ:RNASEQ:QUANTIFY_STAR_SALMON:SALMON_QUANT (TREATMENT_mIFNa11_100000_REP1),COMPLETED,0,-,quay.io/biocontainers/salmon:1.10.1--h7e5ed60_0,6,28800000,-,38654705664,1,1715236066174,1715237990000,1715238127000,2060826,137000,-,489.9,2.6,7070490624,8158351360,7092293632,8158355456,5175066375,11657844,261428,2600,0,11694080,39,558,/input/data/work/8d/723d37e328a41a0376badf90663fed,true,-
215,5120823056,hu-worker-c27,76/8490b5,nf-768490b52a36b8a1d4f209b42e3ad26b,NFCORE_RNASEQ:RNASEQ:QUANTIFY_STAR_SALMON:SALMON_QUANT,TREATMENT_rhIFNa2b_1000_REP2,NFCORE_RNASEQ:RNASEQ:QUANTIFY_STAR_SALMON:SALMON_QUANT (TREATMENT_rhIFNa2b_1000_REP2),COMPLETED,0,-,quay.io/biocontainers/salmon:1.10.1--h7e5ed60_0,6,28800000,-,38654705664,1,1715236051915,1715238032000,1715238184000,2132085,152000,-,487.3,2.6,7145455616,8175136768,7166668800,8175652864,5129573067,11650684,259910,2607,69632,11685888,63,6897,/input/data/work/76/8490b52a36b8a1d4f209b42e3ad26b,true,-
239,5300275198,hu-worker-c42,82/6f1d31,nf-826f1d3155a120f80bdefa095478865b,NFCORE_RNASEQ:RNASEQ:BAM_MARKDUPLICATES_PICARD:PICARD_MARKDUPLICATES,TREATMENT_rhIFNb_100_REP1,NFCORE_RNASEQ:RNASEQ:BAM_MARKDUPLICATES_PICARD:PICARD_MARKDUPLICATES (TREATMENT_rhIFNb_100_REP1),COMPLETED,0,-,quay.io/biocontainers/picard:3.0.0--hdfd78af_1,6,28800000,-,38654705664,1,1715236496321,1715237734000,1715238255000,1758679,518000,-,108.9,7.9,21311176704,36045615104,21320445952,36045623296,4324795024,2289272276,772754,18610,0,2290032640,15,2,/input/data/work/82/6f1d3155a120f80bdefa095478865b,true,-
233,5512347880,hu-worker-c41,1a/8ecc1c,nf-1a8ecc1c512a2b6c5772c0d8b8c707c5,NFCORE_RNASEQ:RNASEQ:BAM_MARKDUPLICATES_PICARD:PICARD_MARKDUPLICATES,TREATMENT_rhIFNb_10000_REP3,NFCORE_RNASEQ:RNASEQ:BAM_MARKDUPLICATES_PICARD:PICARD_MARKDUPLICATES (TREATMENT_rhIFNb_10000_REP3),COMPLETED,0,-,quay.io/biocontainers/picard:3.0.0--hdfd78af_1,6,28800000,-,38654705664,1,1715236336259,1715237680000,1715238261000,1924741,577000,-,109.3,7.7,20703789056,36045615104,20706230272,36045623296,4748940426,2517199879,858660,20426,33550336,2518315008,12,1,/input/data/work/1a/8ecc1c512a2b6c5772c0d8b8c707c5,true,-
235,5311586803,hu-worker-c35,6e/61455a,nf-6e61455ae396ab37c0f582abeee83e75,NFCORE_RNASEQ:RNASEQ:BAM_MARKDUPLICATES_PICARD:PICARD_MARKDUPLICATES,TREATMENT_rhIFNb_10000_REP2,NFCORE_RNASEQ:RNASEQ:BAM_MARKDUPLICATES_PICARD:PICARD_MARKDUPLICATES (TREATMENT_rhIFNb_10000_REP2),COMPLETED,0,-,quay.io/biocontainers/picard:3.0.0--hdfd78af_1,6,28800000,-,38654705664,1,1715236416375,1715237725000,1715238268000,1851625,539000,-,109.3,8.1,21804617728,36045615104,21814308864,36045623296,4347419260,2302394872,785612,18705,30519296,2303229952,23,2,/input/data/work/6e/61455ae396ab37c0f582abeee83e75,true,-
231,5453406738,hu-worker-c25,3e/5ca66c,nf-3e5ca66c401189cd08aee5a28aac5f2e,NFCORE_RNASEQ:RNASEQ:BAM_MARKDUPLICATES_PICARD:PICARD_MARKDUPLICATES,TREATMENT_mIFNa11_1000_REP2,NFCORE_RNASEQ:RNASEQ:BAM_MARKDUPLICATES_PICARD:PICARD_MARKDUPLICATES (TREATMENT_mIFNa11_1000_REP2),COMPLETED,0,-,quay.io/biocontainers/picard:3.0.0--hdfd78af_1,6,28800000,-,38654705664,1,1715236336158,1715237690000,1715238270000,1933842,577000,-,110.2,8.3,22274813952,36045615104,22282559488,36052443136,4631059081,2454701701,841604,19921,33136640,2455404544,13,2,/input/data/work/3e/5ca66c401189cd08aee5a28aac5f2e,true,-
440,2288558825,hu-worker-c34,25/521bed,nf-25521bed36e3b7a75ea4b7567e55f364,NFCORE_RNASEQ:RNASEQ:BAM_MARKDUPLICATES_PICARD:SAMTOOLS_INDEX,TREATMENT_rhIFNb_100_REP1,NFCORE_RNASEQ:RNASEQ:BAM_MARKDUPLICATES_PICARD:SAMTOOLS_INDEX (TREATMENT_rhIFNb_100_REP1),COMPLETED,0,-,quay.io/biocontainers/samtools:1.17--h00cdaf9_0,2,14400000,-,12884901888,1,1715238259262,1715238260000,1715238282000,22738,22000,-,156.6,0.0,24326144,181878784,24326144,231661568,2288686529,2593822,70070,651,0,2600960,182024,82,/input/data/work/25/521bed36e3b7a75ea4b7567e55f364,true,-
444,2516485423,hu-worker-c42,46/940d70,nf-46940d70d3bad490ff5c02c9fab8118c,NFCORE_RNASEQ:RNASEQ:BAM_MARKDUPLICATES_PICARD:SAMTOOLS_INDEX,TREATMENT_rhIFNb_10000_REP3,NFCORE_RNASEQ:RNASEQ:BAM_MARKDUPLICATES_PICARD:SAMTOOLS_INDEX (TREATMENT_rhIFNb_10000_REP3),COMPLETED,0,-,quay.io/biocontainers/samtools:1.17--h00cdaf9_0,2,14400000,-,12884901888,1,1715238263970,1715238264000,1715238288000,24030,23000,-,149.2,0.0,23826432,181760000,23826432,231661568,2516613886,2610444,77026,655,4194304,2617344,188271,83,/input/data/work/46/940d70d3bad490ff5c02c9fab8118c,true,-
227,5586506001,hu-worker-c25,41/83c308,nf-4183c308d60877b451c971925605755b,NFCORE_RNASEQ:RNASEQ:BAM_MARKDUPLICATES_PICARD:PICARD_MARKDUPLICATES,TREATMENT_rhINFa2b_100000_REP1,NFCORE_RNASEQ:RNASEQ:BAM_MARKDUPLICATES_PICARD:PICARD_MARKDUPLICATES (TREATMENT_rhINFa2b_100000_REP1),COMPLETED,0,-,quay.io/biocontainers/picard:3.0.0--hdfd78af_1,6,28800000,-,38654705664,1,1715236241576,1715237674000,1715238297000,2055424,619000,-,109.6,8.4,22679924736,36045615104,22680002560,36052971520,4897258773,2597070969,891417,21060,23412736,2598150144,23,2,/input/data/work/41/83c308d60877b451c971925605755b,true,-
453,2301681207,hu-worker-c35,22/88cfbe,nf-2288cfbe01d61074b2f09b280e07c522,NFCORE_RNASEQ:RNASEQ:BAM_MARKDUPLICATES_PICARD:SAMTOOLS_INDEX,TREATMENT_rhIFNb_10000_REP2,NFCORE_RNASEQ:RNASEQ:BAM_MARKDUPLICATES_PICARD:SAMTOOLS_INDEX (TREATMENT_rhIFNb_10000_REP2),COMPLETED,0,-,quay.io/biocontainers/samtools:1.17--h00cdaf9_0,2,14400000,-,12884901888,1,1715238269268,1715238270000,1715238300000,30732,30000,-,117.8,0.0,21839872,179781632,21839872,231661568,2301808941,2521702,70472,633,12623872,2527232,159611,82,/input/data/work/22/88cfbe01d61074b2f09b280e07c522,true,-
458,2453987398,hu-worker-c27,fd/c7c70b,nf-fdc7c70bd3044fe064ffee92325c7000,NFCORE_RNASEQ:RNASEQ:BAM_MARKDUPLICATES_PICARD:SAMTOOLS_INDEX,TREATMENT_mIFNa11_1000_REP2,NFCORE_RNASEQ:RNASEQ:BAM_MARKDUPLICATES_PICARD:SAMTOOLS_INDEX (TREATMENT_mIFNa11_1000_REP2),COMPLETED,0,-,quay.io/biocontainers/samtools:1.17--h00cdaf9_0,2,14400000,-,12884901888,1,1715238274161,1715238275000,1715238300000,25839,25000,-,142.9,0.0,22302720,180625408,22302720,231661568,2454116151,2610949,75120,655,9797632,2617344,168111,89,/input/data/work/fd/c7c70bd3044fe064ffee92325c7000,true,-
229,5701481638,hu-worker-c41,f1/a4dd05,nf-f1a4dd05ef14d24e4e975052126c2258,NFCORE_RNASEQ:RNASEQ:BAM_MARKDUPLICATES_PICARD:PICARD_MARKDUPLICATES,TREATMENT_rhINFa2b_10000_REP2,NFCORE_RNASEQ:RNASEQ:BAM_MARKDUPLICATES_PICARD:PICARD_MARKDUPLICATES (TREATMENT_rhINFa2b_10000_REP2),COMPLETED,0,-,quay.io/biocontainers/picard:3.0.0--hdfd78af_1,6,28800000,-,38654705664,1,1715236246314,1715237674000,1715238308000,2061686,630000,-,110.0,8.5,22975827968,36045615104,22978248704,36112732160,5127209390,2718154307,928111,22034,14999552,2719354880,23,1,/input/data/work/f1/a4dd05ef14d24e4e975052126c2258,true,-
475,2596356172,hu-worker-c34,c9/db9856,nf-c9db9856cbabc6bdd7d43160d779188f,NFCORE_RNASEQ:RNASEQ:BAM_MARKDUPLICATES_PICARD:SAMTOOLS_INDEX,TREATMENT_rhINFa2b_100000_REP1,NFCORE_RNASEQ:RNASEQ:BAM_MARKDUPLICATES_PICARD:SAMTOOLS_INDEX (TREATMENT_rhINFa2b_100000_REP1),COMPLETED,0,-,quay.io/biocontainers/samtools:1.17--h00cdaf9_0,2,14400000,-,12884901888,1,1715238299113,1715238300000,1715238327000,27887,27000,-,141.0,0.0,25206784,182644736,25206784,231661568,2596484486,2669326,79464,669,4198400,2674688,209476,90,/input/data/work/c9/db9856cbabc6bdd7d43160d779188f,true,-
221,5078649571,hu-worker-c27,7e/389201,nf-7e389201c2d6309de1c9d686bd8366cd,NFCORE_RNASEQ:RNASEQ:QUANTIFY_STAR_SALMON:SALMON_QUANT,TREATMENT_rhIFNa2b_100_REP2,NFCORE_RNASEQ:RNASEQ:QUANTIFY_STAR_SALMON:SALMON_QUANT (TREATMENT_rhIFNa2b_100_REP2),COMPLETED,0,-,quay.io/biocontainers/salmon:1.10.1--h7e5ed60_0,6,28800000,-,38654705664,1,1715236066484,1715238187000,1715238339000,2272516,152000,-,483.6,2.7,7178825728,8175132672,7198822400,8175648768,5087400320,11661204,258513,2605,16384,11694080,131,1758,/input/data/work/7e/389201c2d6309de1c9d686bd8366cd,true,-
499,2717438704,hu-worker-c24,4f/9cfa34,nf-4f9cfa3427ff4732b7516ef573d275d3,NFCORE_RNASEQ:RNASEQ:BAM_MARKDUPLICATES_PICARD:SAMTOOLS_INDEX,TREATMENT_rhINFa2b_10000_REP2,NFCORE_RNASEQ:RNASEQ:BAM_MARKDUPLICATES_PICARD:SAMTOOLS_INDEX (TREATMENT_rhINFa2b_10000_REP2),COMPLETED,0,-,quay.io/biocontainers/samtools:1.17--h00cdaf9_0,2,14400000,-,12884901888,1,1715238314005,1715238315000,1715238343000,28995,28000,-,147.3,0.0,25104384,182865920,25104384,231661568,2717567521,2723033,83159,682,9580544,2727936,209920,112,/input/data/work/4f/9cfa3427ff4732b7516ef573d275d3,true,-
237,5298728667,hu-worker-c42,87/794b03,nf-87794b0372a746643796ceec6a8525a6,NFCORE_RNASEQ:RNASEQ:BAM_MARKDUPLICATES_PICARD:PICARD_MARKDUPLICATES,TREATMENT_mIFNa11_1000_REP3,NFCORE_RNASEQ:RNASEQ:BAM_MARKDUPLICATES_PICARD:PICARD_MARKDUPLICATES (TREATMENT_mIFNa11_1000_REP3),COMPLETED,0,-,quay.io/biocontainers/picard:3.0.0--hdfd78af_1,6,28800000,-,38654705664,1,1715236421368,1715237823000,1715238347000,1925632,522000,-,111.6,8.1,21978607616,36045615104,21978677248,36045623296,4321701271,2289312835,780829,18599,4194304,2290122752,13,3,/input/data/work/87/794b0372a746643796ceec6a8525a6,true,-
249,5239812468,hu-worker-c28,96/fc42c7,nf-96fc42c7b26d659370e83775ba6c7f8b,NFCORE_RNASEQ:RNASEQ:BAM_MARKDUPLICATES_PICARD:PICARD_MARKDUPLICATES,TREATMENT_rhINFa2b_100000_REP3,NFCORE_RNASEQ:RNASEQ:BAM_MARKDUPLICATES_PICARD:PICARD_MARKDUPLICATES (TREATMENT_rhINFa2b_100000_REP3),COMPLETED,0,-,quay.io/biocontainers/picard:3.0.0--hdfd78af_1,6,28800000,-,38654705664,1,1715236656455,1715237839000,1715238358000,1701545,517000,-,112.1,8.0,21680623616,36045615104,21687009280,36045623296,4203870370,2224895540,755295,18091,17891328,2225750016,70,4,/input/data/work/96/fc42c7b26d659370e83775ba6c7f8b,true,-
243,5246166893,hu-worker-c28,ab/44356e,nf-ab44356eaa07e0cd42ba97daed8f39bc,NFCORE_RNASEQ:RNASEQ:BAM_MARKDUPLICATES_PICARD:PICARD_MARKDUPLICATES,TREATMENT_mIFNa11_1000_REP1,NFCORE_RNASEQ:RNASEQ:BAM_MARKDUPLICATES_PICARD:PICARD_MARKDUPLICATES (TREATMENT_mIFNa11_1000_REP1),COMPLETED,0,-,quay.io/biocontainers/picard:3.0.0--hdfd78af_1,6,28800000,-,38654705664,1,1715236576775,1715237837000,1715238359000,1782225,519000,-,110.8,8.0,21527322624,36045615104,21535703040,36112732160,4216580599,2231529442,756071,18149,32575488,2232029184,23,2,/input/data/work/ab/44356eaa07e0cd42ba97daed8f39bc,true,-
241,5259033292,hu-worker-c34,ad/9361e3,nf-ad9361e3628889446053f1fda1d0db32,NFCORE_RNASEQ:RNASEQ:BAM_MARKDUPLICATES_PICARD:PICARD_MARKDUPLICATES,TREATMENT_rhIFNb_1000_REP2,NFCORE_RNASEQ:RNASEQ:BAM_MARKDUPLICATES_PICARD:PICARD_MARKDUPLICATES (TREATMENT_rhIFNb_1000_REP2),COMPLETED,0,-,quay.io/biocontainers/picard:3.0.0--hdfd78af_1,6,28800000,-,38654705664,1,1715236496573,1715237834000,1715238364000,1867427,526000,-,110.7,6.0,16184889344,36045615104,16194637824,36045623296,4242311151,2245882670,762125,18256,0,2246402048,25,4,/input/data/work/ad/9361e3628889446053f1fda1d0db32,true,-
245,5266885025,hu-worker-c24,94/c340dd,nf-94c340dd9ad15980bb5693e42278d9ab,NFCORE_RNASEQ:RNASEQ:BAM_MARKDUPLICATES_PICARD:PICARD_MARKDUPLICATES,TREATMENT_rhIFNb_100_REP3,NFCORE_RNASEQ:RNASEQ:BAM_MARKDUPLICATES_PICARD:PICARD_MARKDUPLICATES (TREATMENT_rhIFNb_100_REP3),COMPLETED,0,-,quay.io/biocontainers/picard:3.0.0--hdfd78af_1,6,28800000,-,38654705664,1,1715236576852,1715237832000,1715238366000,1789148,532000,-,110.2,8.1,21741215744,36045615104,21741756416,36112732160,4258016121,2254577332,767945,18325,20631552,2256216064,36,4,/input/data/work/94/c340dd9ad15980bb5693e42278d9ab,true,-
517,2288599396,hu-worker-c34,66/dc4bda,nf-66dc4bdaf8102154d1c5b078584ec600,NFCORE_RNASEQ:RNASEQ:BAM_MARKDUPLICATES_PICARD:SAMTOOLS_INDEX,TREATMENT_mIFNa11_1000_REP3,NFCORE_RNASEQ:RNASEQ:BAM_MARKDUPLICATES_PICARD:SAMTOOLS_INDEX (TREATMENT_mIFNa11_1000_REP3),COMPLETED,0,-,quay.io/biocontainers/samtools:1.17--h00cdaf9_0,2,14400000,-,12884901888,1,1715238349046,1715238350000,1715238375000,25954,25000,-,132.5,0.0,24608768,182321152,24608768,231661568,2288727715,2552692,70073,641,0,2560000,197893,120,/input/data/work/66/dc4bdaf8102154d1c5b078584ec600,true,-
523,2224182333,hu-worker-c25,b1/5072be,nf-b15072beda9aa2174ff74a4bb472e303,NFCORE_RNASEQ:RNASEQ:BAM_MARKDUPLICATES_PICARD:SAMTOOLS_INDEX,TREATMENT_rhINFa2b_100000_REP3,NFCORE_RNASEQ:RNASEQ:BAM_MARKDUPLICATES_PICARD:SAMTOOLS_INDEX (TREATMENT_rhINFa2b_100000_REP3),COMPLETED,0,-,quay.io/biocontainers/samtools:1.17--h00cdaf9_0,2,14400000,-,12884901888,1,1715238359124,1715238360000,1715238384000,24876,24000,-,134.6,0.0,22220800,180137984,22220800,231661568,2224310063,2552119,68106,640,8409088,2555904,156050,125,/input/data/work/b1/5072beda9aa2174ff74a4bb472e303,true,-
527,2230816281,hu-worker-c35,80/dd97d1,nf-80dd97d12ef92252db88e5b11ba1e9e2,NFCORE_RNASEQ:RNASEQ:BAM_MARKDUPLICATES_PICARD:SAMTOOLS_INDEX,TREATMENT_mIFNa11_1000_REP1,NFCORE_RNASEQ:RNASEQ:BAM_MARKDUPLICATES_PICARD:SAMTOOLS_INDEX (TREATMENT_mIFNa11_1000_REP1),COMPLETED,0,-,quay.io/biocontainers/samtools:1.17--h00cdaf9_0,2,14400000,-,12884901888,1,1715238365165,1715238366000,1715238387000,21835,21000,-,153.7,0.0,24375296,182321152,24375296,231661568,2230944165,2533836,68309,636,0,2539520,190755,105,/input/data/work/80/dd97d12ef92252db88e5b11ba1e9e2,true,-
533,2245169285,hu-worker-c28,48/6a4e14,nf-486a4e1435c3291f43ea1efaa653ceb1,NFCORE_RNASEQ:RNASEQ:BAM_MARKDUPLICATES_PICARD:SAMTOOLS_INDEX,TREATMENT_rhIFNb_1000_REP2,NFCORE_RNASEQ:RNASEQ:BAM_MARKDUPLICATES_PICARD:SAMTOOLS_INDEX (TREATMENT_rhIFNb_1000_REP2),COMPLETED,0,-,quay.io/biocontainers/samtools:1.17--h00cdaf9_0,2,14400000,-,12884901888,1,1715238368959,1715238369000,1715238391000,22041,21000,-,150.6,0.0,24227840,182333440,24227840,231661568,2245297766,2575516,68748,646,16789504,2580480,184150,96,/input/data/work/48/6a4e1435c3291f43ea1efaa653ceb1,true,-
540,2253863916,hu-worker-c34,b0/b5096e,nf-b0b5096e6e4dc1f4b5d07ec3b2d78cc3,NFCORE_RNASEQ:RNASEQ:BAM_MARKDUPLICATES_PICARD:SAMTOOLS_INDEX,TREATMENT_rhIFNb_100_REP3,NFCORE_RNASEQ:RNASEQ:BAM_MARKDUPLICATES_PICARD:SAMTOOLS_INDEX (TREATMENT_rhIFNb_100_REP3),COMPLETED,0,-,quay.io/biocontainers/samtools:1.17--h00cdaf9_0,2,14400000,-,12884901888,1,1715238369185,1715238378000,1715238398000,28815,20000,-,164.0,0.0,22458368,180080640,22458368,231661568,2253992599,2602532,69014,653,0,2609152,150834,59,/input/data/work/b0/b5096e6e4dc1f4b5d07ec3b2d78cc3,true,-
211,5062445644,hu-worker-c42,e9/4958fc,nf-e94958fc474d1ef26ac9ebba2f81e1f0,NFCORE_RNASEQ:RNASEQ:QUANTIFY_STAR_SALMON:SALMON_QUANT,TREATMENT_mIFNa11_10000_REP3,NFCORE_RNASEQ:RNASEQ:QUANTIFY_STAR_SALMON:SALMON_QUANT (TREATMENT_mIFNa11_10000_REP3),COMPLETED,0,-,quay.io/biocontainers/salmon:1.10.1--h7e5ed60_0,6,28800000,-,38654705664,1,1715236038598,1715238258000,1715238408000,2369402,150000,-,481.6,2.6,7091892224,8162553856,7106469888,8162557952,5071195011,11650795,258114,2604,0,11689984,57,688,/input/data/work/e9/4958fc474d1ef26ac9ebba2f81e1f0,true,-
225,5031614390,hu-worker-c35,1a/659417,nf-1a65941771b6d5483ab00c643d8099be,NFCORE_RNASEQ:RNASEQ:QUANTIFY_STAR_SALMON:SALMON_QUANT,TREATMENT_rhIFNa2b_100_REP1,NFCORE_RNASEQ:RNASEQ:QUANTIFY_STAR_SALMON:SALMON_QUANT (TREATMENT_rhIFNa2b_100_REP1),COMPLETED,0,-,quay.io/biocontainers/salmon:1.10.1--h7e5ed60_0,6,28800000,-,38654705664,1,1715236151025,1715238271000,1715238420000,2268975,149000,-,485.0,2.7,7239745536,9248870400,7258521600,9249386496,5040365083,11662550,256697,2604,4096,11698176,442,576,/input/data/work/1a/65941771b6d5483ab00c643d8099be,true,-
285,5014783269,hu-worker-c25,9c/4d6a5c,nf-9c4d6a5cc3dc1e1ff40db66fb0a06c13,NFCORE_RNASEQ:RNASEQ:QUANTIFY_STAR_SALMON:SALMON_QUANT,TREATMENT_rhIFNa2b_100_REP3,NFCORE_RNASEQ:RNASEQ:QUANTIFY_STAR_SALMON:SALMON_QUANT (TREATMENT_rhIFNa2b_100_REP3),COMPLETED,0,-,quay.io/biocontainers/salmon:1.10.1--h7e5ed60_0,6,28800000,-,38654705664,1,1715236845346,1715238299000,1715238447000,1601654,148000,-,483.9,2.7,7282524160,9248874496,7296339968,9249390592,5023535228,11665207,255906,2602,876544,11702272,110,1241,/input/data/work/9c/4d6a5cc3dc1e1ff40db66fb0a06c13,true,-
217,4999720282,hu-worker-c27,4d/c6c457,nf-4dc6c45771110dd71b59116a6b5da31a,NFCORE_RNASEQ:RNASEQ:QUANTIFY_STAR_SALMON:SALMON_QUANT,CONTROL_REP3,NFCORE_RNASEQ:RNASEQ:QUANTIFY_STAR_SALMON:SALMON_QUANT (CONTROL_REP3),COMPLETED,0,-,quay.io/biocontainers/salmon:1.10.1--h7e5ed60_0,6,28800000,-,38654705664,1,1715236061090,1715238342000,1715238495000,2433910,153000,-,481.4,2.7,7257247744,9249382400,7272484864,9249386496,5008471579,11657268,256478,2605,28672,11694080,68,1465,/input/data/work/4d/c6c45771110dd71b59116a6b5da31a,true,-
255,5167408297,hu-worker-c24,54/f47eef,nf-54f47eefe79bdd99c21f8bdbc405d331,NFCORE_RNASEQ:RNASEQ:BAM_MARKDUPLICATES_PICARD:PICARD_MARKDUPLICATES,TREATMENT_mIFNa11_10000_REP1,NFCORE_RNASEQ:RNASEQ:BAM_MARKDUPLICATES_PICARD:PICARD_MARKDUPLICATES (TREATMENT_mIFNa11_10000_REP1),COMPLETED,0,-,quay.io/biocontainers/picard:3.0.0--hdfd78af_1,6,28800000,-,38654705664,1,1715236713840,1715237985000,1715238493000,1779160,506000,-,110.7,8.0,21538967552,36045615104,21545361408,36112732160,4059060966,2149747719,735214,17477,966656,2151006208,14,3,/input/data/work/54/f47eefe79bdd99c21f8bdbc405d331,true,-
213,4999647391,hu-worker-c42,4b/1879a9,nf-4b1879a9cd29f3882f3e268925910090,NFCORE_RNASEQ:RNASEQ:QUANTIFY_STAR_SALMON:SALMON_QUANT,CONTROL_REP2,NFCORE_RNASEQ:RNASEQ:QUANTIFY_STAR_SALMON:SALMON_QUANT (CONTROL_REP2),COMPLETED,0,-,quay.io/biocontainers/salmon:1.10.1--h7e5ed60_0,6,28800000,-,38654705664,1,1715236046426,1715238350000,1715238502000,2455574,152000,-,479.5,2.7,7260946432,9248878592,7274590208,9249394688,5008398122,11662639,256465,2604,0,11698176,39,815,/input/data/work/4b/1879a9cd29f3882f3e268925910090,true,-
223,4999552382,hu-worker-c28,7d/94ad18,nf-7d94ad18f0b2d5bd688c60f5adf34f30,NFCORE_RNASEQ:RNASEQ:QUANTIFY_STAR_SALMON:SALMON_QUANT,CONTROL_REP1,NFCORE_RNASEQ:RNASEQ:QUANTIFY_STAR_SALMON:SALMON_QUANT (CONTROL_REP1),COMPLETED,0,-,quay.io/biocontainers/salmon:1.10.1--h7e5ed60_0,6,28800000,-,38654705664,1,1715236087168,1715238361000,1715238509000,2421832,148000,-,481.7,2.7,7260708864,9248874496,7280037888,9249390592,5008303690,11661770,256482,2602,983040,11698176,68,591,/input/data/work/7d/94ad18f0b2d5bd688c60f5adf34f30,true,-
581,2149034888,hu-worker-c34,49/953af2,nf-49953af22aed079b13d8b2440e0c397d,NFCORE_RNASEQ:RNASEQ:BAM_MARKDUPLICATES_PICARD:SAMTOOLS_INDEX,TREATMENT_mIFNa11_10000_REP1,NFCORE_RNASEQ:RNASEQ:BAM_MARKDUPLICATES_PICARD:SAMTOOLS_INDEX (TREATMENT_mIFNa11_10000_REP1),COMPLETED,0,-,quay.io/biocontainers/samtools:1.17--h00cdaf9_0,2,14400000,-,12884901888,1,1715238502026,1715238503000,1715238523000,20974,20000,-,160.9,0.0,21127168,179060736,21127168,231661568,2149162729,2522998,65812,633,0,2527232,142355,157,/input/data/work/49/953af22aed079b13d8b2440e0c397d,true,-
251,5163762059,hu-worker-c35,e6/6a5ce6,nf-e66a5ce6ce126215f80c0e06d8c065a4,NFCORE_RNASEQ:RNASEQ:BAM_MARKDUPLICATES_PICARD:PICARD_MARKDUPLICATES,TREATMENT_rhIFNb_1000_REP3,NFCORE_RNASEQ:RNASEQ:BAM_MARKDUPLICATES_PICARD:PICARD_MARKDUPLICATES (TREATMENT_rhIFNb_1000_REP3),COMPLETED,0,-,quay.io/biocontainers/picard:3.0.0--hdfd78af_1,6,28800000,-,38654705664,1,1715236656511,1715238017000,1715238521000,1864489,502000,-,112.1,8.0,21639204864,36079169536,21657632768,36112732160,4051768404,2145875945,733534,17448,10768384,2146840576,15,2,/input/data/work/e6/6a5ce6ce126215f80c0e06d8c065a4,true,-
594,2145163114,hu-worker-c25,92/5ddf24,nf-925ddf2428e5339386fed4f88582f665,NFCORE_RNASEQ:RNASEQ:BAM_MARKDUPLICATES_PICARD:SAMTOOLS_INDEX,TREATMENT_rhIFNb_1000_REP3,NFCORE_RNASEQ:RNASEQ:BAM_MARKDUPLICATES_PICARD:SAMTOOLS_INDEX (TREATMENT_rhIFNb_1000_REP3),COMPLETED,0,-,quay.io/biocontainers/samtools:1.17--h00cdaf9_0,2,14400000,-,12884901888,1,1715238526029,1715238527000,1715238551000,24971,24000,-,131.6,0.0,21774336,179695616,21774336,231661568,2145291458,2516575,65694,632,819200,2523136,146770,58,/input/data/work/92/5ddf2428e5339386fed4f88582f665,true,-
257,5134981982,hu-worker-c27,93/658c4b,nf-93658c4b24b05001b4f6eaa97028c378,NFCORE_RNASEQ:RNASEQ:BAM_MARKDUPLICATES_PICARD:PICARD_MARKDUPLICATES,TREATMENT_rhIFNa2b_1000_REP3,NFCORE_RNASEQ:RNASEQ:BAM_MARKDUPLICATES_PICARD:PICARD_MARKDUPLICATES (TREATMENT_rhIFNa2b_1000_REP3),COMPLETED,0,-,quay.io/biocontainers/picard:3.0.0--hdfd78af_1,6,28800000,-,38654705664,1,1715236714662,1715238024000,1715238561000,1846338,535000,-,109.8,7.9,21203587072,36045615104,21204070400,36112732160,3994210418,2114473659,722399,17203,19685376,2115436544,24,2,/input/data/work/93/658c4b24b05001b4f6eaa97028c378,true,-
439,3204652985,hu-worker-c25,ea/9ec437,nf-ea9ec437620ce078521fe5a2da2e9676,NFCORE_RNASEQ:RNASEQ:DUPRADAR,TREATMENT_rhIFNb_100_REP1,NFCORE_RNASEQ:RNASEQ:DUPRADAR (TREATMENT_rhIFNb_100_REP1),COMPLETED,0,-,quay.io/biocontainers/bioconductor-dupradar:1.28.0--r42hdfd78af_0,1,72000000,-,6442450944,1,1715238259224,1715238260000,1715238558000,298776,298000,-,104.3,0.2,445562880,4826107904,445562880,4936028160,13012201154,170559598,1606562,41429,56999936,170614784,7606,213,/input/data/work/ea/9ec437620ce078521fe5a2da2e9676,true,-
452,3217775367,hu-worker-c24,60/7b2fdc,nf-607b2fdcc8bd975a7c3c93a1ea193823,NFCORE_RNASEQ:RNASEQ:DUPRADAR,TREATMENT_rhIFNb_10000_REP2,NFCORE_RNASEQ:RNASEQ:DUPRADAR (TREATMENT_rhIFNb_10000_REP2),COMPLETED,0,-,quay.io/biocontainers/bioconductor-dupradar:1.28.0--r42hdfd78af_0,1,72000000,-,6442450944,1,1715238269117,1715238270000,1715238569000,299883,299000,-,103.0,0.2,444248064,5220577280,444416000,5220581376,13295547797,357604818,1669366,87114,39223296,357691392,7777,410,/input/data/work/60/7b2fdcc8bd975a7c3c93a1ea193823,true,-
606,2113760786,hu-worker-c25,ba/872357,nf-ba872357e964bbf7baeb62da797cf184,NFCORE_RNASEQ:RNASEQ:BAM_MARKDUPLICATES_PICARD:SAMTOOLS_INDEX,TREATMENT_rhIFNa2b_1000_REP3,NFCORE_RNASEQ:RNASEQ:BAM_MARKDUPLICATES_PICARD:SAMTOOLS_INDEX (TREATMENT_rhIFNa2b_1000_REP3),COMPLETED,0,-,quay.io/biocontainers/samtools:1.17--h00cdaf9_0,2,14400000,-,12884901888,1,1715238563096,1715238564000,1715238588000,24904,24000,-,136.7,0.0,21577728,179273728,21577728,231661568,2113890050,2520191,64734,633,0,2527232,150007,66,/input/data/work/ba/872357e964bbf7baeb62da797cf184,true,-
459,3370081558,hu-worker-c28,9b/9ae71d,nf-9b9ae71d95ae8f858b7b985e8b019f21,NFCORE_RNASEQ:RNASEQ:DUPRADAR,TREATMENT_mIFNa11_1000_REP2,NFCORE_RNASEQ:RNASEQ:DUPRADAR (TREATMENT_mIFNa11_1000_REP2),COMPLETED,0,-,quay.io/biocontainers/bioconductor-dupradar:1.28.0--r42hdfd78af_0,1,72000000,-,6442450944,1,1715238274067,1715238275000,1715238591000,316933,316000,-,103.3,0.2,444354560,4826112000,444444672,4936032256,13841987724,308938912,1728458,75218,59310080,309002240,8082,162,/input/data/work/9b/9ae71d95ae8f858b7b985e8b019f21,true,-
446,3432579583,hu-worker-c27,08/fb2822,nf-08fb2822f877a0278272956c36e2c937,NFCORE_RNASEQ:RNASEQ:DUPRADAR,TREATMENT_rhIFNb_10000_REP3,NFCORE_RNASEQ:RNASEQ:DUPRADAR (TREATMENT_rhIFNb_10000_REP3),COMPLETED,0,-,quay.io/biocontainers/bioconductor-dupradar:1.28.0--r42hdfd78af_0,1,72000000,-,6442450944,1,1715238263939,1715238264000,1715238598000,334061,333000,-,103.1,0.2,444416000,4826107904,444416000,4936028160,14215046909,411128045,1789014,100183,39567360,411222016,8490,228,/input/data/work/08/fb2822f877a0278272956c36e2c937,true,-
261,5109338953,hu-worker-c34,5f/921de6,nf-5f921de66f3966bd769be6552683fb87,NFCORE_RNASEQ:RNASEQ:BAM_MARKDUPLICATES_PICARD:PICARD_MARKDUPLICATES,TREATMENT_rhINFa2b_10000_REP1,NFCORE_RNASEQ:RNASEQ:BAM_MARKDUPLICATES_PICARD:PICARD_MARKDUPLICATES (TREATMENT_rhINFa2b_10000_REP1),COMPLETED,0,-,quay.io/biocontainers/picard:3.0.0--hdfd78af_1,6,28800000,-,38654705664,1,1715236731807,1715238129000,1715238614000,1882193,480000,-,110.4,8.2,22022475776,36045615104,22026199040,36045623296,3942922088,2085723884,708979,16975,131072,2086715392,25,4,/input/data/work/5f/921de66f3966bd769be6552683fb87,true,-
477,3512450332,hu-worker-c42,32/354cdf,nf-32354cdf54ba12afcaa34082acca954d,NFCORE_RNASEQ:RNASEQ:DUPRADAR,TREATMENT_rhINFa2b_100000_REP1,NFCORE_RNASEQ:RNASEQ:DUPRADAR (TREATMENT_rhINFa2b_100000_REP1),COMPLETED,0,-,quay.io/biocontainers/bioconductor-dupradar:1.28.0--r42hdfd78af_0,1,72000000,-,6442450944,1,1715238299000,1715238300000,1715238628000,329000,328000,-,103.5,0.2,455004160,4826107904,455004160,4936028160,14396616742,295108816,1794290,71846,0,295202816,8025,38,/input/data/work/32/354cdf54ba12afcaa34082acca954d,true,-
521,3140276493,hu-worker-c24,9e/57ce8c,nf-9e57ce8c52c5b84cca19cb261715b551,NFCORE_RNASEQ:RNASEQ:DUPRADAR,TREATMENT_rhINFa2b_100000_REP3,NFCORE_RNASEQ:RNASEQ:DUPRADAR (TREATMENT_rhINFa2b_100000_REP3),COMPLETED,0,-,quay.io/biocontainers/bioconductor-dupradar:1.28.0--r42hdfd78af_0,1,72000000,-,6442450944,1,1715238359089,1715238360000,1715238638000,278911,278000,-,104.7,0.2,440836096,5223768064,441024512,5223772160,12873849080,269439405,1604202,65583,24162304,269529088,6964,191,/input/data/work/9e/57ce8c52c5b84cca19cb261715b551,true,-
619,2085011295,hu-worker-c28,cd/cee061,nf-cdcee06165184dd151427d3a5787468b,NFCORE_RNASEQ:RNASEQ:BAM_MARKDUPLICATES_PICARD:SAMTOOLS_INDEX,TREATMENT_rhINFa2b_10000_REP1,NFCORE_RNASEQ:RNASEQ:BAM_MARKDUPLICATES_PICARD:SAMTOOLS_INDEX (TREATMENT_rhINFa2b_10000_REP1),COMPLETED,0,-,quay.io/biocontainers/samtools:1.17--h00cdaf9_0,2,14400000,-,12884901888,1,1715238616677,1715238617000,1715238639000,22323,22000,-,146.5,0.0,23502848,181035008,23502848,231661568,2085140628,2566972,63859,644,655360,2572288,166231,60,/input/data/work/cd/cee06165184dd151427d3a5787468b,true,-
515,3204693556,hu-worker-c41,47/423df0,nf-47423df0539ad0a2275883ae450aaff9,NFCORE_RNASEQ:RNASEQ:DUPRADAR,TREATMENT_mIFNa11_1000_REP3,NFCORE_RNASEQ:RNASEQ:DUPRADAR (TREATMENT_mIFNa11_1000_REP3),COMPLETED,0,-,quay.io/biocontainers/bioconductor-dupradar:1.28.0--r42hdfd78af_0,1,72000000,-,6442450944,1,1715238349162,1715238349000,1715238652000,302838,303000,-,103.5,0.2,446582784,4826107904,446582784,4936028160,13009873572,168831137,1606050,41018,43692032,168898560,7780,64,/input/data/work/47/423df0539ad0a2275883ae450aaff9,true,-
537,3161263445,hu-worker-c42,fb/1c9072,nf-fb1c907226d6b0ba78ce464df31c1df7,NFCORE_RNASEQ:RNASEQ:DUPRADAR,TREATMENT_rhIFNb_1000_REP2,NFCORE_RNASEQ:RNASEQ:DUPRADAR (TREATMENT_rhIFNb_1000_REP2),COMPLETED,0,-,quay.io/biocontainers/bioconductor-dupradar:1.28.0--r42hdfd78af_0,1,72000000,-,6442450944,1,1715238368924,1715238369000,1715238651000,282076,281000,-,104.2,0.2,437678080,4826202112,437690368,4936028160,12834815439,168010350,1584450,40816,0,168079360,6904,45,/input/data/work/fb/1c907226d6b0ba78ce464df31c1df7,true,-
496,3633532864,hu-worker-c35,a1/29058d,nf-a129058d8363703d577fa68635b18f05,NFCORE_RNASEQ:RNASEQ:DUPRADAR,TREATMENT_rhINFa2b_10000_REP2,NFCORE_RNASEQ:RNASEQ:DUPRADAR (TREATMENT_rhINFa2b_10000_REP2),COMPLETED,0,-,quay.io/biocontainers/bioconductor-dupradar:1.28.0--r42hdfd78af_0,1,72000000,-,6442450944,1,1715238313951,1715238314000,1715238658000,344049,343000,-,102.7,0.2,457940992,4826112000,457940992,4936032256,14901542380,314070571,1858387,76467,33177600,314159104,8778,51,/input/data/work/a1/29058d8363703d577fa68635b18f05,true,-
529,3146910441,hu-worker-c27,68/4a4a93,nf-684a4a938e706333348a0028680b1cfa,NFCORE_RNASEQ:RNASEQ:DUPRADAR,TREATMENT_mIFNa11_1000_REP1,NFCORE_RNASEQ:RNASEQ:DUPRADAR (TREATMENT_mIFNa11_1000_REP1),COMPLETED,0,-,quay.io/biocontainers/bioconductor-dupradar:1.28.0--r42hdfd78af_0,1,72000000,-,6442450944,1,1715238365049,1715238366000,1715238654000,288951,288000,-,104.7,0.2,447819776,5224333312,447873024,5224337408,12786479019,175721701,1579658,42706,24125440,175800320,7280,66,/input/data/work/68/4a4a938e706333348a0028680b1cfa,true,-
541,3169958076,hu-worker-c41,25/2705ec,nf-252705ec69bd8d8827e6393378548a2c,NFCORE_RNASEQ:RNASEQ:DUPRADAR,TREATMENT_rhIFNb_100_REP3,NFCORE_RNASEQ:RNASEQ:DUPRADAR (TREATMENT_rhIFNb_100_REP3),COMPLETED,0,-,quay.io/biocontainers/bioconductor-dupradar:1.28.0--r42hdfd78af_0,1,72000000,-,6442450944,1,1715238369309,1715238369000,1715238662000,292691,292000,-,104.0,0.2,441110528,4826112000,441110528,4936032256,12868622596,167289975,1588414,40636,0,167366656,7154,24,/input/data/work/25/2705ec69bd8d8827e6393378548a2c,true,-
283,4867685031,hu-worker-c35,2a/9cfa17,nf-2a9cfa17daeda6470a5f0a53ec1664b6,NFCORE_RNASEQ:RNASEQ:QUANTIFY_STAR_SALMON:SALMON_QUANT,TREATMENT_rhIFNb_100000_REP2,NFCORE_RNASEQ:RNASEQ:QUANTIFY_STAR_SALMON:SALMON_QUANT (TREATMENT_rhIFNb_100000_REP2),COMPLETED,0,-,quay.io/biocontainers/salmon:1.10.1--h7e5ed60_0,6,28800000,-,38654705664,1,1715236843051,1715238523000,1715238667000,1823949,144000,-,477.0,2.6,7024791552,8162545664,7048425472,8162549760,4876430739,11641147,251917,2602,0,11677696,39,483,/input/data/work/2a/9cfa17daeda6470a5f0a53ec1664b6,true,-
263,5039149405,hu-worker-c41,50/5d9f2d,nf-505d9f2d0cdf8b734f9d65ff3c0465f3,NFCORE_RNASEQ:RNASEQ:BAM_MARKDUPLICATES_PICARD:PICARD_MARKDUPLICATES,TREATMENT_mIFNa11_100_REP2,NFCORE_RNASEQ:RNASEQ:BAM_MARKDUPLICATES_PICARD:PICARD_MARKDUPLICATES (TREATMENT_mIFNa11_100_REP2),COMPLETED,0,-,quay.io/biocontainers/picard:3.0.0--hdfd78af_1,6,28800000,-,38654705664,1,1715236731872,1715238263000,1715238750000,2018128,483000,-,111.4,7.8,21084131328,36045615104,21122326528,36055654400,3802543649,2013786211,691026,16394,8228864,2014593024,12,2,/input/data/work/50/5d9f2d0cdf8b734f9d65ff3c0465f3,true,-
271,5025399648,hu-worker-c25,da/c1da22,nf-dac1da226c59fadc67ec66dc6476ad3e,NFCORE_RNASEQ:RNASEQ:BAM_MARKDUPLICATES_PICARD:PICARD_MARKDUPLICATES,TREATMENT_rhIFNb_100000_REP1,NFCORE_RNASEQ:RNASEQ:BAM_MARKDUPLICATES_PICARD:PICARD_MARKDUPLICATES (TREATMENT_rhIFNb_100000_REP1),COMPLETED,0,-,quay.io/biocontainers/picard:3.0.0--hdfd78af_1,6,28800000,-,38654705664,1,1715236782292,1715238272000,1715238758000,1975708,483000,-,110.1,7.7,20790968320,36045615104,20790968320,36045623296,3775045270,1997474484,680989,16265,2441216,1998352384,14,2,/input/data/work/da/c1da226c59fadc67ec66dc6476ad3e,true,-
583,3065129048,hu-worker-c34,0b/713d87,nf-0b713d8707cde6929a29279df3225dc0,NFCORE_RNASEQ:RNASEQ:DUPRADAR,TREATMENT_mIFNa11_10000_REP1,NFCORE_RNASEQ:RNASEQ:DUPRADAR (TREATMENT_mIFNa11_10000_REP1),COMPLETED,0,-,quay.io/biocontainers/bioconductor-dupradar:1.28.0--r42hdfd78af_0,1,72000000,-,6442450944,1,1715238501924,1715238502000,1715238767000,265076,264000,-,104.9,0.2,443265024,5220577280,443449344,5220581376,12622104860,307537124,1579526,74885,4202496,307613696,6496,437,/input/data/work/0b/713d8707cde6929a29279df3225dc0,true,-
636,2013073839,hu-worker-c27,b1/7923b8,nf-b17923b82077574d6f7305ad4df0f1b8,NFCORE_RNASEQ:RNASEQ:BAM_MARKDUPLICATES_PICARD:SAMTOOLS_INDEX,TREATMENT_mIFNa11_100_REP2,NFCORE_RNASEQ:RNASEQ:BAM_MARKDUPLICATES_PICARD:SAMTOOLS_INDEX (TREATMENT_mIFNa11_100_REP2),COMPLETED,0,-,quay.io/biocontainers/samtools:1.17--h00cdaf9_0,2,14400000,-,12884901888,1,1715238752006,1715238753000,1715238779000,26994,26000,-,124.3,0.0,21630976,180465664,21630976,231661568,2013202058,2466493,61662,619,8253440,2469888,163856,92,/input/data/work/b1/7923b82077574d6f7305ad4df0f1b8,true,-
638,1996762154,hu-worker-c24,21/b71106,nf-21b711064f092e5bf4a7f942bfb2a544,NFCORE_RNASEQ:RNASEQ:BAM_MARKDUPLICATES_PICARD:SAMTOOLS_INDEX,TREATMENT_rhIFNb_100000_REP1,NFCORE_RNASEQ:RNASEQ:BAM_MARKDUPLICATES_PICARD:SAMTOOLS_INDEX (TREATMENT_rhIFNb_100000_REP1),COMPLETED,0,-,quay.io/biocontainers/samtools:1.17--h00cdaf9_0,2,14400000,-,12884901888,1,1715238767000,1715238768000,1715238787000,20000,19000,-,163.2,0.0,20303872,178528256,20307968,231661568,1996890695,2436585,61167,612,9695232,2441216,137805,91,/input/data/work/21/b711064f092e5bf4a7f942bfb2a544,true,-
265,5011585913,hu-worker-c41,5e/241396,nf-5e2413961a6a407886d3cf2e4d3fbdbe,NFCORE_RNASEQ:RNASEQ:BAM_MARKDUPLICATES_PICARD:PICARD_MARKDUPLICATES,TREATMENT_rhIFNb_1000_REP1,NFCORE_RNASEQ:RNASEQ:BAM_MARKDUPLICATES_PICARD:PICARD_MARKDUPLICATES (TREATMENT_rhIFNb_1000_REP1),COMPLETED,0,-,quay.io/biocontainers/picard:3.0.0--hdfd78af_1,6,28800000,-,38654705664,1,1715236781914,1715238311000,1715238789000,2007086,476000,-,111.2,7.8,20933595136,36045615104,20933595136,36052946944,3747416519,1982319748,672714,16143,0,1982881792,27,5,/input/data/work/5e/2413961a6a407886d3cf2e4d3fbdbe,true,-
596,3061257274,hu-worker-c35,a3/cf74a1,nf-a3cf74a16f172b0190ef1838fc417135,NFCORE_RNASEQ:RNASEQ:DUPRADAR,TREATMENT_rhIFNb_1000_REP3,NFCORE_RNASEQ:RNASEQ:DUPRADAR (TREATMENT_rhIFNb_1000_REP3),COMPLETED,0,-,quay.io/biocontainers/bioconductor-dupradar:1.28.0--r42hdfd78af_0,1,72000000,-,6442450944,1,1715238525880,1715238526000,1715238795000,269120,268000,-,104.7,0.2,436248576,5224734720,436432896,5224738816,12435225608,167851341,1535814,40785,3944448,167927808,6587,62,/input/data/work/a3/cf74a16f172b0190ef1838fc417135,true,-
660,1981607452,hu-worker-c24,51/e2a16a,nf-51e2a16a24c0a8d69f41f7f5360dde06,NFCORE_RNASEQ:RNASEQ:BAM_MARKDUPLICATES_PICARD:SAMTOOLS_INDEX,TREATMENT_rhIFNb_1000_REP1,NFCORE_RNASEQ:RNASEQ:BAM_MARKDUPLICATES_PICARD:SAMTOOLS_INDEX (TREATMENT_rhIFNb_1000_REP1),COMPLETED,0,-,quay.io/biocontainers/samtools:1.17--h00cdaf9_0,2,14400000,-,12884901888,1,1715238797673,1715238798000,1715238817000,19327,19000,-,163.1,0.0,21536768,179576832,21536768,231661568,1981735545,2465953,60704,619,0,2469888,141529,65,/input/data/work/51/e2a16a24c0a8d69f41f7f5360dde06,true,-
269,4973505541,hu-worker-c34,9a/d5f0d9,nf-9ad5f0d920f472ab77dbe460a5d8b3fe,NFCORE_RNASEQ:RNASEQ:BAM_MARKDUPLICATES_PICARD:PICARD_MARKDUPLICATES,TREATMENT_mIFNa11_10000_REP2,NFCORE_RNASEQ:RNASEQ:BAM_MARKDUPLICATES_PICARD:PICARD_MARKDUPLICATES (TREATMENT_mIFNa11_10000_REP2),COMPLETED,0,-,quay.io/biocontainers/picard:3.0.0--hdfd78af_1,6,28800000,-,38654705664,1,1715236782208,1715238366000,1715238819000,2036792,449000,-,111.0,7.7,20661903360,36045615104,20671561728,36052627456,3671255380,1942099145,659066,15824,4096,1943011328,15,2,/input/data/work/9a/d5f0d920f472ab77dbe460a5d8b3fe,true,-
275,4951912299,hu-worker-c24,7f/b108ed,nf-7fb108edcb04029b9b46ed6d54120c85,NFCORE_RNASEQ:RNASEQ:BAM_MARKDUPLICATES_PICARD:PICARD_MARKDUPLICATES,TREATMENT_rhINFa2b_100000_REP2,NFCORE_RNASEQ:RNASEQ:BAM_MARKDUPLICATES_PICARD:PICARD_MARKDUPLICATES (TREATMENT_rhINFa2b_100000_REP2),COMPLETED,0,-,quay.io/biocontainers/picard:3.0.0--hdfd78af_1,6,28800000,-,38654705664,1,1715236792114,1715238369000,1715238822000,2029886,451000,-,111.4,7.6,20636217344,36045615104,20636217344,36045623296,3628069510,1919154331,653879,15640,4751360,1920024576,35,4,/input/data/work/7f/b108edcb04029b9b46ed6d54120c85,true,-
607,3029854946,hu-worker-c34,c1/5dd938,nf-c15dd93869fdb75a57651c53c57ff696,NFCORE_RNASEQ:RNASEQ:DUPRADAR,TREATMENT_rhIFNa2b_1000_REP3,NFCORE_RNASEQ:RNASEQ:DUPRADAR (TREATMENT_rhIFNa2b_1000_REP3),COMPLETED,0,-,quay.io/biocontainers/bioconductor-dupradar:1.28.0--r42hdfd78af_0,1,72000000,-,6442450944,1,1715238563231,1715238564000,1715238825000,261769,261000,-,104.0,0.2,457289728,4826112000,457502720,4936032256,12482900544,309944291,1562762,75472,8392704,310026240,6367,149,/input/data/work/c1/5dd93869fdb75a57651c53c57ff696,true,-
267,4980410264,hu-worker-c28,a8/f9bd68,nf-a8f9bd68ff2c0171f18a1e3cb54c9b6c,NFCORE_RNASEQ:RNASEQ:BAM_MARKDUPLICATES_PICARD:PICARD_MARKDUPLICATES,TREATMENT_rhIFNa2b_1000_REP1,NFCORE_RNASEQ:RNASEQ:BAM_MARKDUPLICATES_PICARD:PICARD_MARKDUPLICATES (TREATMENT_rhIFNa2b_1000_REP1),COMPLETED,0,-,quay.io/biocontainers/picard:3.0.0--hdfd78af_1,6,28800000,-,38654705664,1,1715236782092,1715238362000,1715238834000,2051908,470000,-,110.9,7.6,20420665344,36045615104,20428234752,36112732160,3685067146,1949602400,667687,15880,2412544,1950445568,14,25,/input/data/work/a8/f9bd68ff2c0171f18a1e3cb54c9b6c,true,-
672,1941387112,hu-worker-c27,17/f78ffa,nf-17f78ffabb1048c0e1e7c3f46cd16fc5,NFCORE_RNASEQ:RNASEQ:BAM_MARKDUPLICATES_PICARD:SAMTOOLS_INDEX,TREATMENT_mIFNa11_10000_REP2,NFCORE_RNASEQ:RNASEQ:BAM_MARKDUPLICATES_PICARD:SAMTOOLS_INDEX (TREATMENT_mIFNa11_10000_REP2),COMPLETED,0,-,quay.io/biocontainers/samtools:1.17--h00cdaf9_0,2,14400000,-,12884901888,1,1715238823347,1715238824000,1715238846000,22653,22000,-,139.0,0.0,21561344,180654080,21561344,231661568,1941515532,2472647,59476,621,12451840,2478080,150179,88,/input/data/work/17/f78ffabb1048c0e1e7c3f46cd16fc5,true,-
680,1918442697,hu-worker-c24,d6/026bd7,nf-d6026bd7e960aa3597e7c4d552a991ef,NFCORE_RNASEQ:RNASEQ:BAM_MARKDUPLICATES_PICARD:SAMTOOLS_INDEX,TREATMENT_rhINFa2b_100000_REP2,NFCORE_RNASEQ:RNASEQ:BAM_MARKDUPLICATES_PICARD:SAMTOOLS_INDEX (TREATMENT_rhINFa2b_100000_REP2),COMPLETED,0,-,quay.io/biocontainers/samtools:1.17--h00cdaf9_0,2,14400000,-,12884901888,1,1715238823408,1715238824000,1715238842000,18592,18000,-,144.1,0.0,20582400,178626560,20582400,231661568,1918571827,2444633,58776,614,4194304,2449408,135002,77,/input/data/work/d6/026bd7e960aa3597e7c4d552a991ef,true,-
273,4949145545,hu-worker-c42,40/598861,nf-40598861010030d37d564c904b3e939c,NFCORE_RNASEQ:RNASEQ:BAM_MARKDUPLICATES_PICARD:PICARD_MARKDUPLICATES,TREATMENT_mIFNa11_100_REP1,NFCORE_RNASEQ:RNASEQ:BAM_MARKDUPLICATES_PICARD:PICARD_MARKDUPLICATES (TREATMENT_mIFNa11_100_REP1),COMPLETED,0,-,quay.io/biocontainers/picard:3.0.0--hdfd78af_1,6,28800000,-,38654705664,1,1715236787466,1715238410000,1715238855000,2067534,442000,-,109.8,8.0,21665869824,36045615104,21665939456,36112732160,3622535312,1915652355,647383,15619,0,1916133376,15,2,/input/data/work/40/598861010030d37d564c904b3e939c,true,-
685,1948890304,hu-worker-c34,90/7f100e,nf-907f100ef29b742b2df09603892bcceb,NFCORE_RNASEQ:RNASEQ:BAM_MARKDUPLICATES_PICARD:SAMTOOLS_INDEX,TREATMENT_rhIFNa2b_1000_REP1,NFCORE_RNASEQ:RNASEQ:BAM_MARKDUPLICATES_PICARD:SAMTOOLS_INDEX (TREATMENT_rhIFNa2b_1000_REP1),COMPLETED,0,-,quay.io/biocontainers/samtools:1.17--h00cdaf9_0,2,14400000,-,12884901888,1,1715238842168,1715238843000,1715238861000,18832,18000,-,159.2,0.0,21762048,179589120,21762048,231661568,1949018525,2453182,59704,616,8388608,2457600,147025,62,/input/data/work/90/7f100ef29b742b2df09603892bcceb,true,-
279,4941786347,hu-worker-c35,01/5805a7,nf-015805a70d04fb3ae105f08971bdb898,NFCORE_RNASEQ:RNASEQ:BAM_MARKDUPLICATES_PICARD:PICARD_MARKDUPLICATES,TREATMENT_rhIFNb_100_REP2,NFCORE_RNASEQ:RNASEQ:BAM_MARKDUPLICATES_PICARD:PICARD_MARKDUPLICATES (TREATMENT_rhIFNb_100_REP2),COMPLETED,0,-,quay.io/biocontainers/picard:3.0.0--hdfd78af_1,6,28800000,-,38654705664,1,1715236802050,1715238422000,1715238870000,2067950,444000,-,112.8,7.7,20901756928,36050132992,20901756928,36055633920,3607817309,1907112939,642818,15554,2093056,1907879936,13,2,/input/data/work/01/5805a70d04fb3ae105f08971bdb898,true,-
622,3001105455,hu-worker-c25,b8/e63bf5,nf-b8e63bf55e8fefcd469d0399c4abbee5,NFCORE_RNASEQ:RNASEQ:DUPRADAR,TREATMENT_rhINFa2b_10000_REP1,NFCORE_RNASEQ:RNASEQ:DUPRADAR (TREATMENT_rhINFa2b_10000_REP1),COMPLETED,0,-,quay.io/biocontainers/bioconductor-dupradar:1.28.0--r42hdfd78af_0,1,72000000,-,6442450944,1,1715238616642,1715238617000,1715238885000,268358,268000,-,105.0,0.2,438558720,4826107904,438558720,4936028160,12190470268,164262384,1505218,39890,7446528,164335616,6585,224,/input/data/work/b8/e63bf55e8fefcd469d0399c4abbee5,true,-
705,1914940682,hu-worker-c27,de/1e43fb,nf-de1e43fb249fdee184120fea8437af43,NFCORE_RNASEQ:RNASEQ:BAM_MARKDUPLICATES_PICARD:SAMTOOLS_INDEX,TREATMENT_mIFNa11_100_REP1,NFCORE_RNASEQ:RNASEQ:BAM_MARKDUPLICATES_PICARD:SAMTOOLS_INDEX (TREATMENT_mIFNa11_100_REP1),COMPLETED,0,-,quay.io/biocontainers/samtools:1.17--h00cdaf9_0,2,14400000,-,12884901888,1,1715238867138,1715238868000,1715238887000,19862,19000,-,158.6,0.0,20275200,177823744,20275200,231661568,1915068247,2426823,58668,610,4096,2433024,130737,99,/input/data/work/de/1e43fb249fdee184120fea8437af43,true,-
717,1906401400,hu-worker-c34,64/7b6f43,nf-647b6f437f2c33c7bd45380f431c5e99,NFCORE_RNASEQ:RNASEQ:BAM_MARKDUPLICATES_PICARD:SAMTOOLS_INDEX,TREATMENT_rhIFNb_100_REP2,NFCORE_RNASEQ:RNASEQ:BAM_MARKDUPLICATES_PICARD:SAMTOOLS_INDEX (TREATMENT_rhIFNb_100_REP2),COMPLETED,0,-,quay.io/biocontainers/samtools:1.17--h00cdaf9_0,2,14400000,-,12884901888,1,1715238877076,1715238878000,1715238894000,16924,16000,-,157.6,0.0,23433216,181018624,23433216,231661568,1906530125,2460700,58409,618,0,2465792,158944,53,/input/data/work/64/7b6f437f2c33c7bd45380f431c5e99,true,-
277,4933102124,hu-worker-c25,d5/570902,nf-d55709022a568587463fbfaeb0f9694a,NFCORE_RNASEQ:RNASEQ:BAM_MARKDUPLICATES_PICARD:PICARD_MARKDUPLICATES,TREATMENT_rhIFNb_10000_REP1,NFCORE_RNASEQ:RNASEQ:BAM_MARKDUPLICATES_PICARD:PICARD_MARKDUPLICATES (TREATMENT_rhIFNb_10000_REP1),COMPLETED,0,-,quay.io/biocontainers/picard:3.0.0--hdfd78af_1,6,28800000,-,38654705664,1,1715236801982,1715238450000,1715238904000,2102018,452000,-,111.3,7.7,20695597056,36045615104,20695597056,36045623296,3590448682,1898626494,643028,15478,131072,1899524096,14,2,/input/data/work/d5/5709022a568587463fbfaeb0f9694a,true,-
736,1897914845,hu-worker-c25,31/a75468,nf-31a75468a29320b706351fd5333ec234,NFCORE_RNASEQ:RNASEQ:BAM_MARKDUPLICATES_PICARD:SAMTOOLS_INDEX,TREATMENT_rhIFNb_10000_REP1,NFCORE_RNASEQ:RNASEQ:BAM_MARKDUPLICATES_PICARD:SAMTOOLS_INDEX (TREATMENT_rhIFNb_10000_REP1),COMPLETED,0,-,quay.io/biocontainers/samtools:1.17--h00cdaf9_0,2,14400000,-,12884901888,1,1715238907242,1715238908000,1715238928000,20758,20000,-,137.6,0.0,19791872,177577984,19791872,231661568,1898042452,2428535,58151,610,8388608,2433024,121368,56,/input/data/work/31/a75468a29320b706351fd5333ec234,true,-
289,4873623849,hu-worker-c42,1c/856e03,nf-1c856e03c6b6dc7ea9c2a3a6185b354e,NFCORE_RNASEQ:RNASEQ:BAM_MARKDUPLICATES_PICARD:PICARD_MARKDUPLICATES,TREATMENT_mIFNa11_10000_REP3,NFCORE_RNASEQ:RNASEQ:BAM_MARKDUPLICATES_PICARD:PICARD_MARKDUPLICATES (TREATMENT_mIFNa11_10000_REP3),COMPLETED,0,-,quay.io/biocontainers/picard:3.0.0--hdfd78af_1,6,28800000,-,38654705664,1,1715236862060,1715238504000,1715238940000,2077940,433000,-,112.6,7.6,20642209792,36079169536,20648312832,36112732160,3471492100,1836054120,624282,14978,0,1836916736,15,2,/input/data/work/1c/856e03c6b6dc7ea9c2a3a6185b354e,true,-
291,4887763113,hu-worker-c27,ab/432898,nf-ab432898a19b359769f942f6625de0c2,NFCORE_RNASEQ:RNASEQ:BAM_MARKDUPLICATES_PICARD:PICARD_MARKDUPLICATES,TREATMENT_rhIFNa2b_1000_REP2,NFCORE_RNASEQ:RNASEQ:BAM_MARKDUPLICATES_PICARD:PICARD_MARKDUPLICATES (TREATMENT_rhIFNa2b_1000_REP2),COMPLETED,0,-,quay.io/biocontainers/picard:3.0.0--hdfd78af_1,6,28800000,-,38654705664,1,1715236862766,1715238497000,1715238943000,2080234,442000,-,111.1,7.9,21225259008,36045615104,21232201728,36045623296,3499772492,1851167687,632416,15091,42745856,1851793408,20,2,/input/data/work/ab/432898a19b359769f942f6625de0c2,true,-
295,4912575455,hu-worker-c24,a4/7bf55e,nf-a47bf55ed4e61ff7b39a77aa52e93e09,NFCORE_RNASEQ:RNASEQ:BAM_MARKDUPLICATES_PICARD:PICARD_MARKDUPLICATES,TREATMENT_mIFNa11_100000_REP1,NFCORE_RNASEQ:RNASEQ:BAM_MARKDUPLICATES_PICARD:PICARD_MARKDUPLICATES (TREATMENT_mIFNa11_100000_REP1),COMPLETED,0,-,quay.io/biocontainers/picard:3.0.0--hdfd78af_1,6,28800000,-,38654705664,1,1715236866570,1715238496000,1715238956000,2089430,458000,-,111.0,7.9,21279993856,36045615104,21287841792,36052627456,3549395143,1878948477,645543,15306,487424,1879810048,14,7,/input/data/work/a4/7bf55ed4e61ff7b39a77aa52e93e09,true,-
297,4871330575,hu-worker-c28,74/407543,nf-744075431cf555633440faf594026386,NFCORE_RNASEQ:RNASEQ:BAM_MARKDUPLICATES_PICARD:PICARD_MARKDUPLICATES,TREATMENT_rhIFNa2b_100_REP2,NFCORE_RNASEQ:RNASEQ:BAM_MARKDUPLICATES_PICARD:PICARD_MARKDUPLICATES (TREATMENT_rhIFNa2b_100_REP2),COMPLETED,0,-,quay.io/biocontainers/picard:3.0.0--hdfd78af_1,6,28800000,-,38654705664,1,1715236866720,1715238512000,1715238953000,2086280,439000,-,110.7,7.6,20532826112,36045615104,20537421824,36045623296,3466904936,1833833793,624538,14960,0,1834663936,14,2,/input/data/work/74/4075431cf555633440faf594026386,true,-
749,1835342789,hu-worker-c42,34/bd5fb9,nf-34bd5fb9412c5e757751a0aa01908ba3,NFCORE_RNASEQ:RNASEQ:BAM_MARKDUPLICATES_PICARD:SAMTOOLS_INDEX,TREATMENT_mIFNa11_10000_REP3,NFCORE_RNASEQ:RNASEQ:BAM_MARKDUPLICATES_PICARD:SAMTOOLS_INDEX (TREATMENT_mIFNa11_10000_REP3),COMPLETED,0,-,quay.io/biocontainers/samtools:1.17--h00cdaf9_0,2,14400000,-,12884901888,1,1715238950739,1715238951000,1715238967000,16261,16000,-,159.6,0.0,18751488,176533504,18751488,231661568,1835470952,2424281,56239,609,0,2428928,107794,31,/input/data/work/34/bd5fb9412c5e757751a0aa01908ba3,true,-
281,4661674413,hu-worker-c24,70/f3e2cd,nf-70f3e2cdb8165a04c2c551aa889c0b15,NFCORE_RNASEQ:RNASEQ:QUANTIFY_STAR_SALMON:SALMON_QUANT,TREATMENT_mIFNa11_100_REP3,NFCORE_RNASEQ:RNASEQ:QUANTIFY_STAR_SALMON:SALMON_QUANT (TREATMENT_mIFNa11_100_REP3),COMPLETED,0,-,quay.io/biocontainers/salmon:1.10.1--h7e5ed60_0,6,28800000,-,38654705664,1,1715236832123,1715238825000,1715238969000,2136877,144000,-,468.5,2.6,7128604672,8158355456,7145607168,8158871552,4670421567,11647451,245054,2597,208896,11685888,1300,1145,/input/data/work/70/f3e2cdb8165a04c2c551aa889c0b15,true,-
287,4525873136,hu-worker-c42,25/d6087d,nf-25d6087d5ed97850a212b23950286737,NFCORE_RNASEQ:RNASEQ:QUANTIFY_STAR_SALMON:SALMON_QUANT,TREATMENT_mIFNa11_100000_REP3,NFCORE_RNASEQ:RNASEQ:QUANTIFY_STAR_SALMON:SALMON_QUANT (TREATMENT_mIFNa11_100000_REP3),COMPLETED,0,-,quay.io/biocontainers/salmon:1.10.1--h7e5ed60_0,6,28800000,-,38654705664,1,1715236858365,1715238858000,1715238992000,2133635,134000,-,473.5,2.6,7035678720,8162545664,7054340096,8162549760,4534618605,11636999,240401,2594,0,11673600,73,422,/input/data/work/25/d6087d5ed97850a212b23950286737,true,-
757,1850456286,hu-worker-c25,95/50cd33,nf-9550cd33893b1134bc0872a194897d62,NFCORE_RNASEQ:RNASEQ:BAM_MARKDUPLICATES_PICARD:SAMTOOLS_INDEX,TREATMENT_rhIFNa2b_1000_REP2,NFCORE_RNASEQ:RNASEQ:BAM_MARKDUPLICATES_PICARD:SAMTOOLS_INDEX (TREATMENT_rhIFNa2b_1000_REP2),COMPLETED,0,-,quay.io/biocontainers/samtools:1.17--h00cdaf9_0,2,14400000,-,12884901888,1,1715238987104,1715238988000,1715239004000,16896,16000,-,161.6,0.0,22392832,180080640,22392832,231661568,1850585307,2403791,56700,604,0,2408448,154030,135,/input/data/work/95/50cd33893b1134bc0872a194897d62,true,-
301,4855438762,hu-worker-c27,2b/ae20a3,nf-2bae20a362badad0b359c5bb7a0679ae,NFCORE_RNASEQ:RNASEQ:BAM_MARKDUPLICATES_PICARD:PICARD_MARKDUPLICATES,TREATMENT_rhIFNa2b_100_REP1,NFCORE_RNASEQ:RNASEQ:BAM_MARKDUPLICATES_PICARD:PICARD_MARKDUPLICATES (TREATMENT_rhIFNa2b_100_REP1),COMPLETED,0,-,quay.io/biocontainers/picard:3.0.0--hdfd78af_1,6,28800000,-,38654705664,1,1715236866967,1715238564000,1715239005000,2138033,439000,-,112.3,7.6,20607365120,36045615104,20612046848,36045623296,3435121729,1816085914,616429,14817,577536,1817018368,15,2,/input/data/work/2b/ae20a362badad0b359c5bb7a0679ae,true,-
632,2929167999,hu-worker-c42,e2/676cbc,nf-e2676cbcb18f21a63899dad533e915b7,NFCORE_RNASEQ:RNASEQ:DUPRADAR,TREATMENT_mIFNa11_100_REP2,NFCORE_RNASEQ:RNASEQ:DUPRADAR (TREATMENT_mIFNa11_100_REP2),COMPLETED,0,-,quay.io/biocontainers/bioconductor-dupradar:1.28.0--r42hdfd78af_0,1,72000000,-,6442450944,1,1715238751975,1715238752000,1715239009000,257025,256000,-,103.3,0.2,442195968,4826112000,442380288,4936032256,11905576526,166748555,1471002,40512,4096,166817792,6272,150,/input/data/work/e2/676cbcb18f21a63899dad533e915b7,true,-
642,2912856314,hu-worker-c28,b9/52678c,nf-b952678c23c8d2fe36bdc9fe5ac3347d,NFCORE_RNASEQ:RNASEQ:DUPRADAR,TREATMENT_rhIFNb_100000_REP1,NFCORE_RNASEQ:RNASEQ:DUPRADAR (TREATMENT_rhIFNb_100000_REP1),COMPLETED,0,-,quay.io/biocontainers/bioconductor-dupradar:1.28.0--r42hdfd78af_0,1,72000000,-,6442450944,1,1715238767082,1715238768000,1715239027000,259918,259000,-,105.9,0.2,436506624,5220569088,436768768,5220573184,11841285342,167609256,1463249,40735,7614464,167677952,6375,165,/input/data/work/b9/52678c23c8d2fe36bdc9fe5ac3347d,true,-
315,4847200313,hu-worker-c34,de/5c2778,nf-de5c2778c8e7b4ea12040c6076671516,NFCORE_RNASEQ:RNASEQ:BAM_MARKDUPLICATES_PICARD:PICARD_MARKDUPLICATES,TREATMENT_rhIFNa2b_100_REP3,NFCORE_RNASEQ:RNASEQ:BAM_MARKDUPLICATES_PICARD:PICARD_MARKDUPLICATES (TREATMENT_rhIFNa2b_100_REP3),COMPLETED,0,-,quay.io/biocontainers/picard:3.0.0--hdfd78af_1,6,28800000,-,38654705664,1,1715236920544,1715238617000,1715239037000,2116456,417000,-,110.8,7.7,20689317888,36045615104,20689387520,36112732160,3418644411,1807162549,614165,14745,4096,1807970304,14,2,/input/data/work/de/5c2778c8e7b4ea12040c6076671516,true,-
662,2897701612,hu-worker-c35,26/5186b9,nf-265186b9d9e50355f44a843d619efbe7,NFCORE_RNASEQ:RNASEQ:DUPRADAR,TREATMENT_rhIFNb_1000_REP1,NFCORE_RNASEQ:RNASEQ:DUPRADAR (TREATMENT_rhIFNb_1000_REP1),COMPLETED,0,-,quay.io/biocontainers/bioconductor-dupradar:1.28.0--r42hdfd78af_0,1,72000000,-,6442450944,1,1715238797492,1715238798000,1715239042000,244508,244000,-,104.4,0.2,433147904,5220573184,433332224,5220577280,11777734642,165441220,1455101,40196,1425408,165511168,5981,57,/input/data/work/26/5186b9d9e50355f44a843d619efbe7,true,-
765,1878236867,hu-worker-c42,fa/b461eb,nf-fab461eba01c0cb2a527dd10ad259ddb,NFCORE_RNASEQ:RNASEQ:BAM_MARKDUPLICATES_PICARD:SAMTOOLS_INDEX,TREATMENT_mIFNa11_100000_REP1,NFCORE_RNASEQ:RNASEQ:BAM_MARKDUPLICATES_PICARD:SAMTOOLS_INDEX (TREATMENT_mIFNa11_100000_REP1),COMPLETED,0,-,quay.io/biocontainers/samtools:1.17--h00cdaf9_0,2,14400000,-,12884901888,1,1715239041429,1715239042000,1715239058000,16571,16000,-,165.1,0.0,22925312,180367360,22925312,231661568,1878365598,2441932,57548,613,4194304,2445312,154920,176,/input/data/work/fa/b461eba01c0cb2a527dd10ad259ddb,true,-
679,2834536857,hu-worker-c34,e8/fd2038,nf-e8fd2038d9f45b8cdfe814f7f4eac54e,NFCORE_RNASEQ:RNASEQ:DUPRADAR,TREATMENT_rhINFa2b_100000_REP2,NFCORE_RNASEQ:RNASEQ:DUPRADAR (TREATMENT_rhINFa2b_100000_REP2),COMPLETED,0,-,quay.io/biocontainers/bioconductor-dupradar:1.28.0--r42hdfd78af_0,1,72000000,-,6442450944,1,1715238823564,1715238824000,1715239076000,252436,252000,-,104.1,0.2,436162560,4826214400,436346880,4936032256,11526585585,166083053,1424657,40361,0,166154240,6164,49,/input/data/work/e8/fd2038d9f45b8cdfe814f7f4eac54e,true,-
253,3865336444,hu-worker-c28,f4/e702fc,nf-f4e702fc0afabd91ccb3c4c3e8e48ec7,NFCORE_RNASEQ:RNASEQ:QUANTIFY_STAR_SALMON:SALMON_QUANT,TREATMENT_mIFNa11_100000_REP2,NFCORE_RNASEQ:RNASEQ:QUANTIFY_STAR_SALMON:SALMON_QUANT (TREATMENT_mIFNa11_100000_REP2),COMPLETED,0,-,quay.io/biocontainers/salmon:1.10.1--h7e5ed60_0,6,28800000,-,38654705664,1,1715236712846,1715238955000,1715239081000,2368154,126000,-,463.2,2.6,7047438336,8162549760,7063437312,8162553856,3874078812,11615807,218562,2590,299008,11653120,57,1064,/input/data/work/f4/e702fc0afabd91ccb3c4c3e8e48ec7,true,-
259,3989990233,hu-worker-c27,9f/a5a07c,nf-9fa5a07c480a1c3b9de2d833de8414c4,NFCORE_RNASEQ:RNASEQ:QUANTIFY_STAR_SALMON:SALMON_QUANT,TREATMENT_rhINFa2b_10000_REP3,NFCORE_RNASEQ:RNASEQ:QUANTIFY_STAR_SALMON:SALMON_QUANT (TREATMENT_rhINFa2b_10000_REP3),COMPLETED,0,-,quay.io/biocontainers/salmon:1.10.1--h7e5ed60_0,6,28800000,-,38654705664,1,1715236722095,1715238946000,1715239075000,2352905,129000,-,460.7,2.6,7020781568,8162549760,7042904064,8162553856,3998732820,11619175,222781,2590,0,11653120,53,1268,/input/data/work/9f/a5a07c480a1c3b9de2d833de8414c4,true,-
675,2857481272,hu-worker-c24,4d/200644,nf-4d200644ffd6a139e6405ea9b2dcba16,NFCORE_RNASEQ:RNASEQ:DUPRADAR,TREATMENT_mIFNa11_10000_REP2,NFCORE_RNASEQ:RNASEQ:DUPRADAR (TREATMENT_mIFNa11_10000_REP2),COMPLETED,0,-,quay.io/biocontainers/bioconductor-dupradar:1.28.0--r42hdfd78af_0,1,72000000,-,6442450944,1,1715238823251,1715238824000,1715239086000,262749,261000,-,104.2,0.2,438697984,4826112000,438886400,4936032256,11624162390,171063395,1437241,41566,0,171134976,6341,321,/input/data/work/4d/200644ffd6a139e6405ea9b2dcba16,true,-
247,3354922040,hu-worker-c24,a8/a96a73,nf-a8a96a7374bd1e26be8ad797902ca4f8,NFCORE_RNASEQ:RNASEQ:QUANTIFY_STAR_SALMON:SALMON_QUANT,TREATMENT_rhIFNb_100000_REP3,NFCORE_RNASEQ:RNASEQ:QUANTIFY_STAR_SALMON:SALMON_QUANT (TREATMENT_rhIFNb_100000_REP3),COMPLETED,0,-,quay.io/biocontainers/salmon:1.10.1--h7e5ed60_0,6,28800000,-,38654705664,1,1715236636329,1715238959000,1715239085000,2448671,126000,-,448.2,2.6,7020163072,8149962752,7050035200,8149966848,3363659532,11594608,201868,2590,0,11632640,45,1267,/input/data/work/a8/a96a7374bd1e26be8ad797902ca4f8,true,-
293,4841863353,hu-worker-c35,c3/ebfdb2,nf-c3ebfdb2c59c5a1aad1edf17ee3cf5de,NFCORE_RNASEQ:RNASEQ:BAM_MARKDUPLICATES_PICARD:PICARD_MARKDUPLICATES,CONTROL_REP3,NFCORE_RNASEQ:RNASEQ:BAM_MARKDUPLICATES_PICARD:PICARD_MARKDUPLICATES (CONTROL_REP3),COMPLETED,0,-,quay.io/biocontainers/picard:3.0.0--hdfd78af_1,6,28800000,-,38654705664,1,1715236866505,1715238669000,1715239083000,2216495,412000,-,112.2,6.2,16851681280,36045615104,16883376128,36058537984,3407970723,1804858874,590328,14751,106496,1805361152,14,2,/input/data/work/c3/ebfdb2c59c5a1aad1edf17ee3cf5de,true,-
686,2864984464,hu-worker-c25,2c/c5676b,nf-2cc5676bf6d6d95a3105b35bbd96d45d,NFCORE_RNASEQ:RNASEQ:DUPRADAR,TREATMENT_rhIFNa2b_1000_REP1,NFCORE_RNASEQ:RNASEQ:DUPRADAR (TREATMENT_rhIFNa2b_1000_REP1),COMPLETED,0,-,quay.io/biocontainers/bioconductor-dupradar:1.28.0--r42hdfd78af_0,1,72000000,-,6442450944,1,1715238842106,1715238843000,1715239103000,260894,259000,-,104.4,0.2,442523648,4834578432,442523648,4936032256,11818171074,304454557,1480978,74138,2629632,304537600,6386,88,/input/data/work/2c/c5676bf6d6d95a3105b35bbd96d45d,true,-
706,2831034842,hu-worker-c35,93/d8a18d,nf-93d8a18d5fe7d249280aac0e5d4edaff,NFCORE_RNASEQ:RNASEQ:DUPRADAR,TREATMENT_mIFNa11_100_REP1,NFCORE_RNASEQ:RNASEQ:DUPRADAR (TREATMENT_mIFNa11_100_REP1),COMPLETED,0,-,quay.io/biocontainers/bioconductor-dupradar:1.28.0--r42hdfd78af_0,1,72000000,-,6442450944,1,1715238867172,1715238868000,1715239106000,238828,238000,-,105.5,0.2,449626112,4826112000,449626112,4936032256,11675744055,299905646,1462794,73031,4198400,300007424,5793,36,/input/data/work/93/d8a18d5fe7d249280aac0e5d4edaff,true,-
768,1833122399,hu-worker-c28,87/5326d3,nf-875326d3fcc6e75ba69cbc1552dffd4a,NFCORE_RNASEQ:RNASEQ:BAM_MARKDUPLICATES_PICARD:SAMTOOLS_INDEX,TREATMENT_rhIFNa2b_100_REP2,NFCORE_RNASEQ:RNASEQ:BAM_MARKDUPLICATES_PICARD:SAMTOOLS_INDEX (TREATMENT_rhIFNa2b_100_REP2),COMPLETED,0,-,quay.io/biocontainers/samtools:1.17--h00cdaf9_0,2,14400000,-,12884901888,1,1715239092112,1715239093000,1715239110000,17888,17000,-,160.9,0.0,21118976,178921472,21118976,231661568,1833250561,2389028,56171,601,4194304,2396160,145492,58,/input/data/work/87/5326d3fcc6e75ba69cbc1552dffd4a,true,-
720,2822495560,hu-worker-c24,96/25022c,nf-9625022c5f2283671fc0a3295fcf0c0c,NFCORE_RNASEQ:RNASEQ:DUPRADAR,TREATMENT_rhIFNb_100_REP2,NFCORE_RNASEQ:RNASEQ:DUPRADAR (TREATMENT_rhIFNb_100_REP2),COMPLETED,0,-,quay.io/biocontainers/bioconductor-dupradar:1.28.0--r42hdfd78af_0,1,72000000,-,6442450944,1,1715238877208,1715238878000,1715239126000,248792,248000,-,105.5,0.2,439697408,4826198016,439697408,4936024064,11478320852,165726823,1418670,40263,0,165806080,6039,38,/input/data/work/96/25022c5f2283671fc0a3295fcf0c0c,true,-
740,2814009005,hu-worker-c27,39/e9c150,nf-39e9c1506ca2c2dd49e0dd16ca005542,NFCORE_RNASEQ:RNASEQ:DUPRADAR,TREATMENT_rhIFNb_10000_REP1,NFCORE_RNASEQ:RNASEQ:DUPRADAR (TREATMENT_rhIFNb_10000_REP1),COMPLETED,0,-,quay.io/biocontainers/bioconductor-dupradar:1.28.0--r42hdfd78af_0,1,72000000,-,6442450944,1,1715238907098,1715238908000,1715239157000,249902,249000,-,104.1,0.2,435646464,5221642240,435843072,5221646336,11446448583,168571475,1415177,40974,18894848,168656896,6280,1103,/input/data/work/39/e9c1506ca2c2dd49e0dd16ca005542,true,-
756,2766550446,hu-worker-c34,1f/7d09a7,nf-1f7d09a70bf25bd8545b2811a809d6cf,NFCORE_RNASEQ:RNASEQ:DUPRADAR,TREATMENT_rhIFNa2b_1000_REP2,NFCORE_RNASEQ:RNASEQ:DUPRADAR (TREATMENT_rhIFNa2b_1000_REP2),COMPLETED,0,-,quay.io/biocontainers/bioconductor-dupradar:1.28.0--r42hdfd78af_0,1,72000000,-,6442450944,1,1715238950934,1715238951000,1715239178000,227066,226000,-,105.6,0.2,442380288,4826202112,442564608,4936028160,11420076293,302952868,1431889,73776,4194304,303030272,5544,119,/input/data/work/1f/7d09a70bf25bd8545b2811a809d6cf,true,-
299,4841849505,hu-worker-c41,dc/2e5698,nf-dc2e5698170af812d63fe1b2aea134ba,NFCORE_RNASEQ:RNASEQ:BAM_MARKDUPLICATES_PICARD:PICARD_MARKDUPLICATES,CONTROL_REP1,NFCORE_RNASEQ:RNASEQ:BAM_MARKDUPLICATES_PICARD:PICARD_MARKDUPLICATES (CONTROL_REP1),COMPLETED,0,-,quay.io/biocontainers/picard:3.0.0--hdfd78af_1,6,28800000,-,38654705664,1,1715236866827,1715238753000,1715239177000,2310173,422000,-,111.6,8.0,21728833536,36045615104,21734977536,36045623296,3407943745,1804868311,590302,14749,720896,1805504512,14,2,/input/data/work/dc/2e5698170af812d63fe1b2aea134ba,true,-
752,2751436949,hu-worker-c41,ea/2b6aea,nf-ea2b6aea8c9714264813fb7b9a01011c,NFCORE_RNASEQ:RNASEQ:DUPRADAR,TREATMENT_mIFNa11_10000_REP3,NFCORE_RNASEQ:RNASEQ:DUPRADAR (TREATMENT_mIFNa11_10000_REP3),COMPLETED,0,-,quay.io/biocontainers/bioconductor-dupradar:1.28.0--r42hdfd78af_0,1,72000000,-,6442450944,1,1715238950873,1715238951000,1715239189000,238127,238000,-,105.6,0.2,436649984,4826198016,436649984,4936024064,11192500392,164237530,1383657,39907,946176,164311040,5831,128,/input/data/work/ea/2b6aea8c9714264813fb7b9a01011c,true,-
305,4129311927,hu-worker-c42,88/a7207e,nf-88a7207e1579b888f82aeefadc818789,NFCORE_RNASEQ:RNASEQ:BAM_MARKDUPLICATES_PICARD:PICARD_MARKDUPLICATES,TREATMENT_rhIFNb_100000_REP3,NFCORE_RNASEQ:RNASEQ:BAM_MARKDUPLICATES_PICARD:PICARD_MARKDUPLICATES (TREATMENT_rhIFNb_100000_REP3),COMPLETED,0,-,quay.io/biocontainers/picard:3.0.0--hdfd78af_1,6,28800000,-,38654705664,1,1715236880929,1715238942000,1715239186000,2305071,242000,-,113.8,6.8,18246270976,36045615104,18246340608,36045623296,1982867760,1041934286,352199,8621,0,1042239488,14,1,/input/data/work/88/a7207e1579b888f82aeefadc818789,true,-
309,4415228094,hu-worker-c35,4f/ea26f0,nf-4fea26f0d25dbae2f875b893c167028e,NFCORE_RNASEQ:RNASEQ:BAM_MARKDUPLICATES_PICARD:PICARD_MARKDUPLICATES,TREATMENT_rhINFa2b_10000_REP3,NFCORE_RNASEQ:RNASEQ:BAM_MARKDUPLICATES_PICARD:PICARD_MARKDUPLICATES (TREATMENT_rhINFa2b_10000_REP3),COMPLETED,0,-,quay.io/biocontainers/picard:3.0.0--hdfd78af_1,6,28800000,-,38654705664,1,1715236884124,1715238872000,1715239185000,2300876,310000,-,114.2,7.1,19126222848,36079169536,19126292480,36112732160,2554700011,1346246409,454348,11058,45056,1346674688,14,2,/input/data/work/4f/ea26f0d25dbae2f875b893c167028e,true,-
303,4841838119,hu-worker-c25,ab/b72660,nf-abb7266043c38492703098714c6dd014,NFCORE_RNASEQ:RNASEQ:BAM_MARKDUPLICATES_PICARD:PICARD_MARKDUPLICATES,CONTROL_REP2,NFCORE_RNASEQ:RNASEQ:BAM_MARKDUPLICATES_PICARD:PICARD_MARKDUPLICATES (CONTROL_REP2),COMPLETED,0,-,quay.io/biocontainers/picard:3.0.0--hdfd78af_1,6,28800000,-,38654705664,1,1715236870330,1715238761000,1715239194000,2323670,431000,-,111.0,7.9,21315436544,36045615104,21315436544,36112732160,3407921548,1804842688,590304,14748,86016,1805692928,16,2,/input/data/work/ab/b7266043c38492703098714c6dd014,true,-
311,4696804324,hu-worker-c34,93/72d9bb,nf-9372d9bbb7e59c132310bb3c25f6e3be,NFCORE_RNASEQ:RNASEQ:BAM_MARKDUPLICATES_PICARD:PICARD_MARKDUPLICATES,TREATMENT_mIFNa11_100_REP3,NFCORE_RNASEQ:RNASEQ:BAM_MARKDUPLICATES_PICARD:PICARD_MARKDUPLICATES (TREATMENT_mIFNa11_100_REP3),COMPLETED,0,-,quay.io/biocontainers/picard:3.0.0--hdfd78af_1,6,28800000,-,38654705664,1,1715236905751,1715238822000,1715239208000,2302249,384000,-,111.3,7.7,20755423232,36045615104,20784566272,36055351296,3117852580,1646059904,553063,13462,0,1646628864,14,2,/input/data/work/93/72d9bbb7e59c132310bb3c25f6e3be,true,-
313,4780024655,hu-worker-c41,b5/e4fd0e,nf-b5e4fd0e20b71f214eb2fba438eadb95,NFCORE_RNASEQ:RNASEQ:BAM_MARKDUPLICATES_PICARD:PICARD_MARKDUPLICATES,TREATMENT_rhIFNb_100000_REP2,NFCORE_RNASEQ:RNASEQ:BAM_MARKDUPLICATES_PICARD:PICARD_MARKDUPLICATES (TREATMENT_rhIFNb_100000_REP2),COMPLETED,0,-,quay.io/biocontainers/picard:3.0.0--hdfd78af_1,6,28800000,-,38654705664,1,1715236910656,1715238792000,1715239214000,2303344,420000,-,111.3,7.9,21218762752,36045615104,21220110336,36045623296,3284294178,1736203845,592079,14172,8192,1736949760,26,4,/input/data/work/b5/e4fd0e20b71f214eb2fba438eadb95,true,-
317,4638463556,hu-worker-c28,60/d5db7b,nf-60d5db7be4daa422ce439b82e69b53ab,NFCORE_RNASEQ:RNASEQ:BAM_MARKDUPLICATES_PICARD:PICARD_MARKDUPLICATES,TREATMENT_mIFNa11_100000_REP3,NFCORE_RNASEQ:RNASEQ:BAM_MARKDUPLICATES_PICARD:PICARD_MARKDUPLICATES (TREATMENT_mIFNa11_100000_REP3),COMPLETED,0,-,quay.io/biocontainers/picard:3.0.0--hdfd78af_1,6,28800000,-,38654705664,1,1715236925443,1715238837000,1715239215000,2289557,376000,-,111.3,7.5,20379127808,36045615104,20379127808,36045623296,3001171745,1585121473,540341,12966,45056,1585790976,14,2,/input/data/work/60/d5db7be4daa422ce439b82e69b53ab,true,-
307,4349668545,hu-worker-c25,62/d4e869,nf-62d4e8691ada8421eab10352fb208b5b,NFCORE_RNASEQ:RNASEQ:BAM_MARKDUPLICATES_PICARD:PICARD_MARKDUPLICATES,TREATMENT_mIFNa11_100000_REP2,NFCORE_RNASEQ:RNASEQ:BAM_MARKDUPLICATES_PICARD:PICARD_MARKDUPLICATES (TREATMENT_mIFNa11_100000_REP2),COMPLETED,0,-,quay.io/biocontainers/picard:3.0.0--hdfd78af_1,6,28800000,-,38654705664,1,1715236882035,1715238907000,1715239218000,2335965,309000,-,113.5,7.0,18887290880,36079169536,18888392704,36112732160,2423581714,1277266370,434762,10500,16384,1277931520,15,4,/input/data/work/62/d4e8691ada8421eab10352fb208b5b,true,-
790,1815374500,hu-worker-c24,76/5123e0,nf-765123e00938f9b7ca2b710962a28ee1,NFCORE_RNASEQ:RNASEQ:BAM_MARKDUPLICATES_PICARD:SAMTOOLS_INDEX,TREATMENT_rhIFNa2b_100_REP1,NFCORE_RNASEQ:RNASEQ:BAM_MARKDUPLICATES_PICARD:SAMTOOLS_INDEX (TREATMENT_rhIFNa2b_100_REP1),COMPLETED,0,-,quay.io/biocontainers/samtools:1.17--h00cdaf9_0,2,14400000,-,12884901888,1,1715239228422,1715239229000,1715239245000,16578,16000,-,162.8,0.0,21725184,179355648,21725184,231661568,1815503687,2390793,55629,601,4194304,2396160,148199,67,/input/data/work/76/5123e00938f9b7ca2b710962a28ee1,true,-
763,2794331027,hu-worker-c25,1e/354c3e,nf-1e354c3e933cb0c8415ed4a813a96e95,NFCORE_RNASEQ:RNASEQ:DUPRADAR,TREATMENT_mIFNa11_100000_REP1,NFCORE_RNASEQ:RNASEQ:DUPRADAR (TREATMENT_mIFNa11_100000_REP1),COMPLETED,0,-,quay.io/biocontainers/bioconductor-dupradar:1.28.0--r42hdfd78af_0,1,72000000,-,6442450944,1,1715239009340,1715239010000,1715239252000,242660,242000,-,105.2,0.2,434900992,4826214400,435478528,4936028160,11361826891,163079576,1404145,39622,8650752,163155968,5911,132,/input/data/work/1e/354c3e933cb0c8415ed4a813a96e95,true,-
771,2749216559,hu-worker-c42,e8/fa0afc,nf-e8fa0afc9b2525dc298e20376d30fadb,NFCORE_RNASEQ:RNASEQ:DUPRADAR,TREATMENT_rhIFNa2b_100_REP2,NFCORE_RNASEQ:RNASEQ:DUPRADAR (TREATMENT_rhIFNa2b_100_REP2),COMPLETED,0,-,quay.io/biocontainers/bioconductor-dupradar:1.28.0--r42hdfd78af_0,1,72000000,-,6442450944,1,1715239084132,1715239085000,1715239306000,221868,221000,-,106.0,0.2,446033920,4826112000,446222336,4936032256,11376774909,323453753,1429817,78780,0,323522560,5406,43,/input/data/work/e8/fa0afc9b2525dc298e20376d30fadb,true,-
476,2596356172,hu-worker-c42,cb/854967,nf-cb854967a968a931108e56dfd35e679d,NFCORE_RNASEQ:RNASEQ:BEDTOOLS_GENOMECOV,TREATMENT_rhINFa2b_100000_REP1,NFCORE_RNASEQ:RNASEQ:BEDTOOLS_GENOMECOV (TREATMENT_rhINFa2b_100000_REP1),COMPLETED,0,-,quay.io/biocontainers/bedtools:2.30.0--hc088bd4_0,6,28800000,-,38654705664,1,1715238299037,1715238994000,1715239305000,1005963,308000,-,109.7,2.1,5563801600,6706274304,6362124288,7515639808,5784042706,1182370160,337125,24683322,0,591196160,52020,208627,/input/data/work/cb/854967a968a931108e56dfd35e679d,true,-
498,2717438704,hu-worker-c24,b9/73638f,nf-b973638faecd913b70f19e160f085c67,NFCORE_RNASEQ:RNASEQ:BEDTOOLS_GENOMECOV,TREATMENT_rhINFa2b_10000_REP2,NFCORE_RNASEQ:RNASEQ:BEDTOOLS_GENOMECOV (TREATMENT_rhINFa2b_10000_REP2),COMPLETED,0,-,quay.io/biocontainers/bedtools:2.30.0--hc088bd4_0,6,28800000,-,38654705664,1,1715238313889,1715238971000,1715239298000,984111,325000,-,110.8,2.1,5629026304,6625861632,6424125440,7432237056,6050826430,1231606999,393169,25708116,5144576,615817216,54882,2181,/input/data/work/b9/73638faecd913b70f19e160f085c67,true,-
447,2516485423,hu-worker-c27,e6/bc4ce7,nf-e6bc4ce7ed2b8ac3dc8f9713419c4f80,NFCORE_RNASEQ:RNASEQ:BEDTOOLS_GENOMECOV,TREATMENT_rhIFNb_10000_REP3,NFCORE_RNASEQ:RNASEQ:BEDTOOLS_GENOMECOV (TREATMENT_rhIFNb_10000_REP3),COMPLETED,0,-,quay.io/biocontainers/bedtools:2.30.0--hc088bd4_0,6,28800000,-,38654705664,1,1715238264041,1715239008000,1715239321000,1056959,312000,-,109.8,2.0,5254352896,6448320512,6054481920,7254695936,5594968134,1123702911,308392,23448311,5148672,561864704,47883,135560,/input/data/work/e6/bc4ce7ed2b8ac3dc8f9713419c4f80,true,-
456,2453987398,hu-worker-c34,07/5ff282,nf-075ff282af96392c4baddc42c5da1a36,NFCORE_RNASEQ:RNASEQ:BEDTOOLS_GENOMECOV,TREATMENT_mIFNa11_1000_REP2,NFCORE_RNASEQ:RNASEQ:BEDTOOLS_GENOMECOV (TREATMENT_mIFNa11_1000_REP2),COMPLETED,0,-,quay.io/biocontainers/bedtools:2.30.0--hc088bd4_0,6,28800000,-,38654705664,1,1715238274196,1715239039000,1715239320000,1045804,280000,-,111.0,2.1,5459763200,6618578944,6211362816,7370424320,5486514907,1156789874,321247,24160794,0,578404352,48715,1058,/input/data/work/07/5ff282af96392c4baddc42c5da1a36,true,-
797,1806451163,hu-worker-c35,fe/2ee7e2,nf-fe2ee7e21c9a609aa9980436203cf450,NFCORE_RNASEQ:RNASEQ:BAM_MARKDUPLICATES_PICARD:SAMTOOLS_INDEX,TREATMENT_rhIFNa2b_100_REP3,NFCORE_RNASEQ:RNASEQ:BAM_MARKDUPLICATES_PICARD:SAMTOOLS_INDEX (TREATMENT_rhIFNa2b_100_REP3),COMPLETED,0,-,quay.io/biocontainers/samtools:1.17--h00cdaf9_0,2,14400000,-,12884901888,1,1715239309698,1715239310000,1715239325000,15302,15000,-,161.5,0.0,18669568,176332800,18669568,231661568,1806579139,2402796,55358,604,8429568,2408448,107041,65,/input/data/work/fe/2ee7e21c9a609aa9980436203cf450,true,-
438,2288558825,hu-worker-c35,58/b87802,nf-58b87802b5a287027da9d0d16bc3436b,NFCORE_RNASEQ:RNASEQ:BEDTOOLS_GENOMECOV,TREATMENT_rhIFNb_100_REP1,NFCORE_RNASEQ:RNASEQ:BEDTOOLS_GENOMECOV (TREATMENT_rhIFNb_100_REP1),COMPLETED,0,-,quay.io/biocontainers/bedtools:2.30.0--hc088bd4_0,6,28800000,-,38654705664,1,1715238259293,1715239086000,1715239362000,1102707,275000,-,111.3,2.0,5272215552,6481723392,6072225792,7288098816,5140852107,1127178552,305738,23582153,5148672,563601408,46772,1120,/input/data/work/58/b87802b5a287027da9d0d16bc3436b,true,-
542,2253863916,hu-worker-c24,63/67c359,nf-6367c3593b8aa58aa9f0fea11f187de8,NFCORE_RNASEQ:RNASEQ:BEDTOOLS_GENOMECOV,TREATMENT_rhIFNb_100_REP3,NFCORE_RNASEQ:RNASEQ:BEDTOOLS_GENOMECOV (TREATMENT_rhIFNb_100_REP3),COMPLETED,0,-,quay.io/biocontainers/bedtools:2.30.0--hc088bd4_0,6,28800000,-,38654705664,1,1715238369224,1715239087000,1715239366000,996776,277000,-,111.4,1.7,4569862144,5820080128,6130257920,7393628160,5065111546,1114476453,299804,23313476,0,557252608,48652,1510,/input/data/work/63/67c3593b8aa58aa9f0fea11f187de8,true,-
451,2301681207,hu-worker-c27,78/c0fab4,nf-78c0fab4b2a42764951ac79820cc7cc9,NFCORE_RNASEQ:RNASEQ:BEDTOOLS_GENOMECOV,TREATMENT_rhIFNb_10000_REP2,NFCORE_RNASEQ:RNASEQ:BEDTOOLS_GENOMECOV (TREATMENT_rhIFNb_10000_REP2),COMPLETED,0,-,quay.io/biocontainers/bedtools:2.30.0--hc088bd4_0,6,28800000,-,38654705664,1,1715238269152,1715239078000,1715239369000,1099848,290000,-,110.8,1.9,5071429632,6377697280,5974749184,7330050048,5139955609,1072894745,342211,22407868,0,536457216,47568,3133,/input/data/work/78/c0fab4b2a42764951ac79820cc7cc9,true,-
518,2288599396,hu-worker-c28,5a/d8cd95,nf-5ad8cd954a0eb98e29f978be3090dbc5,NFCORE_RNASEQ:RNASEQ:BEDTOOLS_GENOMECOV,TREATMENT_mIFNa11_1000_REP3,NFCORE_RNASEQ:RNASEQ:BEDTOOLS_GENOMECOV (TREATMENT_mIFNa11_1000_REP3),COMPLETED,0,-,quay.io/biocontainers/bedtools:2.30.0--hc088bd4_0,6,28800000,-,38654705664,1,1715238349007,1715239084000,1715239369000,1019993,283000,-,111.3,2.0,5293588480,6569955328,6087974912,7376330752,5130332936,1105976619,297712,23116870,5013504,553000960,48874,1551,/input/data/work/5a/d8cd954a0eb98e29f978be3090dbc5,true,-
787,2731468660,hu-worker-c27,06/fc63e0,nf-06fc63e0c8f9e9c6e1d4f8a8cfb5b12f,NFCORE_RNASEQ:RNASEQ:DUPRADAR,TREATMENT_rhIFNa2b_100_REP1,NFCORE_RNASEQ:RNASEQ:DUPRADAR (TREATMENT_rhIFNa2b_100_REP1),COMPLETED,0,-,quay.io/biocontainers/bioconductor-dupradar:1.28.0--r42hdfd78af_0,1,72000000,-,6442450944,1,1715239217311,1715239218000,1715239443000,225689,225000,-,106.2,0.2,442048512,4826112000,442232832,4936032256,11110512332,163123875,1373421,39636,163840,163192832,5516,31,/input/data/work/06/fc63e0c8f9e9c6e1d4f8a8cfb5b12f,true,-
525,2224182333,hu-worker-c42,d4/852935,nf-d4852935af30acf74eb5a0a591411158,NFCORE_RNASEQ:RNASEQ:BEDTOOLS_GENOMECOV,TREATMENT_rhINFa2b_100000_REP3,NFCORE_RNASEQ:RNASEQ:BEDTOOLS_GENOMECOV (TREATMENT_rhINFa2b_100000_REP3),COMPLETED,0,-,quay.io/biocontainers/bedtools:2.30.0--hc088bd4_0,6,28800000,-,38654705664,1,1715238359052,1715239189000,1715239451000,1091948,261000,-,111.0,1.8,4753670144,6544244736,6025183232,7350620160,4991142142,1085264388,297432,22699263,0,542642176,47417,1081,/input/data/work/d4/852935af30acf74eb5a0a591411158,true,-
530,2230816281,hu-worker-c35,0f/2f185e,nf-0f2f185ef2cf21681167b594e702720f,NFCORE_RNASEQ:RNASEQ:BEDTOOLS_GENOMECOV,TREATMENT_mIFNa11_1000_REP1,NFCORE_RNASEQ:RNASEQ:BEDTOOLS_GENOMECOV (TREATMENT_mIFNa11_1000_REP1),COMPLETED,0,-,quay.io/biocontainers/bedtools:2.30.0--hc088bd4_0,6,28800000,-,38654705664,1,1715238365141,1715239188000,1715239459000,1093859,270000,-,111.2,2.0,5169795072,6414159872,5970640896,7220535296,5012037827,1100520166,322859,23012439,0,550268928,46251,1360,/input/data/work/0f/2f185ef2cf21681167b594e702720f,true,-
536,2245169285,hu-worker-c41,59/2b21ef,nf-592b21ef82bacd0b276b8399261d91e6,NFCORE_RNASEQ:RNASEQ:BEDTOOLS_GENOMECOV,TREATMENT_rhIFNb_1000_REP2,NFCORE_RNASEQ:RNASEQ:BEDTOOLS_GENOMECOV (TREATMENT_rhIFNb_1000_REP2),COMPLETED,0,-,quay.io/biocontainers/bedtools:2.30.0--hc088bd4_0,6,28800000,-,38654705664,1,1715238369033,1715239179000,1715239463000,1093967,282000,-,111.0,1.9,5109968896,6390968320,5914013696,7197343744,5030960277,1080952778,287662,22604240,4980736,540487680,46259,1383,/input/data/work/59/2b21ef82bacd0b276b8399261d91e6,true,-
582,2149034888,hu-worker-c25,6a/f0a378,nf-6af0a37859a233fac85bd19ce6ed0ab0,NFCORE_RNASEQ:RNASEQ:BEDTOOLS_GENOMECOV,TREATMENT_mIFNa11_10000_REP1,NFCORE_RNASEQ:RNASEQ:BEDTOOLS_GENOMECOV (TREATMENT_mIFNa11_10000_REP1),COMPLETED,0,-,quay.io/biocontainers/bedtools:2.30.0--hc088bd4_0,6,28800000,-,38654705664,1,1715238501999,1715239197000,1715239467000,965001,268000,-,110.9,1.6,4325429248,5613019136,5890555904,7186567168,4821668104,1046904971,279857,21895591,4886528,523464704,45056,1453,/input/data/work/6a/f0a37859a233fac85bd19ce6ed0ab0,true,-
634,2013073839,hu-worker-c25,47/4d4b4a,nf-474d4b4a23850bae94d87c1d77659ad5,NFCORE_RNASEQ:RNASEQ:BEDTOOLS_GENOMECOV,TREATMENT_mIFNa11_100_REP2,NFCORE_RNASEQ:RNASEQ:BEDTOOLS_GENOMECOV (TREATMENT_mIFNa11_100_REP2),COMPLETED,0,-,quay.io/biocontainers/bedtools:2.30.0--hc088bd4_0,6,28800000,-,38654705664,1,1715238751858,1715239220000,1715239475000,723142,253000,-,111.7,1.6,4235300864,5368438784,5833277440,6945046528,4541560878,1030534743,274717,21570763,0,515276800,44272,1334,/input/data/work/47/4d4b4a23850bae94d87c1d77659ad5,true,-
593,2145163114,hu-worker-c34,26/2ab523,nf-262ab5237b81ac54dd2215208825b1ec,NFCORE_RNASEQ:RNASEQ:BEDTOOLS_GENOMECOV,TREATMENT_rhIFNb_1000_REP3,NFCORE_RNASEQ:RNASEQ:BEDTOOLS_GENOMECOV (TREATMENT_rhIFNb_1000_REP3),COMPLETED,0,-,quay.io/biocontainers/bedtools:2.30.0--hc088bd4_0,6,28800000,-,38654705664,1,1715238525934,1715239211000,1715239477000,951066,265000,-,111.4,1.9,4970024960,6116573184,5775626240,6922948608,4810755468,1040568142,336890,21758606,0,520294400,48254,1139,/input/data/work/26/2ab5237b81ac54dd2215208825b1ec,true,-
608,2113760786,hu-worker-c41,fd/9c2409,nf-fd9c2409a3881221fbb32dc7cd878914,NFCORE_RNASEQ:RNASEQ:BEDTOOLS_GENOMECOV,TREATMENT_rhIFNa2b_1000_REP3,NFCORE_RNASEQ:RNASEQ:BEDTOOLS_GENOMECOV (TREATMENT_rhIFNa2b_1000_REP3),COMPLETED,0,-,quay.io/biocontainers/bedtools:2.30.0--hc088bd4_0,6,28800000,-,38654705664,1,1715238563060,1715239217000,1715239484000,920940,266000,-,111.3,1.9,5059268608,6370295808,5862039552,7176671232,4760525787,1065717792,294225,22300548,0,532869120,45242,1293,/input/data/work/fd/9c2409a3881221fbb32dc7cd878914,true,-
623,2085011295,hu-worker-c28,02/56f13b,nf-0256f13b1ecde6dd27dd93a5d1b5cbc8,NFCORE_RNASEQ:RNASEQ:BEDTOOLS_GENOMECOV,TREATMENT_rhINFa2b_10000_REP1,NFCORE_RNASEQ:RNASEQ:BEDTOOLS_GENOMECOV (TREATMENT_rhINFa2b_10000_REP1),COMPLETED,0,-,quay.io/biocontainers/bedtools:2.30.0--hc088bd4_0,6,28800000,-,38654705664,1,1715238616814,1715239218000,1715239481000,864186,261000,-,111.7,1.6,4379152384,5743591424,5943070720,7317139456,4700380607,1060424368,297656,22222228,0,530223104,44958,932,/input/data/work/02/56f13b1ecde6dd27dd93a5d1b5cbc8,true,-
806,1370597452,hu-worker-c25,99/ef1bed,nf-99ef1bed7e5aa24983c5a04e15951140,NFCORE_RNASEQ:RNASEQ:QUANTIFY_STAR_SALMON:SALMON_TX2GENE,genes.gtf,NFCORE_RNASEQ:RNASEQ:QUANTIFY_STAR_SALMON:SALMON_TX2GENE (genes.gtf),COMPLETED,0,-,quay.io/biocontainers/python:3.9--1,2,14400000,-,12884901888,1,1715239475928,1715239476000,1715239510000,34072,33000,-,99.6,2.8,7630741504,7637438464,7630741504,7637442560,916953175,8515477,112127,1061,11309056,8523776,287,329,/input/data/work/99/ef1bed7e5aa24983c5a04e15951140,true,-
809,1804147553,hu-worker-c24,08/9a26ad,nf-089a26adeb1186ddad1c88a1a3a1cc3e,NFCORE_RNASEQ:RNASEQ:BAM_MARKDUPLICATES_PICARD:SAMTOOLS_INDEX,CONTROL_REP3,NFCORE_RNASEQ:RNASEQ:BAM_MARKDUPLICATES_PICARD:SAMTOOLS_INDEX (CONTROL_REP3),COMPLETED,0,-,quay.io/biocontainers/samtools:1.17--h00cdaf9_0,2,14400000,-,12884901888,1,1715239492102,1715239493000,1715239509000,16898,16000,-,165.8,0.0,22376448,179625984,22376448,231661568,1804276165,2382561,55289,599,4194304,2387968,144456,89,/input/data/work/08/9a26adeb1186ddad1c88a1a3a1cc3e,true,-
500,3633532864,hu-worker-c28,f6/876895,nf-f68768957fa992a5ccd975ffd241a3af,NFCORE_RNASEQ:RNASEQ:SUBREAD_FEATURECOUNTS,TREATMENT_rhINFa2b_10000_REP2,NFCORE_RNASEQ:RNASEQ:SUBREAD_FEATURECOUNTS (TREATMENT_rhINFa2b_10000_REP2),COMPLETED,0,-,quay.io/biocontainers/subread:2.0.1--hed695b0_0,6,28800000,-,38654705664,1,1715238313919,1715239484000,1715239514000,1200081,28000,-,329.0,0.1,403832832,978399232,412217344,1045512192,3995532074,261149813,79298,56296,897024,261193728,18,54,/input/data/work/f6/8768957fa992a5ccd975ffd241a3af,true,-
480,3512450332,hu-worker-c41,9e/89816f,nf-9e89816fbf9c532594a9ee93f02d1eeb,NFCORE_RNASEQ:RNASEQ:SUBREAD_FEATURECOUNTS,TREATMENT_rhINFa2b_100000_REP1,NFCORE_RNASEQ:RNASEQ:SUBREAD_FEATURECOUNTS (TREATMENT_rhINFa2b_100000_REP1),COMPLETED,0,-,quay.io/biocontainers/subread:2.0.1--hed695b0_0,6,28800000,-,38654705664,1,1715238299188,1715239487000,1715239517000,1217812,29000,-,319.9,0.1,403972096,978407424,408698880,1045520384,3881846029,274769004,81960,59619,897024,274804736,239,323,/input/data/work/9e/89816fbf9c532594a9ee93f02d1eeb,true,-
639,1996762154,hu-worker-c24,68/082319,nf-6808231961d19226f778999edc959e6d,NFCORE_RNASEQ:RNASEQ:BEDTOOLS_GENOMECOV,TREATMENT_rhIFNb_100000_REP1,NFCORE_RNASEQ:RNASEQ:BEDTOOLS_GENOMECOV (TREATMENT_rhIFNb_100000_REP1),COMPLETED,0,-,quay.io/biocontainers/bedtools:2.30.0--hc088bd4_0,6,28800000,-,38654705664,1,1715238766972,1715239301000,1715239543000,776028,241000,-,111.3,1.5,3844571136,4723580928,5439750144,6320488448,4486216272,985092919,261133,20608758,4194304,492556288,40082,698,/input/data/work/68/08231961d19226f778999edc959e6d,true,-
658,1981607452,hu-worker-c42,ae/117fea,nf-ae117fea12714609b7cfdb382de44810,NFCORE_RNASEQ:RNASEQ:BEDTOOLS_GENOMECOV,TREATMENT_rhIFNb_1000_REP1,NFCORE_RNASEQ:RNASEQ:BEDTOOLS_GENOMECOV (TREATMENT_rhIFNb_1000_REP1),COMPLETED,0,-,quay.io/biocontainers/bedtools:2.30.0--hc088bd4_0,6,28800000,-,38654705664,1,1715238797527,1715239307000,1715239541000,743473,233000,-,111.3,1.9,4958556160,5870030848,5710168064,6621876224,4462226682,997733040,261285,20892269,0,498876416,40281,952,/input/data/work/ae/117fea12714609b7cfdb382de44810,true,-
796,2722545323,hu-worker-c35,2f/4de4bd,nf-2f4de4bd66f3f61e9cf2ed2c5b8ab5e1,NFCORE_RNASEQ:RNASEQ:DUPRADAR,TREATMENT_rhIFNa2b_100_REP3,NFCORE_RNASEQ:RNASEQ:DUPRADAR (TREATMENT_rhIFNa2b_100_REP3),COMPLETED,0,-,quay.io/biocontainers/bioconductor-dupradar:1.28.0--r42hdfd78af_0,1,72000000,-,6442450944,1,1715239333614,1715239334000,1715239552000,218386,218000,-,106.0,0.2,444190720,4826107904,444190720,4936028160,11252913643,309596923,1412533,75394,8396800,309661696,5295,25,/input/data/work/2f/4de4bd66f3f61e9cf2ed2c5b8ab5e1,true,-
448,3432579583,hu-worker-c41,9d/4db360,nf-9d4db360072c9c337858d6357599b5c5,NFCORE_RNASEQ:RNASEQ:SUBREAD_FEATURECOUNTS,TREATMENT_rhIFNb_10000_REP3,NFCORE_RNASEQ:RNASEQ:SUBREAD_FEATURECOUNTS (TREATMENT_rhIFNb_10000_REP3),COMPLETED,0,-,quay.io/biocontainers/subread:2.0.1--hed695b0_0,6,28800000,-,38654705664,1,1715238264016,1715239520000,1715239551000,1286984,30000,-,316.4,0.1,374939648,978399232,375746560,1045512192,3803391872,264871926,81312,57206,0,264921088,7,182,/input/data/work/9d/4db360072c9c337858d6357599b5c5,true,-
671,1941387112,hu-worker-c27,fe/f4aae2,nf-fef4aae22e16b79c45b0fcf47a7b2bc6,NFCORE_RNASEQ:RNASEQ:BEDTOOLS_GENOMECOV,TREATMENT_mIFNa11_10000_REP2,NFCORE_RNASEQ:RNASEQ:BEDTOOLS_GENOMECOV (TREATMENT_mIFNa11_10000_REP2),COMPLETED,0,-,quay.io/biocontainers/bedtools:2.30.0--hc088bd4_0,6,28800000,-,38654705664,1,1715238823219,1715239324000,1715239563000,739781,238000,-,111.7,1.8,4843560960,5739511808,5595160576,6491357184,4374015652,982191199,267709,20574421,4194304,491106304,42306,1187,/input/data/work/fe/f4aae22e16b79c45b0fcf47a7b2bc6,true,-
683,1948890304,hu-worker-c34,05/d43066,nf-05d43066fb0c399b6b5cb4ee0f52da89,NFCORE_RNASEQ:RNASEQ:BEDTOOLS_GENOMECOV,TREATMENT_rhIFNa2b_1000_REP1,NFCORE_RNASEQ:RNASEQ:BEDTOOLS_GENOMECOV (TREATMENT_rhIFNa2b_1000_REP1),COMPLETED,0,-,quay.io/biocontainers/bedtools:2.30.0--hc088bd4_0,6,28800000,-,38654705664,1,1715238842073,1715239323000,1715239562000,719927,238000,-,111.7,1.8,4891021312,5975207936,5794902016,6929170432,4407070687,1018289798,272258,21336987,0,509157376,43155,915,/input/data/work/05/d43066fb0c399b6b5cb4ee0f52da89,true,-
454,3217775367,hu-worker-c24,9c/b8ed85,nf-9cb8ed85b9e6ad6782d90f43d8d63fe3,NFCORE_RNASEQ:RNASEQ:SUBREAD_FEATURECOUNTS,TREATMENT_rhIFNb_10000_REP2,NFCORE_RNASEQ:RNASEQ:SUBREAD_FEATURECOUNTS (TREATMENT_rhIFNb_10000_REP2),COMPLETED,0,-,quay.io/biocontainers/subread:2.0.1--hed695b0_0,6,28800000,-,38654705664,1,1715238269078,1715239546000,1715239575000,1305922,28000,-,310.7,0.1,381632512,978407424,383754240,1045516288,3583353514,268402075,80199,58066,897024,268443648,17,68,/input/data/work/9c/b8ed85b9e6ad6782d90f43d8d63fe3,true,-
460,3370081558,hu-worker-c42,79/b110db,nf-79b110db008126432d6e4b19ce604f76,NFCORE_RNASEQ:RNASEQ:SUBREAD_FEATURECOUNTS,TREATMENT_mIFNa11_1000_REP2,NFCORE_RNASEQ:RNASEQ:SUBREAD_FEATURECOUNTS (TREATMENT_mIFNa11_1000_REP2),COMPLETED,0,-,quay.io/biocontainers/subread:2.0.1--hed695b0_0,6,28800000,-,38654705664,1,1715238274038,1715239544000,1715239572000,1297962,27000,-,317.9,0.1,388833280,978403328,392097792,1045516288,3699526385,246065671,72120,52613,0,246108160,10,76,/input/data/work/79/b110db008126432d6e4b19ce604f76,true,-
520,3204693556,hu-worker-c41,50/b1bf2c,nf-50b1bf2cd50d1baaeb8aa8073e0955db,NFCORE_RNASEQ:RNASEQ:SUBREAD_FEATURECOUNTS,TREATMENT_mIFNa11_1000_REP3,NFCORE_RNASEQ:RNASEQ:SUBREAD_FEATURECOUNTS (TREATMENT_mIFNa11_1000_REP3),COMPLETED,0,-,quay.io/biocontainers/subread:2.0.1--hed695b0_0,6,28800000,-,38654705664,1,1715238349085,1715239553000,1715239582000,1232915,28000,-,299.7,0.1,384253952,978407424,385925120,1045520384,3547013873,253334418,74640,54388,0,253378560,10,310,/input/data/work/50/b1bf2cd50d1baaeb8aa8073e0955db,true,-
442,3204652985,hu-worker-c34,3a/73032f,nf-3a73032f7fe3851beba2d5d987b7abed,NFCORE_RNASEQ:RNASEQ:SUBREAD_FEATURECOUNTS,TREATMENT_rhIFNb_100_REP1,NFCORE_RNASEQ:RNASEQ:SUBREAD_FEATURECOUNTS (TREATMENT_rhIFNb_100_REP1),COMPLETED,0,-,quay.io/biocontainers/subread:2.0.1--hed695b0_0,6,28800000,-,38654705664,1,1715238259333,1715239565000,1715239592000,1332667,26000,-,305.1,0.1,370356224,978456576,370843648,1045516288,3509138640,221002605,65412,46493,0,221040640,12,73,/input/data/work/3a/73032f7fe3851beba2d5d987b7abed,true,-
538,3161263445,hu-worker-c42,bc/e17faa,nf-bce17faa9e1ee9a14519448e6ca9f4ca,NFCORE_RNASEQ:RNASEQ:SUBREAD_FEATURECOUNTS,TREATMENT_rhIFNb_1000_REP2,NFCORE_RNASEQ:RNASEQ:SUBREAD_FEATURECOUNTS (TREATMENT_rhIFNb_1000_REP2),COMPLETED,0,-,quay.io/biocontainers/subread:2.0.1--hed695b0_0,6,28800000,-,38654705664,1,1715238369072,1715239575000,1715239604000,1234928,28000,-,302.0,0.1,364089344,978411520,365936640,1045520384,3445601716,207152393,60835,43112,0,207192064,13,35,/input/data/work/bc/e17faa9e1ee9a14519448e6ca9f4ca,true,-
544,3169958076,hu-worker-c27,5b/a5a7b2,nf-5ba5a7b20b024b6abf95362b5d146466,NFCORE_RNASEQ:RNASEQ:SUBREAD_FEATURECOUNTS,TREATMENT_rhIFNb_100_REP3,NFCORE_RNASEQ:RNASEQ:SUBREAD_FEATURECOUNTS (TREATMENT_rhIFNb_100_REP3),COMPLETED,0,-,quay.io/biocontainers/subread:2.0.1--hed695b0_0,6,28800000,-,38654705664,1,1715238369348,1715239566000,1715239593000,1223652,26000,-,307.1,0.1,370454528,978407424,371949568,1045516288,3435666753,192759877,56211,39597,1036288,192794624,21,74,/input/data/work/5b/a5a7b20b024b6abf95362b5d146466,true,-
678,1918442697,hu-worker-c35,00/cf57d3,nf-00cf57d38eed99f800d151e6cfef9b1a,NFCORE_RNASEQ:RNASEQ:BEDTOOLS_GENOMECOV,TREATMENT_rhINFa2b_100000_REP2,NFCORE_RNASEQ:RNASEQ:BEDTOOLS_GENOMECOV (TREATMENT_rhINFa2b_100000_REP2),COMPLETED,0,-,quay.io/biocontainers/bedtools:2.30.0--hc088bd4_0,6,28800000,-,38654705664,1,1715238823502,1715239365000,1715239606000,782498,239000,-,111.4,1.8,4818247680,5735874560,5569925120,6487719936,4326011385,977961582,266354,20481398,0,488992768,40892,913,/input/data/work/00/cf57d38eed99f800d151e6cfef9b1a,true,-
704,1914940682,hu-worker-c24,1c/dcc686,nf-1cdcc686da1467fbad357688d80361a2,NFCORE_RNASEQ:RNASEQ:BEDTOOLS_GENOMECOV,TREATMENT_mIFNa11_100_REP1,NFCORE_RNASEQ:RNASEQ:BEDTOOLS_GENOMECOV (TREATMENT_mIFNa11_100_REP1),COMPLETED,0,-,quay.io/biocontainers/bedtools:2.30.0--hc088bd4_0,6,28800000,-,38654705664,1,1715238867238,1715239368000,1715239606000,738762,237000,-,112.0,1.5,3913502720,5061414912,5741641728,6634962944,4331827848,1003601983,257037,21025831,0,501813248,42715,1295,/input/data/work/1c/dcc686da1467fbad357688d80361a2,true,-
532,3146910441,hu-worker-c41,f2/1d6b62,nf-f21d6b62202b74ab364d5200aa1e255d,NFCORE_RNASEQ:RNASEQ:SUBREAD_FEATURECOUNTS,TREATMENT_mIFNa11_1000_REP1,NFCORE_RNASEQ:RNASEQ:SUBREAD_FEATURECOUNTS (TREATMENT_mIFNa11_1000_REP1),COMPLETED,0,-,quay.io/biocontainers/subread:2.0.1--hed695b0_0,6,28800000,-,38654705664,1,1715238365109,1715239584000,1715239613000,1247891,27000,-,293.3,0.1,370655232,978403328,372314112,1045516288,3428921402,196435414,59668,40496,0,196476928,10,87,/input/data/work/f2/1d6b62202b74ab364d5200aa1e255d,true,-
716,1906401400,hu-worker-c28,07/1b5986,nf-071b5986c03f08ef3edc7707b06d533d,NFCORE_RNASEQ:RNASEQ:BEDTOOLS_GENOMECOV,TREATMENT_rhIFNb_100_REP2,NFCORE_RNASEQ:RNASEQ:BEDTOOLS_GENOMECOV (TREATMENT_rhIFNb_100_REP2),COMPLETED,0,-,quay.io/biocontainers/bedtools:2.30.0--hc088bd4_0,6,28800000,-,38654705664,1,1715238877174,1715239371000,1715239614000,736826,241000,-,112.2,1.8,4824530944,5676642304,5576200192,6428487680,4311432455,996967694,258392,20892856,0,498495488,41274,976,/input/data/work/07/1b5986c03f08ef3edc7707b06d533d,true,-
738,1897914845,hu-worker-c27,06/7e2f07,nf-067e2f073038a04ecd88764d3d08deae,NFCORE_RNASEQ:RNASEQ:BEDTOOLS_GENOMECOV,TREATMENT_rhIFNb_10000_REP1,NFCORE_RNASEQ:RNASEQ:BEDTOOLS_GENOMECOV (TREATMENT_rhIFNb_10000_REP1),COMPLETED,0,-,quay.io/biocontainers/bedtools:2.30.0--hc088bd4_0,6,28800000,-,38654705664,1,1715238907197,1715239372000,1715239614000,706803,241000,-,111.6,1.8,4651151360,5607145472,5402824704,6358990848,4271240761,950530497,247083,19899493,0,475275264,38862,515,/input/data/work/06/7e2f073038a04ecd88764d3d08deae,true,-
820,1804156984,hu-worker-c25,c4/8dd75c,nf-c48dd75c99d6bd238c39e275935d421c,NFCORE_RNASEQ:RNASEQ:BAM_MARKDUPLICATES_PICARD:SAMTOOLS_INDEX,CONTROL_REP1,NFCORE_RNASEQ:RNASEQ:BAM_MARKDUPLICATES_PICARD:SAMTOOLS_INDEX (CONTROL_REP1),COMPLETED,0,-,quay.io/biocontainers/samtools:1.17--h00cdaf9_0,2,14400000,-,12884901888,1,1715239606240,1715239607000,1715239623000,16760,16000,-,163.3,0.0,21975040,179363840,21975040,231661568,1804285965,2382569,55290,599,8409088,2387968,142283,75,/input/data/work/c4/8dd75c99d6bd238c39e275935d421c,true,-
830,1041226525,hu-worker-c35,a5/960a9a,nf-a5960a9ae72e63c51f9e348ed9050f8c,NFCORE_RNASEQ:RNASEQ:BAM_MARKDUPLICATES_PICARD:SAMTOOLS_INDEX,TREATMENT_rhIFNb_100000_REP3,NFCORE_RNASEQ:RNASEQ:BAM_MARKDUPLICATES_PICARD:SAMTOOLS_INDEX (TREATMENT_rhIFNb_100000_REP3),COMPLETED,0,-,quay.io/biocontainers/samtools:1.17--h00cdaf9_0,2,14400000,-,12884901888,1,1715239610736,1715239611000,1715239621000,10264,10000,-,157.8,0.0,18079744,175939584,18079744,231661568,1041353634,2107310,32004,532,0,2113536,84253,22,/input/data/work/a5/960a9ae72e63c51f9e348ed9050f8c,true,-
526,3140276493,hu-worker-c34,29/cd5014,nf-29cd5014d8104245c8c8dd5af0ee3731,NFCORE_RNASEQ:RNASEQ:SUBREAD_FEATURECOUNTS,TREATMENT_rhINFa2b_100000_REP3,NFCORE_RNASEQ:RNASEQ:SUBREAD_FEATURECOUNTS (TREATMENT_rhINFa2b_100000_REP3),COMPLETED,0,-,quay.io/biocontainers/subread:2.0.1--hed695b0_0,6,28800000,-,38654705664,1,1715238359016,1715239595000,1715239622000,1262984,26000,-,303.9,0.1,377978880,978452480,378761216,1045516288,3416628421,197998997,58877,40876,0,198033408,13,52,/input/data/work/29/cd5014d8104245c8c8dd5af0ee3731,true,-
585,3065129048,hu-worker-c27,0a/5a489d,nf-0a5a489d40ad98107be4a09e83a0fc1d,NFCORE_RNASEQ:RNASEQ:SUBREAD_FEATURECOUNTS,TREATMENT_mIFNa11_10000_REP1,NFCORE_RNASEQ:RNASEQ:SUBREAD_FEATURECOUNTS (TREATMENT_mIFNa11_10000_REP1),COMPLETED,0,-,quay.io/biocontainers/subread:2.0.1--hed695b0_0,6,28800000,-,38654705664,1,1715238502058,1715239596000,1715239624000,1121942,27000,-,291.6,0.1,336506880,978403328,371638272,1045516288,3350070545,203855124,60877,42306,0,203890688,10,77,/input/data/work/0a/5a489d40ad98107be4a09e83a0fc1d,true,-
598,3061257274,hu-worker-c42,0a/e18371,nf-0ae18371ed74a049145fc0e4d5091842,NFCORE_RNASEQ:RNASEQ:SUBREAD_FEATURECOUNTS,TREATMENT_rhIFNb_1000_REP3,NFCORE_RNASEQ:RNASEQ:SUBREAD_FEATURECOUNTS (TREATMENT_rhIFNb_1000_REP3),COMPLETED,0,-,quay.io/biocontainers/subread:2.0.1--hed695b0_0,6,28800000,-,38654705664,1,1715238525906,1715239606000,1715239632000,1106094,25000,-,307.9,0.1,341229568,978407424,356864000,1045520384,3281973980,155353146,45114,30465,0,155389952,12,31,/input/data/work/0a/e18371ed74a049145fc0e4d5091842,true,-
611,3029854946,hu-worker-c24,2a/9c98dd,nf-2a9c98dd8fcb76f1265ac2063b32628d,NFCORE_RNASEQ:RNASEQ:SUBREAD_FEATURECOUNTS,TREATMENT_rhIFNa2b_1000_REP3,NFCORE_RNASEQ:RNASEQ:SUBREAD_FEATURECOUNTS (TREATMENT_rhIFNa2b_1000_REP3),COMPLETED,0,-,quay.io/biocontainers/subread:2.0.1--hed695b0_0,6,28800000,-,38654705664,1,1715238563168,1715239609000,1715239636000,1072832,26000,-,298.4,0.1,367706112,978399232,380989440,1045512192,3325906261,215591270,62974,45172,0,215629824,15,124,/input/data/work/2a/9c98dd8fcb76f1265ac2063b32628d,true,-
624,3001105455,hu-worker-c41,85/bdb447,nf-85bdb4470401362a7562cd54129d1a15,NFCORE_RNASEQ:RNASEQ:SUBREAD_FEATURECOUNTS,TREATMENT_rhINFa2b_10000_REP1,NFCORE_RNASEQ:RNASEQ:SUBREAD_FEATURECOUNTS (TREATMENT_rhINFa2b_10000_REP1),COMPLETED,0,-,quay.io/biocontainers/subread:2.0.1--hed695b0_0,6,28800000,-,38654705664,1,1715238616744,1715239615000,1715239643000,1026256,27000,-,286.5,0.1,337870848,978403328,369315840,1045516288,3229116202,166233617,47233,33121,0,166268928,12,83,/input/data/work/85/bdb4470401362a7562cd54129d1a15,true,-
637,2929167999,hu-worker-c28,19/bb744e,nf-19bb744eb40b930948b304485ae131eb,NFCORE_RNASEQ:RNASEQ:SUBREAD_FEATURECOUNTS,TREATMENT_mIFNa11_100_REP2,NFCORE_RNASEQ:RNASEQ:SUBREAD_FEATURECOUNTS (TREATMENT_mIFNa11_100_REP2),COMPLETED,0,-,quay.io/biocontainers/subread:2.0.1--hed695b0_0,6,28800000,-,38654705664,1,1715238751904,1715239616000,1715239643000,891096,26000,-,296.3,0.1,318889984,978399232,346071040,1045512192,3108633832,120832091,34489,22035,4194304,120860672,12,78,/input/data/work/19/bb744eb40b930948b304485ae131eb,true,-
643,2912856314,hu-worker-c27,b0/73404d,nf-b073404dca609ec128acb22884ac06d8,NFCORE_RNASEQ:RNASEQ:SUBREAD_FEATURECOUNTS,TREATMENT_rhIFNb_100000_REP1,NFCORE_RNASEQ:RNASEQ:SUBREAD_FEATURECOUNTS (TREATMENT_rhIFNb_100000_REP1),COMPLETED,0,-,quay.io/biocontainers/subread:2.0.1--hed695b0_0,6,28800000,-,38654705664,1,1715238767111,1715239617000,1715239645000,877889,27000,-,283.8,0.1,338247680,978403328,377016320,1045516288,3192891889,205041502,59952,42597,0,205082624,12,65,/input/data/work/b0/73404dca609ec128acb22884ac06d8,true,-
663,2897701612,hu-worker-c34,f3/dcab6a,nf-f3dcab6a5715ac2f590f452491e72e35,NFCORE_RNASEQ:RNASEQ:SUBREAD_FEATURECOUNTS,TREATMENT_rhIFNb_1000_REP1,NFCORE_RNASEQ:RNASEQ:SUBREAD_FEATURECOUNTS (TREATMENT_rhIFNb_1000_REP1),COMPLETED,0,-,quay.io/biocontainers/subread:2.0.1--hed695b0_0,6,28800000,-,38654705664,1,1715238797605,1715239624000,1715239649000,851395,24000,-,290.5,0.1,313892864,978403328,344227840,1045516288,3077395847,123908831,35046,22785,0,123932672,14,23,/input/data/work/f3/dcab6a5715ac2f590f452491e72e35,true,-
688,2864984464,hu-worker-c27,cd/7ede58,nf-cd7ede588ad11ea324064b322d6152d3,NFCORE_RNASEQ:RNASEQ:SUBREAD_FEATURECOUNTS,TREATMENT_rhIFNa2b_1000_REP1,NFCORE_RNASEQ:RNASEQ:SUBREAD_FEATURECOUNTS (TREATMENT_rhIFNa2b_1000_REP1),COMPLETED,0,-,quay.io/biocontainers/subread:2.0.1--hed695b0_0,6,28800000,-,38654705664,1,1715238842139,1715239626000,1715239652000,809861,25000,-,285.8,0.1,358674432,978403328,367562752,1045512192,3126760255,192344010,54879,39497,0,192385024,16,81,/input/data/work/cd/7ede588ad11ea324064b322d6152d3,true,-
832,1345537166,hu-worker-c34,69/07ddc0,nf-6907ddc027fab57cc1483f322b603b24,NFCORE_RNASEQ:RNASEQ:BAM_MARKDUPLICATES_PICARD:SAMTOOLS_INDEX,TREATMENT_rhINFa2b_10000_REP3,NFCORE_RNASEQ:RNASEQ:BAM_MARKDUPLICATES_PICARD:SAMTOOLS_INDEX (TREATMENT_rhINFa2b_10000_REP3),COMPLETED,0,-,quay.io/biocontainers/samtools:1.17--h00cdaf9_0,2,14400000,-,12884901888,1,1715239647831,1715239648000,1715239659000,11169,11000,-,157.6,0.0,19775488,177209344,19775488,231661568,1345664803,2244252,41291,565,0,2248704,106734,67,/input/data/work/69/07ddc027fab57cc1483f322b603b24,true,-
676,2857481272,hu-worker-c24,55/21fa20,nf-5521fa20b43836ab0aab9426be5d46fb,NFCORE_RNASEQ:RNASEQ:SUBREAD_FEATURECOUNTS,TREATMENT_mIFNa11_10000_REP2,NFCORE_RNASEQ:RNASEQ:SUBREAD_FEATURECOUNTS (TREATMENT_mIFNa11_10000_REP2),COMPLETED,0,-,quay.io/biocontainers/subread:2.0.1--hed695b0_0,6,28800000,-,38654705664,1,1715238823283,1715239639000,1715239664000,840717,24000,-,287.1,0.1,355246080,978403328,368521216,1045516288,3143450804,203888859,60571,42314,0,203923456,10,57,/input/data/work/55/21fa20b43836ab0aab9426be5d46fb,true,-
682,2834536857,hu-worker-c28,30/199bb2,nf-30199bb26898e15041543d66240e1082,NFCORE_RNASEQ:RNASEQ:SUBREAD_FEATURECOUNTS,TREATMENT_rhINFa2b_100000_REP2,NFCORE_RNASEQ:RNASEQ:SUBREAD_FEATURECOUNTS (TREATMENT_rhINFa2b_100000_REP2),COMPLETED,0,-,quay.io/biocontainers/subread:2.0.1--hed695b0_0,6,28800000,-,38654705664,1,1715238823534,1715239645000,1715239671000,847466,25000,-,289.9,0.1,332746752,978407424,356044800,1045516288,3051817026,154367264,44276,30224,0,154402816,17,42,/input/data/work/30/199bb26898e15041543d66240e1082,true,-
708,2831034842,hu-worker-c41,79/6522fc,nf-796522fc35875440a71695e117aa3c8c,NFCORE_RNASEQ:RNASEQ:SUBREAD_FEATURECOUNTS,TREATMENT_mIFNa11_100_REP1,NFCORE_RNASEQ:RNASEQ:SUBREAD_FEATURECOUNTS (TREATMENT_mIFNa11_100_REP1),COMPLETED,0,-,quay.io/biocontainers/subread:2.0.1--hed695b0_0,6,28800000,-,38654705664,1,1715238867107,1715239645000,1715239671000,803893,24000,-,283.7,0.1,337268736,978399232,375070720,1045512192,3067013076,168427825,48667,33656,0,168460288,12,55,/input/data/work/79/6522fc35875440a71695e117aa3c8c,true,-
721,2822495560,hu-worker-c27,a5/ae0dc7,nf-a5ae0dc700e57e7d7acda5a942a4ad2f,NFCORE_RNASEQ:RNASEQ:SUBREAD_FEATURECOUNTS,TREATMENT_rhIFNb_100_REP2,NFCORE_RNASEQ:RNASEQ:SUBREAD_FEATURECOUNTS (TREATMENT_rhIFNb_100_REP2),COMPLETED,0,-,quay.io/biocontainers/subread:2.0.1--hed695b0_0,6,28800000,-,38654705664,1,1715238877240,1715239647000,1715239673000,795760,25000,-,284.2,0.1,339959808,978399232,355057664,1045512192,3042707248,155757140,44852,30562,0,155787264,12,70,/input/data/work/a5/ae0dc700e57e7d7acda5a942a4ad2f,true,-
842,1804131362,hu-worker-c25,3d/52a07d,nf-3d52a07d720129ca9277b663e2c066ae,NFCORE_RNASEQ:RNASEQ:BAM_MARKDUPLICATES_PICARD:SAMTOOLS_INDEX,CONTROL_REP2,NFCORE_RNASEQ:RNASEQ:BAM_MARKDUPLICATES_PICARD:SAMTOOLS_INDEX (CONTROL_REP2),COMPLETED,0,-,quay.io/biocontainers/samtools:1.17--h00cdaf9_0,2,14400000,-,12884901888,1,1715239652447,1715239653000,1715239670000,17553,17000,-,161.5,0.0,20963328,178483200,20963328,231661568,1804260337,2382593,55293,599,0,2387968,134607,64,/input/data/work/3d/52a07d720129ca9277b663e2c066ae,true,-
741,2814009005,hu-worker-c27,d7/b26a71,nf-d7b26a7120a8e705ab8e0269fb9b57a2,NFCORE_RNASEQ:RNASEQ:SUBREAD_FEATURECOUNTS,TREATMENT_rhIFNb_10000_REP1,NFCORE_RNASEQ:RNASEQ:SUBREAD_FEATURECOUNTS (TREATMENT_rhIFNb_10000_REP1),COMPLETED,0,-,quay.io/biocontainers/subread:2.0.1--hed695b0_0,6,28800000,-,38654705664,1,1715238907284,1715239655000,1715239682000,774716,26000,-,275.6,0.1,336732160,978399232,354947072,1045512192,3074924402,186944050,54814,38179,0,186986496,9,162,/input/data/work/d7/b26a7120a8e705ab8e0269fb9b57a2,true,-
764,1878236867,hu-worker-c42,76/6ceab0,nf-766ceab0cee5ea4892f0e8f8492b9ef7,NFCORE_RNASEQ:RNASEQ:BEDTOOLS_GENOMECOV,TREATMENT_mIFNa11_100000_REP1,NFCORE_RNASEQ:RNASEQ:BEDTOOLS_GENOMECOV (TREATMENT_mIFNa11_100000_REP1),COMPLETED,0,-,quay.io/biocontainers/bedtools:2.30.0--hc088bd4_0,6,28800000,-,38654705664,1,1715239009552,1715239454000,1715239684000,674448,228000,-,111.7,1.8,4688146432,5622300672,5439750144,6374146048,4235687784,958137548,255423,20062511,0,479084544,39310,2609,/input/data/work/76/6ceab0cee5ea4892f0e8f8492b9ef7,true,-
755,1850456286,hu-worker-c35,1d/6dab69,nf-1d6dab69676ca794dbc6668772f257af,NFCORE_RNASEQ:RNASEQ:BEDTOOLS_GENOMECOV,TREATMENT_rhIFNa2b_1000_REP2,NFCORE_RNASEQ:RNASEQ:BEDTOOLS_GENOMECOV (TREATMENT_rhIFNa2b_1000_REP2),COMPLETED,0,-,quay.io/biocontainers/bedtools:2.30.0--hc088bd4_0,6,28800000,-,38654705664,1,1715238950963,1715239461000,1715239696000,745037,233000,-,111.7,1.8,4737519616,5641744384,5489111040,6393589760,4187158515,972201512,277554,20372801,0,486113280,40118,843,/input/data/work/1d/6dab69676ca794dbc6668772f257af,true,-
766,2794331027,hu-worker-c24,d0/bf5da7,nf-d0bf5da7ae4c0b09e16c2109cac73d93,NFCORE_RNASEQ:RNASEQ:SUBREAD_FEATURECOUNTS,TREATMENT_mIFNa11_100000_REP1,NFCORE_RNASEQ:RNASEQ:SUBREAD_FEATURECOUNTS (TREATMENT_mIFNa11_100000_REP1),COMPLETED,0,-,quay.io/biocontainers/subread:2.0.1--hed695b0_0,6,28800000,-,38654705664,1,1715239017111,1715239667000,1715239693000,675889,25000,-,280.6,0.1,320176128,978399232,339263488,1045512192,3029168201,169491566,48125,33917,0,169529344,11,36,/input/data/work/d0/bf5da7ae4c0b09e16c2109cac73d93,true,-
846,1645349347,hu-worker-c25,2a/74e6e7,nf-2a74e6e74ccf339cd59fc889743d742c,NFCORE_RNASEQ:RNASEQ:BAM_MARKDUPLICATES_PICARD:SAMTOOLS_INDEX,TREATMENT_mIFNa11_100_REP3,NFCORE_RNASEQ:RNASEQ:BAM_MARKDUPLICATES_PICARD:SAMTOOLS_INDEX (TREATMENT_mIFNa11_100_REP3),COMPLETED,0,-,quay.io/biocontainers/samtools:1.17--h00cdaf9_0,2,14400000,-,12884901888,1,1715239675990,1715239676000,1715239692000,16010,15000,-,162.1,0.0,21811200,179228672,21811200,231661568,1645477166,2325159,50440,585,0,2330624,138455,72,/input/data/work/2a/74e6e74ccf339cd59fc889743d742c,true,-
753,1835342789,hu-worker-c41,9f/1336ff,nf-9f1336ffbd56c503721613503d8d7319,NFCORE_RNASEQ:RNASEQ:BEDTOOLS_GENOMECOV,TREATMENT_mIFNa11_10000_REP3,NFCORE_RNASEQ:RNASEQ:BEDTOOLS_GENOMECOV (TREATMENT_mIFNa11_10000_REP3),COMPLETED,0,-,quay.io/biocontainers/bedtools:2.30.0--hc088bd4_0,6,28800000,-,38654705664,1,1715238950778,1715239466000,1715239703000,752222,235000,-,111.7,1.8,4642435072,5603545088,5394018304,6355390464,4143495478,945329166,249814,19805290,0,472678400,38495,5026,/input/data/work/9f/1336ffbd56c503721613503d8d7319,true,-
754,2751436949,hu-worker-c41,04/e3a3da,nf-04e3a3da512798325ff0ab6c82d1fb46,NFCORE_RNASEQ:RNASEQ:SUBREAD_FEATURECOUNTS,TREATMENT_mIFNa11_10000_REP3,NFCORE_RNASEQ:RNASEQ:SUBREAD_FEATURECOUNTS (TREATMENT_mIFNa11_10000_REP3),COMPLETED,0,-,quay.io/biocontainers/subread:2.0.1--hed695b0_0,6,28800000,-,38654705664,1,1715238950904,1715239674000,1715239700000,749096,24000,-,274.5,0.1,333021184,978399232,360415232,1045512192,2970812360,156470903,44572,30736,0,156499968,11,47,/input/data/work/04/e3a3da512798325ff0ab6c82d1fb46,true,-
760,2766550446,hu-worker-c28,06/fe0865,nf-06fe08655cf442df568bf67b14137bfe,NFCORE_RNASEQ:RNASEQ:SUBREAD_FEATURECOUNTS,TREATMENT_rhIFNa2b_1000_REP2,NFCORE_RNASEQ:RNASEQ:SUBREAD_FEATURECOUNTS (TREATMENT_rhIFNa2b_1000_REP2),COMPLETED,0,-,quay.io/biocontainers/subread:2.0.1--hed695b0_0,6,28800000,-,38654705664,1,1715238961098,1715239673000,1715239699000,737902,25000,-,279.4,0.1,335294464,978403328,354459648,1045516288,3004717703,173931538,49572,35000,0,173965312,12,249,/input/data/work/06/fe08655cf442df568bf67b14137bfe,true,-
772,2749216559,hu-worker-c27,4d/fdb91b,nf-4dfdb91b8e27eb695729b868eadeeaa6,NFCORE_RNASEQ:RNASEQ:SUBREAD_FEATURECOUNTS,TREATMENT_rhIFNa2b_100_REP2,NFCORE_RNASEQ:RNASEQ:SUBREAD_FEATURECOUNTS (TREATMENT_rhIFNa2b_100_REP2),COMPLETED,0,-,quay.io/biocontainers/subread:2.0.1--hed695b0_0,6,28800000,-,38654705664,1,1715239084262,1715239675000,1715239701000,616738,25000,-,281.4,0.1,340205568,978403328,361766912,1045516288,2973796675,162698188,46385,32258,0,162734080,11,143,/input/data/work/4d/fdb91b8e27eb695729b868eadeeaa6,true,-
792,2731468660,hu-worker-c42,75/0ec874,nf-750ec8742621544ed67bc0c157d5645b,NFCORE_RNASEQ:RNASEQ:SUBREAD_FEATURECOUNTS,TREATMENT_rhIFNa2b_100_REP1,NFCORE_RNASEQ:RNASEQ:SUBREAD_FEATURECOUNTS (TREATMENT_rhIFNa2b_100_REP1),COMPLETED,0,-,quay.io/biocontainers/subread:2.0.1--hed695b0_0,6,28800000,-,38654705664,1,1715239307682,1715239686000,1715239711000,403318,24000,-,280.7,0.1,353026048,978403328,368881664,1045516288,2943560993,151280550,42543,29472,0,151322624,10,147,/input/data/work/75/0ec8742621544ed67bc0c157d5645b,true,-
769,1833122399,hu-worker-c25,40/104228,nf-40104228f8fde374c2464a9b1640b0e2,NFCORE_RNASEQ:RNASEQ:BEDTOOLS_GENOMECOV,TREATMENT_rhIFNa2b_100_REP2,NFCORE_RNASEQ:RNASEQ:BEDTOOLS_GENOMECOV (TREATMENT_rhIFNa2b_100_REP2),COMPLETED,0,-,quay.io/biocontainers/bedtools:2.30.0--hc088bd4_0,6,28800000,-,38654705664,1,1715239062368,1715239469000,1715239714000,651632,244000,-,111.8,1.8,4714659840,5632409600,5617704960,6584135680,4150400153,968019039,242999,20291077,0,484020224,39905,1463,/input/data/work/40/104228f8fde374c2464a9b1640b0e2,true,-
789,1815374500,hu-worker-c25,f8/ac2a3e,nf-f8ac2a3e6cde8c08d37f4a24ff55146e,NFCORE_RNASEQ:RNASEQ:BEDTOOLS_GENOMECOV,TREATMENT_rhIFNa2b_100_REP1,NFCORE_RNASEQ:RNASEQ:BEDTOOLS_GENOMECOV (TREATMENT_rhIFNa2b_100_REP1),COMPLETED,0,-,quay.io/biocontainers/bedtools:2.30.0--hc088bd4_0,6,28800000,-,38654705664,1,1715239217109,1715239477000,1715239715000,497891,237000,-,112.1,1.8,4719865856,5634744320,5605613568,6579265536,4114166537,966543405,256600,20267754,0,483287040,40839,1125,/input/data/work/f8/ac2a3e6cde8c08d37f4a24ff55146e,true,-
793,1806451163,hu-worker-c34,b0/daac1e,nf-b0daac1e48b0938688fc2d7e48d76c70,NFCORE_RNASEQ:RNASEQ:BEDTOOLS_GENOMECOV,TREATMENT_rhIFNa2b_100_REP3,NFCORE_RNASEQ:RNASEQ:BEDTOOLS_GENOMECOV (TREATMENT_rhIFNa2b_100_REP3),COMPLETED,0,-,quay.io/biocontainers/bedtools:2.30.0--hc088bd4_0,6,28800000,-,38654705664,1,1715239312701,1715239480000,1715239713000,400299,231000,-,111.8,1.8,4718063616,5633662976,5605154816,6578798592,4096046519,965998036,246064,20260484,0,483012608,40618,1029,/input/data/work/b0/daac1e48b0938688fc2d7e48d76c70,true,-
798,2722545323,hu-worker-c35,53/cf55bd,nf-53cf55bd22ff66700bd4d153cd47739b,NFCORE_RNASEQ:RNASEQ:SUBREAD_FEATURECOUNTS,TREATMENT_rhIFNa2b_100_REP3,NFCORE_RNASEQ:RNASEQ:SUBREAD_FEATURECOUNTS (TREATMENT_rhIFNa2b_100_REP3),COMPLETED,0,-,quay.io/biocontainers/subread:2.0.1--hed695b0_0,6,28800000,-,38654705664,1,1715239322520,1715239699000,1715239724000,401480,24000,-,277.1,0.1,352645120,978399232,360390656,1045512192,2940241238,155655884,44040,30538,897024,155688960,18,37,/input/data/work/53/cf55bd22ff66700bd4d153cd47739b,true,-
825,2720251144,hu-worker-c28,85/d8c82e,nf-85d8c82e2a161bb57d1c089f0305e158,NFCORE_RNASEQ:RNASEQ:SUBREAD_FEATURECOUNTS,CONTROL_REP1,NFCORE_RNASEQ:RNASEQ:SUBREAD_FEATURECOUNTS (CONTROL_REP1),COMPLETED,0,-,quay.io/biocontainers/subread:2.0.1--hed695b0_0,6,28800000,-,38654705664,1,1715239600314,1715239701000,1715239727000,126686,24000,-,280.4,0.1,345452544,978403328,352796672,1045516288,2936096374,155743110,44153,30561,0,155783168,11,123,/input/data/work/85/d8c82e2a161bb57d1c089f0305e158,true,-
854,1735492768,hu-worker-c41,3a/b39a05,nf-3ab39a0536a56b1be6a7f321e184b41f,NFCORE_RNASEQ:RNASEQ:BAM_MARKDUPLICATES_PICARD:SAMTOOLS_INDEX,TREATMENT_rhIFNb_100000_REP2,NFCORE_RNASEQ:RNASEQ:BAM_MARKDUPLICATES_PICARD:SAMTOOLS_INDEX (TREATMENT_rhIFNb_100000_REP2),COMPLETED,0,-,quay.io/biocontainers/samtools:1.17--h00cdaf9_0,2,14400000,-,12884901888,1,1715239711190,1715239711000,1715239726000,14810,15000,-,161.3,0.0,18567168,176586752,18567168,231661568,1735619676,2362056,53192,594,8409088,2367488,110081,34,/input/data/work/3a/b39a0536a56b1be6a7f321e184b41f,true,-
856,1584411164,hu-worker-c27,f9/4bf3a3,nf-f94bf3a3764bb7dad940aaf8980a4d1d,NFCORE_RNASEQ:RNASEQ:BAM_MARKDUPLICATES_PICARD:SAMTOOLS_INDEX,TREATMENT_mIFNa11_100000_REP3,NFCORE_RNASEQ:RNASEQ:BAM_MARKDUPLICATES_PICARD:SAMTOOLS_INDEX (TREATMENT_mIFNa11_100000_REP3),COMPLETED,0,-,quay.io/biocontainers/samtools:1.17--h00cdaf9_0,2,14400000,-,12884901888,1,1715239711351,1715239712000,1715239726000,14649,14000,-,156.7,0.0,18874368,176336896,18874368,231661568,1584539570,2335797,48580,588,8392704,2342912,102045,87,/input/data/work/f9/4bf3a3764bb7dad940aaf8980a4d1d,true,-
812,2720241713,hu-worker-c41,49/94809f,nf-4994809fcc9d95ea4ce67c60170b372b,NFCORE_RNASEQ:RNASEQ:SUBREAD_FEATURECOUNTS,CONTROL_REP3,NFCORE_RNASEQ:RNASEQ:SUBREAD_FEATURECOUNTS (CONTROL_REP3),COMPLETED,0,-,quay.io/biocontainers/subread:2.0.1--hed695b0_0,6,28800000,-,38654705664,1,1715239487640,1715239702000,1715239728000,240360,25000,-,281.4,0.1,344817664,978403328,358809600,1045512192,2934118916,155711285,43671,30551,0,155742208,12,64,/input/data/work/49/94809fcc9d95ea4ce67c60170b372b,true,-
808,2720241713,hu-worker-c42,f5/d44c2d,nf-f5d44c2da4aea84383b783952d0b6f77,NFCORE_RNASEQ:RNASEQ:DUPRADAR,CONTROL_REP3,NFCORE_RNASEQ:RNASEQ:DUPRADAR (CONTROL_REP3),COMPLETED,0,-,quay.io/biocontainers/bioconductor-dupradar:1.28.0--r42hdfd78af_0,1,72000000,-,6442450944,1,1715239513059,1715239514000,1715239733000,219941,218000,-,106.2,0.2,444141568,4834578432,444325888,4936032256,11237214391,302325076,1409709,73624,4194304,302407680,5364,35,/input/data/work/f5/d44c2da4aea84383b783952d0b6f77,true,-
831,1957320685,hu-worker-c25,70/804678,nf-70804678bd1c766a2bf15f6c73e68e0a,NFCORE_RNASEQ:RNASEQ:SUBREAD_FEATURECOUNTS,TREATMENT_rhIFNb_100000_REP3,NFCORE_RNASEQ:RNASEQ:SUBREAD_FEATURECOUNTS (TREATMENT_rhIFNb_100000_REP3),COMPLETED,0,-,quay.io/biocontainers/subread:2.0.1--hed695b0_0,6,28800000,-,38654705664,1,1715239619117,1715239718000,1715239739000,119883,20000,-,227.0,0.1,287440896,978403328,288129024,1045516288,2069757425,77489726,18611,11453,0,77516800,12,89,/input/data/work/70/804678bd1c766a2bf15f6c73e68e0a,true,-
837,2261631326,hu-worker-c25,1f/cb2cec,nf-1fcb2ceccac4ee05f1b98408d76608c1,NFCORE_RNASEQ:RNASEQ:SUBREAD_FEATURECOUNTS,TREATMENT_rhINFa2b_10000_REP3,NFCORE_RNASEQ:RNASEQ:SUBREAD_FEATURECOUNTS (TREATMENT_rhINFa2b_10000_REP3),COMPLETED,0,-,quay.io/biocontainers/subread:2.0.1--hed695b0_0,6,28800000,-,38654705664,1,1715239631716,1715239718000,1715239741000,109284,22000,-,251.5,0.1,306098176,978403328,308609024,1045516288,2382471595,82454065,20168,12665,897024,82481152,22,92,/input/data/work/1f/cb2ceccac4ee05f1b98408d76608c1,true,-
843,2720225522,hu-worker-c27,c4/0db790,nf-c40db790683cf0aec988cacc87c86168,NFCORE_RNASEQ:RNASEQ:SUBREAD_FEATURECOUNTS,CONTROL_REP2,NFCORE_RNASEQ:RNASEQ:SUBREAD_FEATURECOUNTS (CONTROL_REP2),COMPLETED,0,-,quay.io/biocontainers/subread:2.0.1--hed695b0_0,6,28800000,-,38654705664,1,1715239653125,1715239703000,1715239730000,76875,26000,-,272.1,0.1,342650880,978403328,361590784,1045512192,2935284102,155878653,43965,30593,0,155914240,12,108,/input/data/work/c4/0db790683cf0aec988cacc87c86168,true,-
849,2561443507,hu-worker-c41,d2/55f3b6,nf-d255f3b66f67568be58a4d50cd290b06,NFCORE_RNASEQ:RNASEQ:SUBREAD_FEATURECOUNTS,TREATMENT_mIFNa11_100_REP3,NFCORE_RNASEQ:RNASEQ:SUBREAD_FEATURECOUNTS (TREATMENT_mIFNa11_100_REP3),COMPLETED,0,-,quay.io/biocontainers/subread:2.0.1--hed695b0_0,6,28800000,-,38654705664,1,1715239675285,1715239706000,1715239731000,55715,24000,-,267.9,0.1,319037440,978399232,332845056,1045512192,2737737882,120563840,34313,21970,0,120594432,7,46,/input/data/work/d2/55f3b66f67568be58a4d50cd290b06,true,-
855,2651586928,hu-worker-c42,17/13a832,nf-1713a8325c0beecb6025b3ebbd615a17,NFCORE_RNASEQ:RNASEQ:SUBREAD_FEATURECOUNTS,TREATMENT_rhIFNb_100000_REP2,NFCORE_RNASEQ:RNASEQ:SUBREAD_FEATURECOUNTS (TREATMENT_rhIFNb_100000_REP2),COMPLETED,0,-,quay.io/biocontainers/subread:2.0.1--hed695b0_0,6,28800000,-,38654705664,1,1715239711299,1715239714000,1715239738000,26701,23000,-,275.7,0.1,350142464,978399232,355827712,1045512192,2894050302,173347393,49995,34859,0,173387776,16,48,/input/data/work/17/13a8325c0beecb6025b3ebbd615a17,true,-
861,2500505324,hu-worker-c34,fb/3d8a17,nf-fb3d8a17a57e4afa157a6e14dfc98d08,NFCORE_RNASEQ:RNASEQ:SUBREAD_FEATURECOUNTS,TREATMENT_mIFNa11_100000_REP3,NFCORE_RNASEQ:RNASEQ:SUBREAD_FEATURECOUNTS (TREATMENT_mIFNa11_100000_REP3),COMPLETED,0,-,quay.io/biocontainers/subread:2.0.1--hed695b0_0,6,28800000,-,38654705664,1,1715239711671,1715239715000,1715239739000,27329,23000,-,265.8,0.1,292020224,978399232,302370816,1045512192,2633038308,88171702,23127,14060,4194304,88195072,19,107,/input/data/work/fb/3d8a17a57e4afa157a6e14dfc98d08,true,-
807,1804147553,hu-worker-c28,82/68298b,nf-8268298b46cdcb2959646c06c9d96484,NFCORE_RNASEQ:RNASEQ:BEDTOOLS_GENOMECOV,CONTROL_REP3,NFCORE_RNASEQ:RNASEQ:BEDTOOLS_GENOMECOV (CONTROL_REP3),COMPLETED,0,-,quay.io/biocontainers/bedtools:2.30.0--hc088bd4_0,6,28800000,-,38654705664,1,1715239487292,1715239516000,1715239750000,262708,232000,-,112.2,1.5,3879108608,5005717504,5605429248,6579265536,4091712538,966543402,248559,20267754,0,483287040,40488,1013,/input/data/work/82/68298b46cdcb2959646c06c9d96484,true,-
828,1041226525,hu-worker-c35,5f/dffc89,nf-5fdffc895424f3afb3b1f7faab60bbbe,NFCORE_RNASEQ:RNASEQ:BEDTOOLS_GENOMECOV,TREATMENT_rhIFNb_100000_REP3,NFCORE_RNASEQ:RNASEQ:BEDTOOLS_GENOMECOV (TREATMENT_rhIFNb_100000_REP3),COMPLETED,0,-,quay.io/biocontainers/bedtools:2.30.0--hc088bd4_0,6,28800000,-,38654705664,1,1715239606466,1715239608000,1715239751000,144534,142000,-,112.8,1.3,3541250048,4068573184,4292894720,4820418560,2397496778,629797080,184075,13265974,0,314912768,25812,340,/input/data/work/5f/dffc895424f3afb3b1f7faab60bbbe,true,-
865,1276557553,hu-worker-c42,80/bac419,nf-80bac41900b738070b3ebff70f8cb3da,NFCORE_RNASEQ:RNASEQ:BAM_MARKDUPLICATES_PICARD:SAMTOOLS_INDEX,TREATMENT_mIFNa11_100000_REP2,NFCORE_RNASEQ:RNASEQ:BAM_MARKDUPLICATES_PICARD:SAMTOOLS_INDEX (TREATMENT_mIFNa11_100000_REP2),COMPLETED,0,-,quay.io/biocontainers/samtools:1.17--h00cdaf9_0,2,14400000,-,12884901888,1,1715239738895,1715239739000,1715239751000,12105,11000,-,151.2,0.0,18448384,176017408,18448384,231661568,1276684785,2193678,39185,553,4194304,2199552,96414,41,/input/data/work/80/bac41900b738070b3ebff70f8cb3da,true,-
867,2192651713,hu-worker-c42,16/16e962,nf-1616e962a7dbf5c4a40f520ca1198168,NFCORE_RNASEQ:RNASEQ:SUBREAD_FEATURECOUNTS,TREATMENT_mIFNa11_100000_REP2,NFCORE_RNASEQ:RNASEQ:SUBREAD_FEATURECOUNTS (TREATMENT_mIFNa11_100000_REP2),COMPLETED,0,-,quay.io/biocontainers/subread:2.0.1--hed695b0_0,6,28800000,-,38654705664,1,1715239738719,1715239740000,1715239763000,24281,21000,-,244.1,0.1,284819456,978403328,287485952,1045516288,2295095240,69671156,16115,9543,8388608,69693440,13,78,/input/data/work/16/16e962a7dbf5c4a40f520ca1198168,true,-
829,1957320685,hu-worker-c35,3e/cc56dd,nf-3ecc56ddb821d9950fead0d407cf90fe,NFCORE_RNASEQ:RNASEQ:DUPRADAR,TREATMENT_rhIFNb_100000_REP3,NFCORE_RNASEQ:RNASEQ:DUPRADAR (TREATMENT_rhIFNb_100000_REP3),COMPLETED,0,-,quay.io/biocontainers/bioconductor-dupradar:1.28.0--r42hdfd78af_0,1,72000000,-,6442450944,1,1715239628274,1715239629000,1715239764000,135726,135000,-,110.5,0.2,427118592,4826210304,427360256,4936024064,8005359542,156177001,993453,37963,4194304,156250112,3258,27,/input/data/work/3e/cc56ddb821d9950fead0d407cf90fe,true,-
875,295862096,hu-worker-c42,86/7eba96,nf-867eba96ad8999a9462580b53dde67fb,NFCORE_RNASEQ:RNASEQ:BEDGRAPH_BEDCLIP_BEDGRAPHTOBIGWIG_FORWARD:UCSC_BEDCLIP,TREATMENT_rhINFa2b_100000_REP1,NFCORE_RNASEQ:RNASEQ:BEDGRAPH_BEDCLIP_BEDGRAPHTOBIGWIG_FORWARD:UCSC_BEDCLIP (TREATMENT_rhINFa2b_100000_REP1),COMPLETED,0,-,quay.io/biocontainers/ucsc-bedclip:377--h0b8a92a_2,6,28800000,-,38654705664,1,1715239753818,1715239765000,1715239769000,15182,4000,-,99.0,0.0,8126464,19369984,8126464,19439616,295925880,295862189,4675,72247,0,295870464,10,81,/input/data/work/86/7eba96ad8999a9462580b53dde67fb,true,-
436,461060772,hu-worker-c35,21/1a1d72,nf-211a1d72a8c9d26f208c9468c4883993,NFCORE_RNASEQ:RNASEQ:QUANTIFY_SALMON:SALMON_TXIMPORT,-,NFCORE_RNASEQ:RNASEQ:QUANTIFY_SALMON:SALMON_TXIMPORT,COMPLETED,0,-,quay.io/biocontainers/bioconductor-tximeta:1.12.0--r41hdfd78af_0,6,28800000,-,38654705664,1,1715237777009,1715239726000,1715239788000,2010991,60000,-,109.5,0.6,1700638720,6052421632,1718210560,6070059008,415573219,146747196,46876,36035,85925888,146776064,1093,597,/input/data/work/21/1a1d72a8c9d26f208c9468c4883993,true,-
877,308193403,hu-worker-c35,d8/c48832,nf-d8c48832b9f759a02fe8e98bb176273c,NFCORE_RNASEQ:RNASEQ:BEDGRAPH_BEDCLIP_BEDGRAPHTOBIGWIG_FORWARD:UCSC_BEDCLIP,TREATMENT_rhINFa2b_10000_REP2,NFCORE_RNASEQ:RNASEQ:BEDGRAPH_BEDCLIP_BEDGRAPHTOBIGWIG_FORWARD:UCSC_BEDCLIP (TREATMENT_rhINFa2b_10000_REP2),COMPLETED,0,-,quay.io/biocontainers/ucsc-bedclip:377--h0b8a92a_2,6,28800000,-,38654705664,1,1715239776162,1715239790000,1715239794000,17838,4000,-,99.5,0.0,8036352,19369984,8036352,19439616,308257120,308193508,4863,75258,5263360,308203520,58,91,/input/data/work/d8/c48832b9f759a02fe8e98bb176273c,true,-
879,281421821,hu-worker-c35,28/5bfe68,nf-285bfe68638b070c87597959a39a39d4,NFCORE_RNASEQ:RNASEQ:BEDGRAPH_BEDCLIP_BEDGRAPHTOBIGWIG_FORWARD:UCSC_BEDCLIP,TREATMENT_rhIFNb_10000_REP3,NFCORE_RNASEQ:RNASEQ:BEDGRAPH_BEDCLIP_BEDGRAPHTOBIGWIG_FORWARD:UCSC_BEDCLIP (TREATMENT_rhIFNb_10000_REP3),COMPLETED,0,-,quay.io/biocontainers/ucsc-bedclip:377--h0b8a92a_2,6,28800000,-,38654705664,1,1715239780522,1715239797000,1715239801000,20478,3000,-,99.5,0.0,7974912,19369984,7974912,19439616,281485516,281421914,4454,68722,0,281432064,8,82,/input/data/work/28/5bfe68638b070c87597959a39a39d4,true,-
822,1804156984,hu-worker-c24,27/c5b0f5,nf-27c5b0f5a7e6e897c939f62c97948908,NFCORE_RNASEQ:RNASEQ:BEDTOOLS_GENOMECOV,CONTROL_REP1,NFCORE_RNASEQ:RNASEQ:BEDTOOLS_GENOMECOV (CONTROL_REP1),COMPLETED,0,-,quay.io/biocontainers/bedtools:2.30.0--hc088bd4_0,6,28800000,-,38654705664,1,1715239577181,1715239578000,1715239811000,233819,231000,-,111.9,1.5,4042362880,5008515072,5612470272,6582063104,4091731077,966543399,243344,20267754,0,483287040,40869,936,/input/data/work/27/c5b0f5a7e6e897c939f62c97948908,true,-
824,2720251144,hu-worker-c24,81/61a763,nf-8161a763b5d55171f6bad6da631db632,NFCORE_RNASEQ:RNASEQ:DUPRADAR,CONTROL_REP1,NFCORE_RNASEQ:RNASEQ:DUPRADAR (CONTROL_REP1),COMPLETED,0,-,quay.io/biocontainers/bioconductor-dupradar:1.28.0--r42hdfd78af_0,1,72000000,-,6442450944,1,1715239589878,1715239590000,1715239815000,225122,225000,-,105.7,0.2,443236352,4826107904,443424768,4936028160,11237740177,302325063,1409873,73624,4194304,302407680,5495,52,/input/data/work/81/61a763b5d55171f6bad6da631db632,true,-
835,1345537166,hu-worker-c42,20/3b621d,nf-203b621da5259d062be2515ad6888073,NFCORE_RNASEQ:RNASEQ:BEDTOOLS_GENOMECOV,TREATMENT_rhINFa2b_10000_REP3,NFCORE_RNASEQ:RNASEQ:BEDTOOLS_GENOMECOV (TREATMENT_rhINFa2b_10000_REP3),COMPLETED,0,-,quay.io/biocontainers/bedtools:2.30.0--hc088bd4_0,6,28800000,-,38654705664,1,1715239632109,1715239634000,1715239809000,176891,174000,-,112.4,1.2,3127062528,3840966656,4710281216,5424537600,3076991528,771543840,190016,16219070,0,385781760,28538,687,/input/data/work/20/3b621da5259d062be2515ad6888073,true,-
834,2261631326,hu-worker-c27,8f/a7c563,nf-8fa7c5639b631fe8e2b4f21c0b13eb28,NFCORE_RNASEQ:RNASEQ:DUPRADAR,TREATMENT_rhINFa2b_10000_REP3,NFCORE_RNASEQ:RNASEQ:DUPRADAR (TREATMENT_rhINFa2b_10000_REP3),COMPLETED,0,-,quay.io/biocontainers/bioconductor-dupradar:1.28.0--r42hdfd78af_0,1,72000000,-,6442450944,1,1715239636653,1715239637000,1715239818000,181347,181000,-,107.2,0.2,432574464,4826107904,432758784,4936028160,9223551286,156653872,1142182,38071,0,156729344,4397,56,/input/data/work/8f/a7c5639b631fe8e2b4f21c0b13eb28,true,-
882,289520614,hu-worker-c42,31/0811a2,nf-310811a2fde3443eee320f42856b1d59,NFCORE_RNASEQ:RNASEQ:BEDGRAPH_BEDCLIP_BEDGRAPHTOBIGWIG_FORWARD:UCSC_BEDCLIP,TREATMENT_mIFNa11_1000_REP2,NFCORE_RNASEQ:RNASEQ:BEDGRAPH_BEDCLIP_BEDGRAPHTOBIGWIG_FORWARD:UCSC_BEDCLIP (TREATMENT_mIFNa11_1000_REP2),COMPLETED,0,-,quay.io/biocontainers/ucsc-bedclip:377--h0b8a92a_2,6,28800000,-,38654705664,1,1715239804003,1715239812000,1715239816000,11997,4000,-,99.3,0.0,8126464,19369984,8126464,19439616,289584392,289520707,4578,70699,0,289529856,8,84,/input/data/work/31/0811a2fde3443eee320f42856b1d59,true,-
497,3633532864,hu-worker-c27,f6/05e35b,nf-f605e35b9b4a2eac0af5084c35868875,NFCORE_RNASEQ:RNASEQ:STRINGTIE_STRINGTIE,TREATMENT_rhINFa2b_10000_REP2,NFCORE_RNASEQ:RNASEQ:STRINGTIE_STRINGTIE (TREATMENT_rhINFa2b_10000_REP2),COMPLETED,0,-,quay.io/biocontainers/stringtie:2.2.1--hecb563c_2,6,28800000,-,38654705664,1,1715238314031,1715239733000,1715239863000,1548969,130000,-,199.7,0.3,886882304,1090396160,1113190400,1394094080,3845983314,621336213,246782,180665,4083712,619720704,64108,1427,/input/data/work/f6/05e35b9b4a2eac0af5084c35868875,true,-
443,3432579583,hu-worker-c28,3b/0147cb,nf-3b0147cbf99791e63d87f390e9b2828d,NFCORE_RNASEQ:RNASEQ:STRINGTIE_STRINGTIE,TREATMENT_rhIFNb_10000_REP3,NFCORE_RNASEQ:RNASEQ:STRINGTIE_STRINGTIE (TREATMENT_rhIFNb_10000_REP3),COMPLETED,0,-,quay.io/biocontainers/stringtie:2.2.1--hecb563c_2,6,28800000,-,38654705664,1,1715238264067,1715239753000,1715239877000,1612933,123000,-,201.8,0.4,980779008,1120235520,1124618240,1276833792,3644059218,619015084,240414,180593,4083712,617365504,66370,1186,/input/data/work/3b/0147cbf99791e63d87f390e9b2828d,true,-
455,3370081558,hu-worker-c35,32/8b77d9,nf-328b77d90053ffc204af1f9b07a6faa2,NFCORE_RNASEQ:RNASEQ:STRINGTIE_STRINGTIE,TREATMENT_mIFNa11_1000_REP2,NFCORE_RNASEQ:RNASEQ:STRINGTIE_STRINGTIE (TREATMENT_mIFNa11_1000_REP2),COMPLETED,0,-,quay.io/biocontainers/stringtie:2.2.1--hecb563c_2,6,28800000,-,38654705664,1,1715238274100,1715239753000,1715239880000,1605900,126000,-,197.5,0.3,893669376,1061715968,989671424,1175060480,3581585141,619524289,238512,181019,3952640,617869312,58083,1106,/input/data/work/32/8b77d90053ffc204af1f9b07a6faa2,true,-
478,3512450332,hu-worker-c25,d1/e98be8,nf-d1e98be82e82dfac2082811881aa63c6,NFCORE_RNASEQ:RNASEQ:STRINGTIE_STRINGTIE,TREATMENT_rhINFa2b_100000_REP1,NFCORE_RNASEQ:RNASEQ:STRINGTIE_STRINGTIE (TREATMENT_rhINFa2b_100000_REP1),COMPLETED,0,-,quay.io/biocontainers/stringtie:2.2.1--hecb563c_2,6,28800000,-,38654705664,1,1715238299153,1715239742000,1715239877000,1577847,134000,-,196.4,0.3,933462016,1069023232,1069101056,1371639808,3724670854,620409545,243031,181170,4083712,618762240,60801,1404,/input/data/work/d1/e98be82e82dfac2082811881aa63c6,true,-
840,1804131362,hu-worker-c34,f5/1c2133,nf-f51c21331e496e4c8e2924b32697edd8,NFCORE_RNASEQ:RNASEQ:BEDTOOLS_GENOMECOV,CONTROL_REP2,NFCORE_RNASEQ:RNASEQ:BEDTOOLS_GENOMECOV (CONTROL_REP2),COMPLETED,0,-,quay.io/biocontainers/bedtools:2.30.0--hc088bd4_0,6,28800000,-,38654705664,1,1715239649657,1715239652000,1715239881000,231343,228000,-,111.9,1.8,4713476096,5631918080,5469474816,6386589696,4091679509,966543402,245770,20267754,4198400,483287040,40073,511,/input/data/work/f5/1c21331e496e4c8e2924b32697edd8,true,-
838,2720225522,hu-worker-c34,b2/ec483b,nf-b2ec483ba4139ac4bcae1d4007dc0d1d,NFCORE_RNASEQ:RNASEQ:DUPRADAR,CONTROL_REP2,NFCORE_RNASEQ:RNASEQ:DUPRADAR (CONTROL_REP2),COMPLETED,0,-,quay.io/biocontainers/bioconductor-dupradar:1.28.0--r42hdfd78af_0,1,72000000,-,6442450944,1,1715239668746,1715239670000,1715239887000,218254,217000,-,106.4,0.2,444100608,4826112000,444100608,4936032256,11236623723,302782344,1409617,73736,0,302866432,5283,56,/input/data/work/b2/ec483ba4139ac4bcae1d4007dc0d1d,true,-
845,1645349347,hu-worker-c27,3d/2ff381,nf-3d2ff3813b3e4436c2c69ffb36324405,NFCORE_RNASEQ:RNASEQ:BEDTOOLS_GENOMECOV,TREATMENT_mIFNa11_100_REP3,NFCORE_RNASEQ:RNASEQ:BEDTOOLS_GENOMECOV (TREATMENT_mIFNa11_100_REP3),COMPLETED,0,-,quay.io/biocontainers/bedtools:2.30.0--hc088bd4_0,6,28800000,-,38654705664,1,1715239675097,1715239685000,1715239905000,229903,219000,-,112.6,1.7,4503183360,5551890432,5264642048,6303735808,3744190406,906691791,224670,19022939,606208,453357568,37178,1106,/input/data/work/3d/2ff3813b3e4436c2c69ffb36324405,true,-
844,2561443507,hu-worker-c28,28/6a1cef,nf-286a1cef2cd168ae269745157a2e4b5a,NFCORE_RNASEQ:RNASEQ:DUPRADAR,TREATMENT_mIFNa11_100_REP3,NFCORE_RNASEQ:RNASEQ:DUPRADAR (TREATMENT_mIFNa11_100_REP3),COMPLETED,0,-,quay.io/biocontainers/bioconductor-dupradar:1.28.0--r42hdfd78af_0,1,72000000,-,6442450944,1,1715239687414,1715239688000,1715239904000,216586,216000,-,106.4,0.2,440557568,4826202112,440741888,4936028160,10434097069,165964702,1291320,40332,4370432,166027264,5297,34,/input/data/work/28/6a1cef2cd168ae269745157a2e4b5a,true,-
863,2192651713,hu-worker-c27,33/f14b95,nf-33f14b952a6a064aca0b2558c278d9b4,NFCORE_RNASEQ:RNASEQ:DUPRADAR,TREATMENT_mIFNa11_100000_REP2,NFCORE_RNASEQ:RNASEQ:DUPRADAR (TREATMENT_mIFNa11_100000_REP2),COMPLETED,0,-,quay.io/biocontainers/bioconductor-dupradar:1.28.0--r42hdfd78af_0,1,72000000,-,6442450944,1,1715239729567,1715239730000,1715239904000,174433,174000,-,108.3,0.2,429953024,4834574336,430137344,4936028160,8946269821,155729306,1108226,37849,0,155795456,4239,45,/input/data/work/33/f14b952a6a064aca0b2558c278d9b4,true,-
891,282099125,hu-worker-c34,71/be3177,nf-71be317747633bb872efdc98cc3f4d65,NFCORE_RNASEQ:RNASEQ:BEDGRAPH_BEDCLIP_BEDGRAPHTOBIGWIG_FORWARD:UCSC_BEDCLIP,TREATMENT_rhIFNb_100_REP1,NFCORE_RNASEQ:RNASEQ:BEDGRAPH_BEDCLIP_BEDGRAPHTOBIGWIG_FORWARD:UCSC_BEDCLIP (TREATMENT_rhIFNb_100_REP1),COMPLETED,0,-,quay.io/biocontainers/ucsc-bedclip:377--h0b8a92a_2,6,28800000,-,38654705664,1,1715239883299,1715239884000,1715239888000,4701,4000,-,98.8,0.0,8097792,19369984,8097792,19439616,282162810,282099218,4465,68887,4198400,282107904,16,106,/input/data/work/71/be317747633bb872efdc98cc3f4d65,true,-
892,278971734,hu-worker-c27,4e/2cd21b,nf-4e2cd21b19d79d2aa07ed09366d07bbc,NFCORE_RNASEQ:RNASEQ:BEDGRAPH_BEDCLIP_BEDGRAPHTOBIGWIG_FORWARD:UCSC_BEDCLIP,TREATMENT_rhIFNb_100_REP3,NFCORE_RNASEQ:RNASEQ:BEDGRAPH_BEDCLIP_BEDGRAPHTOBIGWIG_FORWARD:UCSC_BEDCLIP (TREATMENT_rhIFNb_100_REP3),COMPLETED,0,-,quay.io/biocontainers/ucsc-bedclip:377--h0b8a92a_2,6,28800000,-,38654705664,1,1715239895764,1715239908000,1715239912000,16236,4000,-,93.2,0.0,8155136,19369984,8155136,19439616,279036083,278971840,4417,68124,5263360,278982656,55,78,/input/data/work/4e/2cd21b19d79d2aa07ed09366d07bbc,true,-
853,1735492768,hu-worker-c24,df/49437a,nf-df49437a657e6e6a478df38a00730adb,NFCORE_RNASEQ:RNASEQ:BEDTOOLS_GENOMECOV,TREATMENT_rhIFNb_100000_REP2,NFCORE_RNASEQ:RNASEQ:BEDTOOLS_GENOMECOV (TREATMENT_rhIFNb_100000_REP2),COMPLETED,0,-,quay.io/biocontainers/bedtools:2.30.0--hc088bd4_0,6,28800000,-,38654705664,1,1715239688012,1715239696000,1715239920000,231988,222000,-,111.6,1.4,3556499456,5441781760,5274030080,6193627136,3916058029,889853975,234897,18639432,606208,444936192,37645,2033,/input/data/work/df/49437a657e6e6a478df38a00730adb,true,-
866,1276557553,hu-worker-c41,3c/a4ab4e,nf-3ca4ab4ebc28953a65e2db01b1611e52,NFCORE_RNASEQ:RNASEQ:BEDTOOLS_GENOMECOV,TREATMENT_mIFNa11_100000_REP2,NFCORE_RNASEQ:RNASEQ:BEDTOOLS_GENOMECOV (TREATMENT_mIFNa11_100000_REP2),COMPLETED,0,-,quay.io/biocontainers/bedtools:2.30.0--hc088bd4_0,6,28800000,-,38654705664,1,1715239728621,1715239731000,1715239911000,182379,179000,-,112.6,1.5,3904069632,4565618688,4655669248,5317464064,2919733539,732946216,180928,15404698,577536,366485504,28568,2408,/input/data/work/3c/a4ab4ebc28953a65e2db01b1611e52,true,-
896,276808277,hu-worker-c27,5c/4d3c49,nf-5c4d3c49fdb92e1088500737dcc42c5d,NFCORE_RNASEQ:RNASEQ:BEDGRAPH_BEDCLIP_BEDGRAPHTOBIGWIG_FORWARD:UCSC_BEDCLIP,TREATMENT_mIFNa11_1000_REP3,NFCORE_RNASEQ:RNASEQ:BEDGRAPH_BEDCLIP_BEDGRAPHTOBIGWIG_FORWARD:UCSC_BEDCLIP (TREATMENT_mIFNa11_1000_REP3),COMPLETED,0,-,quay.io/biocontainers/ucsc-bedclip:377--h0b8a92a_2,6,28800000,-,38654705664,1,1715239913044,1715239915000,1715239919000,5956,4000,-,99.5,0.0,7942144,19369984,7942144,19439616,276872614,276808371,4384,67596,4198400,276819968,18,88,/input/data/work/5c/4d3c49fdb92e1088500737dcc42c5d,true,-
449,3217775367,hu-worker-c35,b9/ae2076,nf-b9ae20763d5a0f669b25c23a9364ebda,NFCORE_RNASEQ:RNASEQ:STRINGTIE_STRINGTIE,TREATMENT_rhIFNb_10000_REP2,NFCORE_RNASEQ:RNASEQ:STRINGTIE_STRINGTIE (TREATMENT_rhIFNb_10000_REP2),COMPLETED,0,-,quay.io/biocontainers/stringtie:2.2.1--hecb563c_2,6,28800000,-,38654705664,1,1715238269190,1715239804000,1715239924000,1654810,119000,-,205.2,0.4,1044381696,1220022272,1044381696,1220026368,3428436092,617450965,233659,181565,0,615735296,57577,1097,/input/data/work/b9/ae20763d5a0f669b25c23a9364ebda,true,-
859,2500505324,hu-worker-c24,6f/52357c,nf-6f52357c217689f75d9ff77ef3affa83,NFCORE_RNASEQ:RNASEQ:DUPRADAR,TREATMENT_mIFNa11_100000_REP3,NFCORE_RNASEQ:RNASEQ:DUPRADAR (TREATMENT_mIFNa11_100000_REP3),COMPLETED,0,-,quay.io/biocontainers/bioconductor-dupradar:1.28.0--r42hdfd78af_0,1,72000000,-,6442450944,1,1715239727621,1715239728000,1715239929000,201379,201000,-,107.1,0.2,433922048,4826112000,434106368,4936032256,10183866938,161023438,1259955,39127,0,161083392,4905,25,/input/data/work/6f/52357c217689f75d9ff77ef3affa83,true,-
895,268446632,hu-worker-c41,8a/b38949,nf-8ab38949141397ed6403a86cbd7c1ec9,NFCORE_RNASEQ:RNASEQ:BEDGRAPH_BEDCLIP_BEDGRAPHTOBIGWIG_FORWARD:UCSC_BEDCLIP,TREATMENT_rhIFNb_10000_REP2,NFCORE_RNASEQ:RNASEQ:BEDGRAPH_BEDCLIP_BEDGRAPHTOBIGWIG_FORWARD:UCSC_BEDCLIP (TREATMENT_rhIFNb_10000_REP2),COMPLETED,0,-,quay.io/biocontainers/ucsc-bedclip:377--h0b8a92a_2,6,28800000,-,38654705664,1,1715239911584,1715239922000,1715239926000,14416,4000,-,99.8,0.0,8093696,19369984,8093696,19439616,268510461,268446729,4256,65554,0,268455936,6,89,/input/data/work/8a/b38949141397ed6403a86cbd7c1ec9,true,-
898,271629186,hu-worker-c41,04/1df54d,nf-041df54de9c7c84e0e50adf93d8d2ba1,NFCORE_RNASEQ:RNASEQ:BEDGRAPH_BEDCLIP_BEDGRAPHTOBIGWIG_FORWARD:UCSC_BEDCLIP,TREATMENT_rhINFa2b_100000_REP3,NFCORE_RNASEQ:RNASEQ:BEDGRAPH_BEDCLIP_BEDGRAPHTOBIGWIG_FORWARD:UCSC_BEDCLIP (TREATMENT_rhINFa2b_100000_REP3),COMPLETED,0,-,quay.io/biocontainers/ucsc-bedclip:377--h0b8a92a_2,6,28800000,-,38654705664,1,1715239913229,1715239915000,1715239919000,5771,4000,-,99.3,0.0,7782400,19435520,7782400,19439616,271693038,271629295,4305,66331,5394432,271638528,50,61,/input/data/work/04/1df54de9c7c84e0e50adf93d8d2ba1,true,-
900,275488268,hu-worker-c35,d6/89c1a8,nf-d689c1a8b14ae62c2783ae15c168266f,NFCORE_RNASEQ:RNASEQ:BEDGRAPH_BEDCLIP_BEDGRAPHTOBIGWIG_FORWARD:UCSC_BEDCLIP,TREATMENT_mIFNa11_1000_REP1,NFCORE_RNASEQ:RNASEQ:BEDGRAPH_BEDCLIP_BEDGRAPHTOBIGWIG_FORWARD:UCSC_BEDCLIP (TREATMENT_mIFNa11_1000_REP1),COMPLETED,0,-,quay.io/biocontainers/ucsc-bedclip:377--h0b8a92a_2,6,28800000,-,38654705664,1,1715239924569,1715239926000,1715239930000,5431,4000,-,99.5,0.0,8007680,19369984,8007680,19439616,275551964,275488361,4364,67273,4194304,275496960,11,84,/input/data/work/d6/89c1a8b14ae62c2783ae15c168266f,true,-
519,3204693556,hu-worker-c42,b0/ba2b83,nf-b0ba2b839ef0ff640fcb0db89b691d79,NFCORE_RNASEQ:RNASEQ:STRINGTIE_STRINGTIE,TREATMENT_mIFNa11_1000_REP3,NFCORE_RNASEQ:RNASEQ:STRINGTIE_STRINGTIE (TREATMENT_mIFNa11_1000_REP3),COMPLETED,0,-,quay.io/biocontainers/stringtie:2.2.1--hecb563c_2,6,28800000,-,38654705664,1,1715238348968,1715239819000,1715239932000,1583032,113000,-,210.1,0.3,884957184,1133019136,1065046016,1347276800,3415951688,618652580,233404,181773,17498112,616943616,64040,1535,/input/data/work/b0/ba2b839ef0ff640fcb0db89b691d79,true,-
851,2651586928,hu-worker-c25,3e/eb2ebb,nf-3eeb2ebb70cfcfe4405d55c1575f2488,NFCORE_RNASEQ:RNASEQ:DUPRADAR,TREATMENT_rhIFNb_100000_REP2,NFCORE_RNASEQ:RNASEQ:DUPRADAR (TREATMENT_rhIFNb_100000_REP2),COMPLETED,0,-,quay.io/biocontainers/bioconductor-dupradar:1.28.0--r42hdfd78af_0,1,72000000,-,6442450944,1,1715239703112,1715239704000,1715239937000,233888,233000,-,107.1,0.2,433836032,5222887424,434020352,5222891520,10794006667,165577786,1335231,40246,4214784,165658624,5708,15719,/input/data/work/3e/eb2ebb70cfcfe4405d55c1575f2488,true,-
857,1584411164,hu-worker-c28,d6/88740e,nf-d688740e2abbc7d59862533fa1a9b5a5,NFCORE_RNASEQ:RNASEQ:BEDTOOLS_GENOMECOV,TREATMENT_mIFNa11_100000_REP3,NFCORE_RNASEQ:RNASEQ:BEDTOOLS_GENOMECOV (TREATMENT_mIFNa11_100000_REP3),COMPLETED,0,-,quay.io/biocontainers/bedtools:2.30.0--hc088bd4_0,6,28800000,-,38654705664,1,1715239726181,1715239730000,1715239945000,218819,214000,-,112.2,1.6,4352921600,5324746752,5104582656,6076592128,3599423477,860910602,224024,18059439,606208,430465024,35449,946,/input/data/work/d6/88740e2abbc7d59862533fa1a9b5a5,true,-
903,270478553,hu-worker-c41,cd/2393f4,nf-cd2393f4198706eeedd1dfd64161172d,NFCORE_RNASEQ:RNASEQ:BEDGRAPH_BEDCLIP_BEDGRAPHTOBIGWIG_FORWARD:UCSC_BEDCLIP,TREATMENT_rhIFNb_1000_REP2,NFCORE_RNASEQ:RNASEQ:BEDGRAPH_BEDCLIP_BEDGRAPHTOBIGWIG_FORWARD:UCSC_BEDCLIP (TREATMENT_rhIFNb_1000_REP2),COMPLETED,0,-,quay.io/biocontainers/ucsc-bedclip:377--h0b8a92a_2,6,28800000,-,38654705664,1,1715239926241,1715239928000,1715239932000,5759,3000,-,99.6,0.0,8015872,19369984,8015872,19439616,270542380,270478650,4287,66050,0,270487552,15,243,/input/data/work/cd/2393f4198706eeedd1dfd64161172d,true,-
905,262095974,hu-worker-c28,7f/e8ac21,nf-7fe8ac218c84a8c37951a94259a3eb2b,NFCORE_RNASEQ:RNASEQ:BEDGRAPH_BEDCLIP_BEDGRAPHTOBIGWIG_FORWARD:UCSC_BEDCLIP,TREATMENT_mIFNa11_10000_REP1,NFCORE_RNASEQ:RNASEQ:BEDGRAPH_BEDCLIP_BEDGRAPHTOBIGWIG_FORWARD:UCSC_BEDCLIP (TREATMENT_mIFNa11_10000_REP1),COMPLETED,0,-,quay.io/biocontainers/ucsc-bedclip:377--h0b8a92a_2,6,28800000,-,38654705664,1,1715239946029,1715239947000,1715239951000,4971,4000,-,99.3,0.0,8056832,19369984,8056832,19439616,262160336,262096085,4159,64004,5263360,262107136,61,73,/input/data/work/7f/e8ac218c84a8c37951a94259a3eb2b,true,-
906,257904174,hu-worker-c28,8d/3f9619,nf-8d3f961988abefb3a98752c03a630dad,NFCORE_RNASEQ:RNASEQ:BEDGRAPH_BEDCLIP_BEDGRAPHTOBIGWIG_FORWARD:UCSC_BEDCLIP,TREATMENT_mIFNa11_100_REP2,NFCORE_RNASEQ:RNASEQ:BEDGRAPH_BEDCLIP_BEDGRAPHTOBIGWIG_FORWARD:UCSC_BEDCLIP (TREATMENT_mIFNa11_100_REP2),COMPLETED,0,-,quay.io/biocontainers/ucsc-bedclip:377--h0b8a92a_2,6,28800000,-,38654705664,1,1715239946422,1715239954000,1715239961000,14578,4000,-,90.4,0.0,7950336,19369984,7950336,19439616,257968507,257904267,4096,62980,0,257912832,20,69,/input/data/work/8d/3f961988abefb3a98752c03a630dad,true,-
911,266684798,hu-worker-c28,36/fca65f,nf-36fca65fb1e393ced2c7d2e53004cf34,NFCORE_RNASEQ:RNASEQ:BEDGRAPH_BEDCLIP_BEDGRAPHTOBIGWIG_FORWARD:UCSC_BEDCLIP,TREATMENT_rhIFNa2b_1000_REP3,NFCORE_RNASEQ:RNASEQ:BEDGRAPH_BEDCLIP_BEDGRAPHTOBIGWIG_FORWARD:UCSC_BEDCLIP (TREATMENT_rhIFNa2b_1000_REP3),COMPLETED,0,-,quay.io/biocontainers/ucsc-bedclip:377--h0b8a92a_2,6,28800000,-,38654705664,1,1715239958646,1715239963000,1715239971000,12354,6000,-,50.8,0.0,7901184,19369984,7901184,19439616,266749159,266684909,4230,65124,1454080,266694656,41,325,/input/data/work/36/fca65fb1e393ced2c7d2e53004cf34,true,-
913,265301751,hu-worker-c28,25/3fcf20,nf-253fcf20ba110f728cb16aaa710ea20c,NFCORE_RNASEQ:RNASEQ:BEDGRAPH_BEDCLIP_BEDGRAPHTOBIGWIG_FORWARD:UCSC_BEDCLIP,TREATMENT_rhINFa2b_10000_REP1,NFCORE_RNASEQ:RNASEQ:BEDGRAPH_BEDCLIP_BEDGRAPHTOBIGWIG_FORWARD:UCSC_BEDCLIP (TREATMENT_rhINFa2b_10000_REP1),COMPLETED,0,-,quay.io/biocontainers/ucsc-bedclip:377--h0b8a92a_2,6,28800000,-,38654705664,1,1715239962181,1715239973000,1715239980000,17819,4000,-,98.9,0.0,7827456,19369984,7827456,19439616,265366089,265301844,4208,64786,909312,265310208,36,317,/input/data/work/25/3fcf20ba110f728cb16aaa710ea20c,true,-
908,260413929,hu-worker-c28,e2/86355e,nf-e286355eb08ce2dd2f54bf6edb4d9931,NFCORE_RNASEQ:RNASEQ:BEDGRAPH_BEDCLIP_BEDGRAPHTOBIGWIG_FORWARD:UCSC_BEDCLIP,TREATMENT_rhIFNb_1000_REP3,NFCORE_RNASEQ:RNASEQ:BEDGRAPH_BEDCLIP_BEDGRAPHTOBIGWIG_FORWARD:UCSC_BEDCLIP (TREATMENT_rhIFNb_1000_REP3),COMPLETED,0,-,quay.io/biocontainers/ucsc-bedclip:377--h0b8a92a_2,6,28800000,-,38654705664,1,1715239957367,1715239983000,1715239987000,29633,4000,-,99.5,0.0,7733248,19369984,7733248,19439616,260478261,260414022,4134,63593,909312,260423680,26,248,/input/data/work/e2/86355eb08ce2dd2f54bf6edb4d9931,true,-
539,3169958076,hu-worker-c35,c9/83a6b5,nf-c983a6b5d556bdad92d359ad4b97b58e,NFCORE_RNASEQ:RNASEQ:STRINGTIE_STRINGTIE,TREATMENT_rhIFNb_100_REP3,NFCORE_RNASEQ:RNASEQ:STRINGTIE_STRINGTIE (TREATMENT_rhIFNb_100_REP3),COMPLETED,0,-,quay.io/biocontainers/stringtie:2.2.1--hecb563c_2,6,28800000,-,38654705664,1,1715238369146,1715239883000,1715240002000,1632854,119000,-,202.8,0.4,952811520,1145470976,1017524224,1365254144,3381465463,619069141,232407,182523,0,617324544,60618,1109,/input/data/work/c9/83a6b5d556bdad92d359ad4b97b58e,true,-
437,3204652985,hu-worker-c25,ae/4bd59b,nf-ae4bd59b8f58b06f2a184af7a2d58ed2,NFCORE_RNASEQ:RNASEQ:STRINGTIE_STRINGTIE,TREATMENT_rhIFNb_100_REP1,NFCORE_RNASEQ:RNASEQ:STRINGTIE_STRINGTIE (TREATMENT_rhIFNb_100_REP1),COMPLETED,0,-,quay.io/biocontainers/stringtie:2.2.1--hecb563c_2,6,28800000,-,38654705664,1,1715238259189,1715239879000,1715240009000,1749811,130000,-,196.3,0.4,1089720320,1316806656,1140273152,1352806400,3415892862,618931940,233399,181617,11169792,617242624,54016,143726,/input/data/work/ae/4bd59b8f58b06f2a184af7a2d58ed2,true,-
524,3140276493,hu-worker-c42,44/01bedb,nf-4401bedb2cb7a6d0b3af37f2d46ad504,NFCORE_RNASEQ:RNASEQ:STRINGTIE_STRINGTIE,TREATMENT_rhINFa2b_100000_REP3,NFCORE_RNASEQ:RNASEQ:STRINGTIE_STRINGTIE (TREATMENT_rhINFa2b_100000_REP3),COMPLETED,0,-,quay.io/biocontainers/stringtie:2.2.1--hecb563c_2,6,28800000,-,38654705664,1,1715238359161,1715239935000,1715240043000,1683839,107000,-,215.4,0.3,884621312,1087471616,1064275968,1359003648,3350687469,616731951,231238,181249,0,615030784,58525,4633,/input/data/work/44/01bedb2cb7a6d0b3af37f2d46ad504,true,-
535,3161263445,hu-worker-c24,82/d0356b,nf-82d0356b9384c3f3a7733d7b74f24a96,NFCORE_RNASEQ:RNASEQ:STRINGTIE_STRINGTIE,TREATMENT_rhIFNb_1000_REP2,NFCORE_RNASEQ:RNASEQ:STRINGTIE_STRINGTIE (TREATMENT_rhIFNb_1000_REP2),COMPLETED,0,-,quay.io/biocontainers/stringtie:2.2.1--hecb563c_2,6,28800000,-,38654705664,1,1715238369108,1715239923000,1715240040000,1670892,117000,-,207.4,0.3,881774592,1081040896,953999360,1273937920,3371956813,617339696,231946,181715,29470720,615624704,56846,2874,/input/data/work/82/d0356b9384c3f3a7733d7b74f24a96,true,-
914,463016248,hu-worker-c28,d6/c6232b,nf-d6c6232b173b74d7e1e37465cb27c694,NFCORE_RNASEQ:RNASEQ:QUANTIFY_STAR_SALMON:SALMON_TXIMPORT,-,NFCORE_RNASEQ:RNASEQ:QUANTIFY_STAR_SALMON:SALMON_TXIMPORT,COMPLETED,0,-,quay.io/biocontainers/bioconductor-tximeta:1.12.0--r41hdfd78af_0,6,28800000,-,38654705664,1,1715239984570,1715239990000,1715240054000,69430,64000,-,108.9,0.6,1688252416,6039773184,1688252416,6039777280,418069191,144853843,47179,35571,117665792,144875520,991,1522,/input/data/work/d6/c6232b173b74d7e1e37465cb27c694,true,-
528,3146910441,hu-worker-c41,ce/0e4bb9,nf-ce0e4bb9a276d66ff42bcbf5426f455b,NFCORE_RNASEQ:RNASEQ:STRINGTIE_STRINGTIE,TREATMENT_mIFNa11_1000_REP1,NFCORE_RNASEQ:RNASEQ:STRINGTIE_STRINGTIE (TREATMENT_mIFNa11_1000_REP1),COMPLETED,0,-,quay.io/biocontainers/stringtie:2.2.1--hecb563c_2,6,28800000,-,38654705664,1,1715238365189,1715239934000,1715240052000,1686811,117000,-,207.8,0.3,899555328,1036890112,1014444032,1266601984,3357499913,617657136,231481,181302,8937472,615956480,59749,3669,/input/data/work/ce/0e4bb9a276d66ff42bcbf5426f455b,true,-
580,3065129048,hu-worker-c24,be/90886c,nf-be90886c2a939337b2eaafb3deb894b0,NFCORE_RNASEQ:RNASEQ:STRINGTIE_STRINGTIE,TREATMENT_mIFNa11_10000_REP1,NFCORE_RNASEQ:RNASEQ:STRINGTIE_STRINGTIE (TREATMENT_mIFNa11_10000_REP1),COMPLETED,0,-,quay.io/biocontainers/stringtie:2.2.1--hecb563c_2,6,28800000,-,38654705664,1,1715238501959,1715240043000,1715240154000,1652041,110000,-,210.5,0.4,960155648,1152086016,1042636800,1249300480,3276013858,617432126,229053,181379,9969664,615723008,57085,2309,/input/data/work/be/90886c2a939337b2eaafb3deb894b0,true,-
597,3061257274,hu-worker-c42,d0/026ca6,nf-d0026ca69fe49161b562c5ff856eb182,NFCORE_RNASEQ:RNASEQ:STRINGTIE_STRINGTIE,TREATMENT_rhIFNb_1000_REP3,NFCORE_RNASEQ:RNASEQ:STRINGTIE_STRINGTIE (TREATMENT_rhIFNb_1000_REP3),COMPLETED,0,-,quay.io/biocontainers/stringtie:2.2.1--hecb563c_2,6,28800000,-,38654705664,1,1715238525966,1715240045000,1715240154000,1628034,108000,-,210.4,0.3,871919616,1017982976,971358208,1143836672,3272430132,617026040,229006,181772,3612672,615305216,60957,2433,/input/data/work/d0/026ca69fe49161b562c5ff856eb182,true,-
922,31283011,hu-worker-c25,d1/ba45b4,nf-d1ba45b4fa254f34b897ace837e69414,NFCORE_RNASEQ:RNASEQ:MULTIQC_CUSTOM_BIOTYPE,TREATMENT_rhINFa2b_10000_REP2,NFCORE_RNASEQ:RNASEQ:MULTIQC_CUSTOM_BIOTYPE (TREATMENT_rhINFa2b_10000_REP2),COMPLETED,0,-,quay.io/biocontainers/python:3.9--1,1,14400000,-,6442450944,1,1715240164190,1715240165000,1715240165000,810,0,-,81.6,0.0,3129344,5640192,3129344,5644288,32139266,2930,4149,24,9867264,16384,3,3,/input/data/work/d1/ba45b4fa254f34b897ace837e69414,true,-
923,31283013,hu-worker-c34,80/c7208f,nf-80c7208fef9668fe61bcc5c36aa23c26,NFCORE_RNASEQ:RNASEQ:MULTIQC_CUSTOM_BIOTYPE,TREATMENT_rhINFa2b_100000_REP1,NFCORE_RNASEQ:RNASEQ:MULTIQC_CUSTOM_BIOTYPE (TREATMENT_rhINFa2b_100000_REP1),COMPLETED,0,-,quay.io/biocontainers/python:3.9--1,1,14400000,-,6442450944,1,1715240164548,1715240165000,1715240165000,452,0,-,88.4,0.0,3248128,5640192,3248128,5644288,32138614,2929,4149,24,4198400,16384,3,3,/input/data/work/80/c7208fef9668fe61bcc5c36aa23c26,true,-
609,3029854946,hu-worker-c42,03/55e984,nf-0355e984eab4434c4790261e89c15779,NFCORE_RNASEQ:RNASEQ:STRINGTIE_STRINGTIE,TREATMENT_rhIFNa2b_1000_REP3,NFCORE_RNASEQ:RNASEQ:STRINGTIE_STRINGTIE (TREATMENT_rhIFNa2b_1000_REP3),COMPLETED,0,-,quay.io/biocontainers/stringtie:2.2.1--hecb563c_2,6,28800000,-,38654705664,1,1715238563197,1715240156000,1715240261000,1697803,104000,-,215.3,0.4,958787584,1154166784,958787584,1154170880,3240427579,617304349,227903,182181,9183232,615555072,59856,2262,/input/data/work/03/55e984eab4434c4790261e89c15779,true,-
924,246505731,hu-worker-c42,7a/96c3a0,nf-7a96c3a086c7a26c9440546c4ac59296,NFCORE_RNASEQ:RNASEQ:BEDGRAPH_BEDCLIP_BEDGRAPHTOBIGWIG_FORWARD:UCSC_BEDCLIP,TREATMENT_rhIFNb_100000_REP1,NFCORE_RNASEQ:RNASEQ:BEDGRAPH_BEDCLIP_BEDGRAPHTOBIGWIG_FORWARD:UCSC_BEDCLIP (TREATMENT_rhIFNb_100000_REP1),COMPLETED,0,-,quay.io/biocontainers/ucsc-bedclip:377--h0b8a92a_2,6,28800000,-,38654705664,1,1715240183025,1715240264000,1715240267000,83975,3000,-,99.5,0.0,8204288,19369984,8204288,19439616,246569511,246505824,3922,60197,0,246513664,14,49,/input/data/work/7a/96c3a086c7a26c9440546c4ac59296,true,-
621,3001105455,hu-worker-c42,cd/06fa7b,nf-cd06fa7bdecd0b28b955f24d8e7fd1dd,NFCORE_RNASEQ:RNASEQ:STRINGTIE_STRINGTIE,TREATMENT_rhINFa2b_10000_REP1,NFCORE_RNASEQ:RNASEQ:STRINGTIE_STRINGTIE (TREATMENT_rhINFa2b_10000_REP1),COMPLETED,0,-,quay.io/biocontainers/stringtie:2.2.1--hecb563c_2,6,28800000,-,38654705664,1,1715238616780,1715240270000,1715240369000,1752220,98000,-,220.6,0.3,856342528,999845888,957837312,1226362880,3211345198,616273556,226942,182213,5582848,614518784,56204,1991,/input/data/work/cd/06fa7bdecd0b28b955f24d8e7fd1dd,true,-
926,249798950,hu-worker-c42,29/a52ef8,nf-29a52ef8a3000bbd1a899c31cc664af6,NFCORE_RNASEQ:RNASEQ:BEDGRAPH_BEDCLIP_BEDGRAPHTOBIGWIG_FORWARD:UCSC_BEDCLIP,TREATMENT_rhIFNb_1000_REP1,NFCORE_RNASEQ:RNASEQ:BEDGRAPH_BEDCLIP_BEDGRAPHTOBIGWIG_FORWARD:UCSC_BEDCLIP (TREATMENT_rhIFNb_1000_REP1),COMPLETED,0,-,quay.io/biocontainers/ucsc-bedclip:377--h0b8a92a_2,6,28800000,-,38654705664,1,1715240270679,1715240371000,1715240375000,104321,3000,-,100.4,0.0,8187904,19369984,8187904,19439616,249862727,249799044,3972,61001,0,249806848,10,73,/input/data/work/29/a52ef8a3000bbd1a899c31cc664af6,true,-
928,31283003,hu-worker-c24,7c/9a20f0,nf-7c9a20f022af88aee9d70313c934b9a7,NFCORE_RNASEQ:RNASEQ:MULTIQC_CUSTOM_BIOTYPE,TREATMENT_rhIFNb_10000_REP3,NFCORE_RNASEQ:RNASEQ:MULTIQC_CUSTOM_BIOTYPE (TREATMENT_rhIFNb_10000_REP3),COMPLETED,0,-,quay.io/biocontainers/python:3.9--1,1,14400000,-,6442450944,1,1715240373953,1715240375000,1715240375000,1047,0,-,89.8,0.0,3174400,5640192,3174400,5644288,32138894,2911,4149,24,6221824,16384,4,4,/input/data/work/7c/9a20f022af88aee9d70313c934b9a7,true,-
635,2929167999,hu-worker-c42,3b/10ef69,nf-3b10ef693eb2fbe4ee2f67cb7048cf1f,NFCORE_RNASEQ:RNASEQ:STRINGTIE_STRINGTIE,TREATMENT_mIFNa11_100_REP2,NFCORE_RNASEQ:RNASEQ:STRINGTIE_STRINGTIE (TREATMENT_mIFNa11_100_REP2),COMPLETED,0,-,quay.io/biocontainers/stringtie:2.2.1--hecb563c_2,6,28800000,-,38654705664,1,1715238751935,1715240377000,1715240485000,1733065,108000,-,210.1,0.3,850472960,1018245120,939118592,1191022592,3138683186,615862675,224570,182613,1617920,614076416,55976,159908,/input/data/work/3b/10ef693eb2fbe4ee2f67cb7048cf1f,true,-
929,245893791,hu-worker-c42,72/718591,nf-72718591d583ca1bf63c8c663a1d40a9,NFCORE_RNASEQ:RNASEQ:BEDGRAPH_BEDCLIP_BEDGRAPHTOBIGWIG_FORWARD:UCSC_BEDCLIP,TREATMENT_mIFNa11_10000_REP2,NFCORE_RNASEQ:RNASEQ:BEDGRAPH_BEDCLIP_BEDGRAPHTOBIGWIG_FORWARD:UCSC_BEDCLIP (TREATMENT_mIFNa11_10000_REP2),COMPLETED,0,-,quay.io/biocontainers/ucsc-bedclip:377--h0b8a92a_2,6,28800000,-,38654705664,1,1715240398111,1715240487000,1715240491000,92889,3000,-,99.3,0.0,8261632,19369984,8261632,19439616,245957571,245893884,3912,60048,0,245903360,7,71,/input/data/work/72/718591d583ca1bf63c8c663a1d40a9,true,-
932,254831606,hu-worker-c42,4b/ceda6b,nf-4bceda6bf97599e2d7c133f72c96e28b,NFCORE_RNASEQ:RNASEQ:BEDGRAPH_BEDCLIP_BEDGRAPHTOBIGWIG_FORWARD:UCSC_BEDCLIP,TREATMENT_rhIFNa2b_1000_REP1,NFCORE_RNASEQ:RNASEQ:BEDGRAPH_BEDCLIP_BEDGRAPHTOBIGWIG_FORWARD:UCSC_BEDCLIP (TREATMENT_rhIFNa2b_1000_REP1),COMPLETED,0,-,quay.io/biocontainers/ucsc-bedclip:377--h0b8a92a_2,6,28800000,-,38654705664,1,1715240490601,1715240493000,1715240497000,6399,3000,-,99.0,0.0,8159232,19369984,8159232,19439616,254895386,254831699,4049,62230,8392704,254840832,11,89,/input/data/work/4b/ceda6bf97599e2d7c133f72c96e28b,true,-
933,31283002,hu-worker-c25,10/35de53,nf-1035de53f30ebb054c5773638a336b3b,NFCORE_RNASEQ:RNASEQ:MULTIQC_CUSTOM_BIOTYPE,TREATMENT_rhIFNb_10000_REP2,NFCORE_RNASEQ:RNASEQ:MULTIQC_CUSTOM_BIOTYPE (TREATMENT_rhIFNb_10000_REP2),COMPLETED,0,-,quay.io/biocontainers/python:3.9--1,1,14400000,-,6442450944,1,1715240517125,1715240518000,1715240518000,875,0,-,87.3,0.0,3121152,5640192,3121152,5644288,32139227,2914,4149,24,9842688,16384,3,3,/input/data/work/10/35de53f30ebb054c5773638a336b3b,true,-
934,31283005,hu-worker-c25,97/c31e77,nf-97c31e7789eec96169de41c6aabbeb1f,NFCORE_RNASEQ:RNASEQ:MULTIQC_CUSTOM_BIOTYPE,TREATMENT_mIFNa11_1000_REP2,NFCORE_RNASEQ:RNASEQ:MULTIQC_CUSTOM_BIOTYPE (TREATMENT_mIFNa11_1000_REP2),COMPLETED,0,-,quay.io/biocontainers/python:3.9--1,1,14400000,-,6442450944,1,1715240529340,1715240530000,1715240530000,660,0,-,94.9,0.0,3100672,5640192,3100672,5644288,32139262,2940,4149,24,4194304,16384,3,3,/input/data/work/97/c31e7789eec96169de41c6aabbeb1f,true,-
935,31283004,hu-worker-c42,bd/661229,nf-bd661229440cc0a49b981cb32009313c,NFCORE_RNASEQ:RNASEQ:MULTIQC_CUSTOM_BIOTYPE,TREATMENT_mIFNa11_1000_REP3,NFCORE_RNASEQ:RNASEQ:MULTIQC_CUSTOM_BIOTYPE (TREATMENT_mIFNa11_1000_REP3),COMPLETED,0,-,quay.io/biocontainers/python:3.9--1,1,14400000,-,6442450944,1,1715240551495,1715240552000,1715240552000,505,0,-,92.1,0.0,3248128,5640192,3248128,5644288,32138685,2934,4149,24,0,16384,3,3,/input/data/work/bd/661229440cc0a49b981cb32009313c,true,-
936,31282998,hu-worker-c25,2e/564fe8,nf-2e564fe8071cca0ecb3497b4ff88e447,NFCORE_RNASEQ:RNASEQ:MULTIQC_CUSTOM_BIOTYPE,TREATMENT_rhIFNb_100_REP1,NFCORE_RNASEQ:RNASEQ:MULTIQC_CUSTOM_BIOTYPE (TREATMENT_rhIFNb_100_REP1),COMPLETED,0,-,quay.io/biocontainers/python:3.9--1,1,14400000,-,6442450944,1,1715240573304,1715240574000,1715240574000,696,0,-,85.7,0.0,3190784,5640192,3190784,5644288,32139231,2930,4149,24,4198400,16384,3,3,/input/data/work/2e/564fe8071cca0ecb3497b4ff88e447,true,-
937,31283000,hu-worker-c24,96/08e536,nf-9608e536a5eff827d863bad3aca34350,NFCORE_RNASEQ:RNASEQ:MULTIQC_CUSTOM_BIOTYPE,TREATMENT_rhIFNb_1000_REP2,NFCORE_RNASEQ:RNASEQ:MULTIQC_CUSTOM_BIOTYPE (TREATMENT_rhIFNb_1000_REP2),COMPLETED,0,-,quay.io/biocontainers/python:3.9--1,1,14400000,-,6442450944,1,1715240595476,1715240596000,1715240597000,1524,1000,-,76.0,0.0,3178496,5640192,3178496,5644288,32138904,2925,4149,24,9973760,16384,3,3,/input/data/work/96/08e536a5eff827d863bad3aca34350,true,-
938,31282999,hu-worker-c34,0c/cd9480,nf-0ccd9480516c9a7376eb88a23e8ee2bb,NFCORE_RNASEQ:RNASEQ:MULTIQC_CUSTOM_BIOTYPE,TREATMENT_rhIFNb_100_REP3,NFCORE_RNASEQ:RNASEQ:MULTIQC_CUSTOM_BIOTYPE (TREATMENT_rhIFNb_100_REP3),COMPLETED,0,-,quay.io/biocontainers/python:3.9--1,1,14400000,-,6442450944,1,1715240617321,1715240618000,1715240618000,679,0,-,90.8,0.0,3235840,5640192,3235840,5644288,32138547,2912,4149,24,12587008,16384,3,3,/input/data/work/0c/cd9480516c9a7376eb88a23e8ee2bb,true,-
939,244733556,hu-worker-c34,34/c597ea,nf-34c597ead2f78c564c9e72a0ed037a7c,NFCORE_RNASEQ:RNASEQ:BEDGRAPH_BEDCLIP_BEDGRAPHTOBIGWIG_FORWARD:UCSC_BEDCLIP,TREATMENT_rhINFa2b_100000_REP2,NFCORE_RNASEQ:RNASEQ:BEDGRAPH_BEDCLIP_BEDGRAPHTOBIGWIG_FORWARD:UCSC_BEDCLIP (TREATMENT_rhINFa2b_100000_REP2),COMPLETED,0,-,quay.io/biocontainers/ucsc-bedclip:377--h0b8a92a_2,6,28800000,-,38654705664,1,1715240639538,1715240998000,1715241002000,362462,4000,-,100.0,0.0,8155136,19369984,8155136,19439616,244797252,244733650,3894,59765,0,244744192,8,83,/input/data/work/34/c597ead2f78c564c9e72a0ed037a7c,true,-
543,3169958076,hu-worker-c34,b9/742119,nf-b9742119620a1fbd99063306fede6de5,NFCORE_RNASEQ:RNASEQ:QUALIMAP_RNASEQ,TREATMENT_rhIFNb_100_REP3,NFCORE_RNASEQ:RNASEQ:QUALIMAP_RNASEQ (TREATMENT_rhIFNb_100_REP3),COMPLETED,0,-,quay.io/biocontainers/qualimap:2.2.2d--1,6,28800000,-,38654705664,1,1715238369264,1715239891000,1715240996000,2626736,1104000,-,105.6,3.1,8455458816,38060429312,8475258880,38060437504,19839324475,16647499696,628483,3059757,1818275840,16649830400,12,2,/input/data/work/b9/742119620a1fbd99063306fede6de5,true,-
450,3217775367,hu-worker-c24,00/eaccc1,nf-00eaccc1fe646864354a4f4bcba8a373,NFCORE_RNASEQ:RNASEQ:QUALIMAP_RNASEQ,TREATMENT_rhIFNb_10000_REP2,NFCORE_RNASEQ:RNASEQ:QUALIMAP_RNASEQ (TREATMENT_rhIFNb_10000_REP2),COMPLETED,0,-,quay.io/biocontainers/qualimap:2.2.2d--1,6,28800000,-,38654705664,1,1715238269227,1715239813000,1715241010000,2740773,1195000,-,108.4,3.4,9180618752,38605721600,9189576704,38672834560,20330464709,17090833593,640126,3129639,1367474176,17093328896,97,1,/input/data/work/00/eaccc1fe646864354a4f4bcba8a373,true,-
457,3370081558,hu-worker-c42,0d/19f50c,nf-0d19f50cf27e1e374ef28ded2a4e6076,NFCORE_RNASEQ:RNASEQ:QUALIMAP_RNASEQ,TREATMENT_mIFNa11_1000_REP2,NFCORE_RNASEQ:RNASEQ:QUALIMAP_RNASEQ (TREATMENT_mIFNa11_1000_REP2),COMPLETED,0,-,quay.io/biocontainers/qualimap:2.2.2d--1,6,28800000,-,38654705664,1,1715238274131,1715239771000,1715241021000,2746869,1248000,-,108.3,3.1,8320950272,38673883136,8320950272,38673887232,21684449688,18292508456,677855,3356357,624336896,18295177216,13,2,/input/data/work/0d/19f50cf27e1e374ef28ded2a4e6076,true,-
516,3204693556,hu-worker-c27,22/61c3a1,nf-2261c3a19a93c191d0c0141d672ee858,NFCORE_RNASEQ:RNASEQ:QUALIMAP_RNASEQ,TREATMENT_mIFNa11_1000_REP3,NFCORE_RNASEQ:RNASEQ:QUALIMAP_RNASEQ (TREATMENT_mIFNa11_1000_REP3),COMPLETED,0,-,quay.io/biocontainers/qualimap:2.2.2d--1,6,28800000,-,38654705664,1,1715238349124,1715239866000,1715241022000,2672876,1155000,-,105.8,2.6,6980583424,38060429312,6980583424,38127542272,20191232185,16964672512,636905,3110395,3167293440,16967008256,101,0,/input/data/work/22/61c3a19a93c191d0c0141d672ee858,true,-
942,251213526,hu-worker-c42,88/3ae592,nf-883ae592976b60752a8bceae84cf17d0,NFCORE_RNASEQ:RNASEQ:BEDGRAPH_BEDCLIP_BEDGRAPHTOBIGWIG_FORWARD:UCSC_BEDCLIP,TREATMENT_mIFNa11_100_REP1,NFCORE_RNASEQ:RNASEQ:BEDGRAPH_BEDCLIP_BEDGRAPHTOBIGWIG_FORWARD:UCSC_BEDCLIP (TREATMENT_mIFNa11_100_REP1),COMPLETED,0,-,quay.io/biocontainers/ucsc-bedclip:377--h0b8a92a_2,6,28800000,-,38654705664,1,1715241014141,1715241024000,1715241027000,12859,3000,-,99.2,0.0,8327168,19369984,8327168,19439616,251277301,251213619,3993,61347,0,251224064,8,109,/input/data/work/88/3ae592976b60752a8bceae84cf17d0,true,-
441,3204652985,hu-worker-c28,08/c38364,nf-08c38364fb0560f35210c2313501cc2f,NFCORE_RNASEQ:RNASEQ:QUALIMAP_RNASEQ,TREATMENT_rhIFNb_100_REP1,NFCORE_RNASEQ:RNASEQ:QUALIMAP_RNASEQ (TREATMENT_rhIFNb_100_REP1),COMPLETED,0,-,quay.io/biocontainers/qualimap:2.2.2d--1,6,28800000,-,38654705664,1,1715238259128,1715239879000,1715241034000,2774872,1154000,-,105.7,2.9,7871492096,37924106240,7871492096,37924114432,20046714067,16820191538,631756,3078313,1608445952,16822640640,104,2,/input/data/work/08/c38364fb0560f35210c2313501cc2f,true,-
943,31283003,hu-worker-c24,ab/687b17,nf-ab687b17ecd332521676cc979924a640,NFCORE_RNASEQ:RNASEQ:MULTIQC_CUSTOM_BIOTYPE,TREATMENT_mIFNa11_1000_REP1,NFCORE_RNASEQ:RNASEQ:MULTIQC_CUSTOM_BIOTYPE (TREATMENT_mIFNa11_1000_REP1),COMPLETED,0,-,quay.io/biocontainers/python:3.9--1,1,14400000,-,6442450944,1,1715241024965,1715241025000,1715241026000,1035,0,-,78.8,0.0,3174400,5640192,3174400,5644288,32138916,2929,4149,24,0,16384,3,3,/input/data/work/ab/687b17ecd332521676cc979924a640,true,-
944,249575535,hu-worker-c42,03/bd5935,nf-03bd593582b9d6c8e32300db74b3b121,NFCORE_RNASEQ:RNASEQ:BEDGRAPH_BEDCLIP_BEDGRAPHTOBIGWIG_FORWARD:UCSC_BEDCLIP,TREATMENT_rhIFNb_100_REP2,NFCORE_RNASEQ:RNASEQ:BEDGRAPH_BEDCLIP_BEDGRAPHTOBIGWIG_FORWARD:UCSC_BEDCLIP (TREATMENT_rhIFNb_100_REP2),COMPLETED,0,-,quay.io/biocontainers/ucsc-bedclip:377--h0b8a92a_2,6,28800000,-,38654705664,1,1715241026364,1715241030000,1715241033000,6636,3000,-,99.0,0.0,8208384,19369984,8208384,19439616,249639309,249575628,3968,60947,4194304,249585664,10,69,/input/data/work/03/bd593582b9d6c8e32300db74b3b121,true,-
445,3432579583,hu-worker-c25,d4/351ccb,nf-d4351ccb3d09d292cbbc573299bdddad,NFCORE_RNASEQ:RNASEQ:QUALIMAP_RNASEQ,TREATMENT_rhIFNb_10000_REP3,NFCORE_RNASEQ:RNASEQ:QUALIMAP_RNASEQ (TREATMENT_rhIFNb_10000_REP3),COMPLETED,0,-,quay.io/biocontainers/qualimap:2.2.2d--1,6,28800000,-,38654705664,1,1715238263994,1715239743000,1715241049000,2785006,1305000,-,105.0,3.0,8092889088,37787783168,8095309824,37787787264,22172946411,18718494957,689431,3425122,1325084672,18721198080,104,2,/input/data/work/d4/351ccb3d09d292cbbc573299bdddad,true,-
479,3512450332,hu-worker-c34,18/3f860b,nf-183f860b7c82c54132b30df1e23a8ea4,NFCORE_RNASEQ:RNASEQ:QUALIMAP_RNASEQ,TREATMENT_rhINFa2b_100000_REP1,NFCORE_RNASEQ:RNASEQ:QUALIMAP_RNASEQ (TREATMENT_rhINFa2b_100000_REP1),COMPLETED,0,-,quay.io/biocontainers/qualimap:2.2.2d--1,6,28800000,-,38654705664,1,1715238299074,1715239741000,1715241036000,2736926,1294000,-,106.6,2.9,7850164224,38742044672,7862566912,38809157632,22914683437,19380356410,711232,3556563,2201989120,19383037952,12,0,/input/data/work/18/3f860b7c82c54132b30df1e23a8ea4,true,-
531,3146910441,hu-worker-c35,19/349099,nf-19349099f5a90580a5b9610bddc9ef11,NFCORE_RNASEQ:RNASEQ:QUALIMAP_RNASEQ,TREATMENT_mIFNa11_1000_REP1,NFCORE_RNASEQ:RNASEQ:QUALIMAP_RNASEQ (TREATMENT_mIFNa11_1000_REP1),COMPLETED,0,-,quay.io/biocontainers/qualimap:2.2.2d--1,6,28800000,-,38654705664,1,1715238365080,1715239933000,1715241044000,2678920,1110000,-,106.2,2.6,7126753280,37926203392,7126753280,37991219200,19607204613,16438425780,620223,3009580,2421579776,16440586240,100,0,/input/data/work/19/349099f5a90580a5b9610bddc9ef11,true,-
947,237906398,hu-worker-c28,5c/f21eac,nf-5cf21eacf38b26184e7b1671fab1d435,NFCORE_RNASEQ:RNASEQ:BEDGRAPH_BEDCLIP_BEDGRAPHTOBIGWIG_FORWARD:UCSC_BEDCLIP,TREATMENT_rhIFNb_10000_REP1,NFCORE_RNASEQ:RNASEQ:BEDGRAPH_BEDCLIP_BEDGRAPHTOBIGWIG_FORWARD:UCSC_BEDCLIP (TREATMENT_rhIFNb_10000_REP1),COMPLETED,0,-,quay.io/biocontainers/ucsc-bedclip:377--h0b8a92a_2,6,28800000,-,38654705664,1,1715241035997,1715241037000,1715241040000,4003,3000,-,98.2,0.0,8056832,19369984,8056832,19439616,237970758,237906509,3790,58098,5259264,237916160,85,154,/input/data/work/5c/f21eacf38b26184e7b1671fab1d435,true,-
534,3161263445,hu-worker-c27,be/882e9f,nf-be882e9f2411af06ddd8a12e244f477b,NFCORE_RNASEQ:RNASEQ:QUALIMAP_RNASEQ,TREATMENT_rhIFNb_1000_REP2,NFCORE_RNASEQ:RNASEQ:QUALIMAP_RNASEQ (TREATMENT_rhIFNb_1000_REP2),COMPLETED,0,-,quay.io/biocontainers/qualimap:2.2.2d--1,6,28800000,-,38654705664,1,1715238368994,1715239922000,1715241053000,2684006,1130000,-,106.5,2.8,7667744768,37787783168,7667744768,37854896128,19748983217,16565872932,624433,3035069,2693251072,16568172544,12,2,/input/data/work/be/882e9f2411af06ddd8a12e244f477b,true,-
584,3065129048,hu-worker-c25,53/06b2ca,nf-5306b2ca60f8bf356c74443e9ee893ba,NFCORE_RNASEQ:RNASEQ:QUALIMAP_RNASEQ,TREATMENT_mIFNa11_10000_REP1,NFCORE_RNASEQ:RNASEQ:QUALIMAP_RNASEQ (TREATMENT_mIFNa11_10000_REP1),COMPLETED,0,-,quay.io/biocontainers/qualimap:2.2.2d--1,6,28800000,-,38654705664,1,1715238501888,1715240012000,1715241098000,2596112,1085000,-,108.2,3.2,8509538304,38605721600,8552632320,38605729792,19030405954,15943424392,605957,2925059,1307082752,15945674752,29,3,/input/data/work/53/06b2ca60f8bf356c74443e9ee893ba,true,-
522,3140276493,hu-worker-c35,8b/5047de,nf-8b5047de25beff5702ece92bcf6d14fb,NFCORE_RNASEQ:RNASEQ:QUALIMAP_RNASEQ,TREATMENT_rhINFa2b_100000_REP3,NFCORE_RNASEQ:RNASEQ:QUALIMAP_RNASEQ (TREATMENT_rhINFa2b_100000_REP3),COMPLETED,0,-,quay.io/biocontainers/qualimap:2.2.2d--1,6,28800000,-,38654705664,1,1715238359197,1715240005000,1715241103000,2743803,1097000,-,106.5,2.9,7828410368,38401236992,7828410368,38468349952,19555421198,16393299892,619484,3005375,1963290624,16395558912,12,0,/input/data/work/8b/5047de25beff5702ece92bcf6d14fb,true,-
641,2912856314,hu-worker-c34,da/b76c07,nf-dab76c074decc719450db051c58cc63c,NFCORE_RNASEQ:RNASEQ:STRINGTIE_STRINGTIE,TREATMENT_rhIFNb_100000_REP1,NFCORE_RNASEQ:RNASEQ:STRINGTIE_STRINGTIE (TREATMENT_rhIFNb_100000_REP1),COMPLETED,0,-,quay.io/biocontainers/stringtie:2.2.1--hecb563c_2,6,28800000,-,38654705664,1,1715238767027,1715241004000,1715241111000,2343973,106000,-,211.1,0.3,900513792,1122701312,936140800,1286021120,3122375408,614757700,224074,181335,0,613027840,62969,49702,/input/data/work/da/b76c074decc719450db051c58cc63c,true,-
610,3029854946,hu-worker-c28,4f/889d7f,nf-4f889d7ffcc49d2538874a5b8e3c6580,NFCORE_RNASEQ:RNASEQ:QUALIMAP_RNASEQ,TREATMENT_rhIFNa2b_1000_REP3,NFCORE_RNASEQ:RNASEQ:QUALIMAP_RNASEQ (TREATMENT_rhIFNa2b_1000_REP3),COMPLETED,0,-,quay.io/biocontainers/qualimap:2.2.2d--1,6,28800000,-,38654705664,1,1715238563132,1715240057000,1715241131000,2567868,1073000,-,105.2,3.0,8020131840,38401236992,8021397504,38468349952,18706285801,15654569010,597279,2872931,911134720,15656701952,29,1,/input/data/work/4f/889d7ffcc49d2538874a5b8e3c6580,true,-
661,2897701612,hu-worker-c42,08/4eeef5,nf-084eeef5f0f7c314f1b5a98661b6417c,NFCORE_RNASEQ:RNASEQ:STRINGTIE_STRINGTIE,TREATMENT_rhIFNb_1000_REP1,NFCORE_RNASEQ:RNASEQ:STRINGTIE_STRINGTIE (TREATMENT_rhIFNb_1000_REP1),COMPLETED,0,-,quay.io/biocontainers/stringtie:2.2.1--hecb563c_2,6,28800000,-,38654705664,1,1715238797639,1715241036000,1715241137000,2339361,101000,-,214.8,0.3,904159232,1068539904,974831616,1248305152,3107956909,615657648,223794,182687,0,613867520,61447,34955,/input/data/work/08/4eeef5f0f7c314f1b5a98661b6417c,true,-
674,2857481272,hu-worker-c35,0b/e94309,nf-0be94309bc881ff4d197f4852e2c65fb,NFCORE_RNASEQ:RNASEQ:STRINGTIE_STRINGTIE,TREATMENT_mIFNa11_10000_REP2,NFCORE_RNASEQ:RNASEQ:STRINGTIE_STRINGTIE (TREATMENT_mIFNa11_10000_REP2),COMPLETED,0,-,quay.io/biocontainers/stringtie:2.2.1--hecb563c_2,6,28800000,-,38654705664,1,1715238823315,1715241046000,1715241147000,2323685,100000,-,215.8,0.3,911618048,1175015424,996024320,1330540544,3068679660,616886308,222796,182122,712704,615145472,52730,14304,/input/data/work/0b/e94309bc881ff4d197f4852e2c65fb,true,-
684,2864984464,hu-worker-c28,24/e0a8b1,nf-24e0a8b1a897e082d29a97e4a150ca99,NFCORE_RNASEQ:RNASEQ:STRINGTIE_STRINGTIE,TREATMENT_rhIFNa2b_1000_REP1,NFCORE_RNASEQ:RNASEQ:STRINGTIE_STRINGTIE (TREATMENT_rhIFNa2b_1000_REP1),COMPLETED,0,-,quay.io/biocontainers/stringtie:2.2.1--hecb563c_2,6,28800000,-,38654705664,1,1715238842239,1715241043000,1715241150000,2307761,107000,-,206.5,0.3,852774912,1030758400,1007140864,1218269184,3071848559,612820267,221964,180402,1368064,611110912,53728,31731,/input/data/work/24/e0a8b1a897e082d29a97e4a150ca99,true,-
681,2834536857,hu-worker-c27,81/b2bd46,nf-81b2bd4677af650008106fb496e44002,NFCORE_RNASEQ:RNASEQ:STRINGTIE_STRINGTIE,TREATMENT_rhINFa2b_100000_REP2,NFCORE_RNASEQ:RNASEQ:STRINGTIE_STRINGTIE (TREATMENT_rhINFa2b_100000_REP2),COMPLETED,0,-,quay.io/biocontainers/stringtie:2.2.1--hecb563c_2,6,28800000,-,38654705664,1,1715238823439,1715241056000,1715241158000,2334561,102000,-,214.2,0.3,851066880,1010290688,923418624,1117667328,3043296209,613677729,221499,181558,1282048,611921920,59903,1014,/input/data/work/81/b2bd4677af650008106fb496e44002,true,-
595,3061257274,hu-worker-c41,85/058ae0,nf-85058ae03c6026f7567399a995a2e266,NFCORE_RNASEQ:RNASEQ:QUALIMAP_RNASEQ,TREATMENT_rhIFNb_1000_REP3,NFCORE_RNASEQ:RNASEQ:QUALIMAP_RNASEQ (TREATMENT_rhIFNb_1000_REP3),COMPLETED,0,-,quay.io/biocontainers/qualimap:2.2.2d--1,6,28800000,-,38654705664,1,1715238525998,1715240054000,1715241170000,2644002,1115000,-,107.4,3.1,8421335040,38810206208,8432594944,38877319168,19002400736,15919284143,605078,2919795,1061339136,15921459200,29,0,/input/data/work/85/058ae03c6026f7567399a995a2e266,true,-
620,3001105455,hu-worker-c24,c9/4c981b,nf-c94c981bb0ed228eb35fce233389e61a,NFCORE_RNASEQ:RNASEQ:QUALIMAP_RNASEQ,TREATMENT_rhINFa2b_10000_REP1,NFCORE_RNASEQ:RNASEQ:QUALIMAP_RNASEQ (TREATMENT_rhINFa2b_10000_REP1),COMPLETED,0,-,quay.io/biocontainers/qualimap:2.2.2d--1,6,28800000,-,38654705664,1,1715238616710,1715240157000,1715241187000,2570290,1029000,-,107.4,3.0,8199933952,38742044672,8234258432,38809157632,18373269651,15350311860,588296,2818600,921997312,15352152064,28,0,/input/data/work/c9/4c981bb0ed228eb35fce233389e61a,true,-
962,31283012,hu-worker-c34,b5/129898,nf-b512989833448fdceaac719aeb29a755,NFCORE_RNASEQ:RNASEQ:MULTIQC_CUSTOM_BIOTYPE,TREATMENT_rhINFa2b_100000_REP3,NFCORE_RNASEQ:RNASEQ:MULTIQC_CUSTOM_BIOTYPE (TREATMENT_rhINFa2b_100000_REP3),COMPLETED,0,-,quay.io/biocontainers/python:3.9--1,1,14400000,-,6442450944,1,1715241181312,1715241182000,1715241183000,1688,0,-,90.3,0.0,3276800,5640192,3276800,5644288,32138635,2943,4149,24,0,16384,3,3,/input/data/work/b5/12989833448fdceaac719aeb29a755,true,-
963,31283005,hu-worker-c24,94/fbbcf5,nf-94fbbcf586672d5e534fde7a9c56a13a,NFCORE_RNASEQ:RNASEQ:MULTIQC_CUSTOM_BIOTYPE,TREATMENT_mIFNa11_10000_REP1,NFCORE_RNASEQ:RNASEQ:MULTIQC_CUSTOM_BIOTYPE (TREATMENT_mIFNa11_10000_REP1),COMPLETED,0,-,quay.io/biocontainers/python:3.9--1,1,14400000,-,6442450944,1,1715241192885,1715241193000,1715241194000,1115,0,-,89.4,0.0,3174400,5640192,3174400,5644288,32138902,2912,4149,24,0,16384,3,3,/input/data/work/94/fbbcf586672d5e534fde7a9c56a13a,true,-
703,2831034842,hu-worker-c34,f0/dae6ef,nf-f0dae6ef5b15cd0cdab629fdd6e7c24e,NFCORE_RNASEQ:RNASEQ:STRINGTIE_STRINGTIE,TREATMENT_mIFNa11_100_REP1,NFCORE_RNASEQ:RNASEQ:STRINGTIE_STRINGTIE (TREATMENT_mIFNa11_100_REP1),COMPLETED,0,-,quay.io/biocontainers/stringtie:2.2.1--hecb563c_2,6,28800000,-,38654705664,1,1715238867204,1715241114000,1715241212000,2344796,98000,-,218.7,0.3,881971200,1035071488,1023569920,1328783360,3040641305,615342885,221598,181801,0,613593088,54805,917,/input/data/work/f0/dae6ef5b15cd0cdab629fdd6e7c24e,true,-
964,31283000,hu-worker-c42,a0/18431b,nf-a018431b3ba5c51c8af0c64e764fd709,NFCORE_RNASEQ:RNASEQ:MULTIQC_CUSTOM_BIOTYPE,TREATMENT_rhIFNb_1000_REP3,NFCORE_RNASEQ:RNASEQ:MULTIQC_CUSTOM_BIOTYPE (TREATMENT_rhIFNb_1000_REP3),COMPLETED,0,-,quay.io/biocontainers/python:3.9--1,1,14400000,-,6442450944,1,1715241200393,1715241201000,1715241201000,607,0,-,93.4,0.0,3284992,5640192,3284992,5644288,32138643,2910,4149,24,0,16384,4,4,/input/data/work/a0/18431b3ba5c51c8af0c64e764fd709,true,-
965,31283008,hu-worker-c35,4b/6d50b0,nf-4b6d50b0fb19297225e1376f7973bf06,NFCORE_RNASEQ:RNASEQ:MULTIQC_CUSTOM_BIOTYPE,TREATMENT_rhIFNa2b_1000_REP3,NFCORE_RNASEQ:RNASEQ:MULTIQC_CUSTOM_BIOTYPE (TREATMENT_rhIFNa2b_1000_REP3),COMPLETED,0,-,quay.io/biocontainers/python:3.9--1,1,14400000,-,6442450944,1,1715241211484,1715241212000,1715241213000,1516,1000,-,84.3,0.0,3108864,5640192,3108864,5644288,32138599,2924,4149,24,9850880,16384,3,3,/input/data/work/4b/6d50b0fb19297225e1376f7973bf06,true,-
966,31283009,hu-worker-c27,3d/8a214f,nf-3d8a214f8876feef0772c8b109097bac,NFCORE_RNASEQ:RNASEQ:MULTIQC_CUSTOM_BIOTYPE,TREATMENT_rhINFa2b_10000_REP1,NFCORE_RNASEQ:RNASEQ:MULTIQC_CUSTOM_BIOTYPE (TREATMENT_rhINFa2b_10000_REP1),COMPLETED,0,-,quay.io/biocontainers/python:3.9--1,1,14400000,-,6442450944,1,1715241216995,1715241217000,1715241218000,1005,0,-,80.2,0.0,3153920,5640192,3153920,5644288,32139245,2922,4149,24,6893568,16384,3,3,/input/data/work/3d/8a214f8876feef0772c8b109097bac,true,-
967,31283002,hu-worker-c25,7e/ba699a,nf-7eba699a53604eca6a45f5336d6d517b,NFCORE_RNASEQ:RNASEQ:MULTIQC_CUSTOM_BIOTYPE,TREATMENT_mIFNa11_100_REP2,NFCORE_RNASEQ:RNASEQ:MULTIQC_CUSTOM_BIOTYPE (TREATMENT_mIFNa11_100_REP2),COMPLETED,0,-,quay.io/biocontainers/python:3.9--1,1,14400000,-,6442450944,1,1715241222781,1715241223000,1715241224000,1219,1000,-,92.5,0.0,3190784,5640192,3190784,5644288,32139224,2919,4149,24,0,16384,3,3,/input/data/work/7e/ba699a53604eca6a45f5336d6d517b,true,-
968,31283003,hu-worker-c25,fe/0a3e5f,nf-fe0a3e5f84b33bfc1fc04374c1b947e7,NFCORE_RNASEQ:RNASEQ:MULTIQC_CUSTOM_BIOTYPE,TREATMENT_rhIFNb_100000_REP1,NFCORE_RNASEQ:RNASEQ:MULTIQC_CUSTOM_BIOTYPE (TREATMENT_rhIFNb_100000_REP1),COMPLETED,0,-,quay.io/biocontainers/python:3.9--1,1,14400000,-,6442450944,1,1715241233847,1715241234000,1715241235000,1153,0,-,91.7,0.0,3194880,5640192,3194880,5644288,32139231,2912,4149,24,0,16384,3,3,/input/data/work/fe/0a3e5f84b33bfc1fc04374c1b947e7,true,-
495,3633532864,hu-worker-c41,c6/8046ee,nf-c68046eed7091888729b67bb6d833f6f,NFCORE_RNASEQ:RNASEQ:QUALIMAP_RNASEQ,TREATMENT_rhINFa2b_10000_REP2,NFCORE_RNASEQ:RNASEQ:QUALIMAP_RNASEQ (TREATMENT_rhINFa2b_10000_REP2),COMPLETED,0,-,quay.io/biocontainers/qualimap:2.2.2d--1,6,28800000,-,38654705664,1,1715238313977,1715239733000,1715241242000,2928023,1508000,-,106.9,2.9,7711346688,38742044672,7717236736,38809157632,23869164366,20213760600,736229,3705756,1356152832,20216815616,105,3,/input/data/work/c6/8046eed7091888729b67bb6d833f6f,true,-
718,2822495560,hu-worker-c28,a7/d0440b,nf-a7d0440b0e88fdb29ec23a7a65b0ab70,NFCORE_RNASEQ:RNASEQ:STRINGTIE_STRINGTIE,TREATMENT_rhIFNb_100_REP2,NFCORE_RNASEQ:RNASEQ:STRINGTIE_STRINGTIE (TREATMENT_rhIFNb_100_REP2),COMPLETED,0,-,quay.io/biocontainers/stringtie:2.2.1--hecb563c_2,6,28800000,-,38654705664,1,1715238877110,1715241134000,1715241241000,2363890,107000,-,211.7,0.3,836116480,1011441664,967753728,1311338496,3033072852,616360302,221578,183508,0,614535168,53347,895,/input/data/work/a7/d0440b0e88fdb29ec23a7a65b0ab70,true,-
969,31283000,hu-worker-c35,1f/8be735,nf-1f8be73585766e0523587a07c3f1305a,NFCORE_RNASEQ:RNASEQ:MULTIQC_CUSTOM_BIOTYPE,TREATMENT_rhIFNb_1000_REP1,NFCORE_RNASEQ:RNASEQ:MULTIQC_CUSTOM_BIOTYPE (TREATMENT_rhIFNb_1000_REP1),COMPLETED,0,-,quay.io/biocontainers/python:3.9--1,1,14400000,-,6442450944,1,1715241233950,1715241235000,1715241235000,1050,0,-,91.6,0.0,3207168,5640192,3207168,5644288,32138561,2909,4149,24,0,16384,3,3,/input/data/work/1f/8be73585766e0523587a07c3f1305a,true,-
970,31283006,hu-worker-c27,cf/520648,nf-cf520648c21bb9daa5925df6e6b9a4b6,NFCORE_RNASEQ:RNASEQ:MULTIQC_CUSTOM_BIOTYPE,TREATMENT_rhIFNa2b_1000_REP1,NFCORE_RNASEQ:RNASEQ:MULTIQC_CUSTOM_BIOTYPE (TREATMENT_rhIFNa2b_1000_REP1),COMPLETED,0,-,quay.io/biocontainers/python:3.9--1,1,14400000,-,6442450944,1,1715241245109,1715241246000,1715241246000,891,0,-,91.6,0.0,3125248,5640192,3125248,5644288,32139230,2919,4149,24,4194304,16384,3,3,/input/data/work/cf/520648c21bb9daa5925df6e6b9a4b6,true,-
737,2814009005,hu-worker-c28,3b/3e9d23,nf-3b3e9d2344e4441de16f063edf83db33,NFCORE_RNASEQ:RNASEQ:STRINGTIE_STRINGTIE,TREATMENT_rhIFNb_10000_REP1,NFCORE_RNASEQ:RNASEQ:STRINGTIE_STRINGTIE (TREATMENT_rhIFNb_10000_REP1),COMPLETED,0,-,quay.io/biocontainers/stringtie:2.2.1--hecb563c_2,6,28800000,-,38654705664,1,1715238907165,1715241153000,1715241255000,2347835,101000,-,216.9,0.3,872652800,1070043136,928935936,1151045632,3023055956,613685778,220941,181639,0,611926016,54686,1003,/input/data/work/3b/3e9d2344e4441de16f063edf83db33,true,-
761,2794331027,hu-worker-c27,f0/51c8e5,nf-f051c8e57b5955f449f820f03cbdc559,NFCORE_RNASEQ:RNASEQ:STRINGTIE_STRINGTIE,TREATMENT_mIFNa11_100000_REP1,NFCORE_RNASEQ:RNASEQ:STRINGTIE_STRINGTIE (TREATMENT_mIFNa11_100000_REP1),COMPLETED,0,-,quay.io/biocontainers/stringtie:2.2.1--hecb563c_2,6,28800000,-,38654705664,1,1715238998492,1715241161000,1715241260000,2261508,98000,-,216.7,0.3,840241152,1088311296,968626176,1294786560,3003019011,613349156,220253,182160,0,611561472,55824,1012,/input/data/work/f0/51c8e57b5955f449f820f03cbdc559,true,-
758,2766550446,hu-worker-c24,9a/6886b4,nf-9a6886b43e079cb4dfdc6c40db175cd6,NFCORE_RNASEQ:RNASEQ:STRINGTIE_STRINGTIE,TREATMENT_rhIFNa2b_1000_REP2,NFCORE_RNASEQ:RNASEQ:STRINGTIE_STRINGTIE (TREATMENT_rhIFNa2b_1000_REP2),COMPLETED,0,-,quay.io/biocontainers/stringtie:2.2.1--hecb563c_2,6,28800000,-,38654705664,1,1715238961184,1715241190000,1715241288000,2326816,98000,-,216.9,0.3,874037248,1056751616,980885504,1260949504,2974290054,612953773,219173,180923,0,611217408,52598,1057,/input/data/work/9a/6886b43e079cb4dfdc6c40db175cd6,true,-
512,2743130485,hu-worker-c24,08/f13162,nf-08f13162a75256321664062f6faf09f7,NFCORE_RNASEQ:RNASEQ:BAM_RSEQC:RSEQC_INFEREXPERIMENT,TREATMENT_rhINFa2b_10000_REP2,NFCORE_RNASEQ:RNASEQ:BAM_RSEQC:RSEQC_INFEREXPERIMENT (TREATMENT_rhINFa2b_10000_REP2),COMPLETED,0,-,quay.io/biocontainers/rseqc:3.0.1--py37h516909a_1,6,28800000,-,38654705664,1,1715238347508,1715241291000,1715241294000,2946492,2000,-,425.8,0.0,63266816,1420677120,63266816,1424879616,53067687,2025,4833,19,32800768,16384,556,23,/input/data/work/08/f13162a75256321664062f6faf09f7,true,-
978,31283007,hu-worker-c34,82/ed461a,nf-82ed461a7300e8120a038dc8c2f235ee,NFCORE_RNASEQ:RNASEQ:MULTIQC_CUSTOM_BIOTYPE,TREATMENT_mIFNa11_10000_REP2,NFCORE_RNASEQ:RNASEQ:MULTIQC_CUSTOM_BIOTYPE (TREATMENT_mIFNa11_10000_REP2),COMPLETED,0,-,quay.io/biocontainers/python:3.9--1,1,14400000,-,6442450944,1,1715241297273,1715241298000,1715241298000,727,0,-,91.6,0.0,3301376,5640192,3301376,5644288,32138610,2939,4149,24,4198400,16384,3,3,/input/data/work/82/ed461a7300e8120a038dc8c2f235ee,true,-
979,31283012,hu-worker-c25,f8/7e1f5e,nf-f87e1f5e63984622a09e249f6444e77f,NFCORE_RNASEQ:RNASEQ:MULTIQC_CUSTOM_BIOTYPE,TREATMENT_rhINFa2b_100000_REP2,NFCORE_RNASEQ:RNASEQ:MULTIQC_CUSTOM_BIOTYPE (TREATMENT_rhINFa2b_100000_REP2),COMPLETED,0,-,quay.io/biocontainers/python:3.9--1,1,14400000,-,6442450944,1,1715241307146,1715241308000,1715241308000,854,0,-,92.1,0.0,3170304,5640192,3170304,5644288,32139272,2928,4149,24,0,16384,3,3,/input/data/work/f8/7e1f5e63984622a09e249f6444e77f,true,-
980,31283000,hu-worker-c42,a1/0d7878,nf-a10d78787104ea2d6d7c4a97a884a932,NFCORE_RNASEQ:RNASEQ:MULTIQC_CUSTOM_BIOTYPE,TREATMENT_mIFNa11_100_REP1,NFCORE_RNASEQ:RNASEQ:MULTIQC_CUSTOM_BIOTYPE (TREATMENT_mIFNa11_100_REP1),COMPLETED,0,-,quay.io/biocontainers/python:3.9--1,1,14400000,-,6442450944,1,1715241318240,1715241319000,1715241319000,760,0,-,90.9,0.0,3248128,5640192,3248128,5644288,32138643,2910,4149,24,4198400,16384,3,3,/input/data/work/a1/0d78787104ea2d6d7c4a97a884a932,true,-
981,31282998,hu-worker-c24,c1/4f5b8f,nf-c14f5b8f3391f18536cbe7be91703c69,NFCORE_RNASEQ:RNASEQ:MULTIQC_CUSTOM_BIOTYPE,TREATMENT_rhIFNb_100_REP2,NFCORE_RNASEQ:RNASEQ:MULTIQC_CUSTOM_BIOTYPE (TREATMENT_rhIFNb_100_REP2),COMPLETED,0,-,quay.io/biocontainers/python:3.9--1,1,14400000,-,6442450944,1,1715241329378,1715241330000,1715241330000,622,0,-,92.7,0.0,3149824,5640192,3149824,5644288,32138867,2906,4149,24,4198400,16384,3,3,/input/data/work/c1/4f5b8f3391f18536cbe7be91703c69,true,-
751,2751436949,hu-worker-c28,bf/4001c6,nf-bf4001c6510c5ba59bc4a16319775c9e,NFCORE_RNASEQ:RNASEQ:STRINGTIE_STRINGTIE,TREATMENT_mIFNa11_10000_REP3,NFCORE_RNASEQ:RNASEQ:STRINGTIE_STRINGTIE (TREATMENT_mIFNa11_10000_REP3),COMPLETED,0,-,quay.io/biocontainers/stringtie:2.2.1--hecb563c_2,6,28800000,-,38654705664,1,1715238950812,1715241244000,1715241348000,2397188,104000,-,212.5,0.3,784740352,1046839296,886165504,1046843392,2960635866,613768406,219070,182047,0,611987456,58047,923,/input/data/work/bf/4001c6510c5ba59bc4a16319775c9e,true,-
767,2749216559,hu-worker-c27,d4/9164b7,nf-d49164b77aa332c466be80efc743ae1e,NFCORE_RNASEQ:RNASEQ:STRINGTIE_STRINGTIE,TREATMENT_rhIFNa2b_100_REP2,NFCORE_RNASEQ:RNASEQ:STRINGTIE_STRINGTIE (TREATMENT_rhIFNa2b_100_REP2),COMPLETED,0,-,quay.io/biocontainers/stringtie:2.2.1--hecb563c_2,6,28800000,-,38654705664,1,1715239081100,1715241263000,1715241356000,2274900,93000,-,223.3,0.3,824057856,993431552,853082112,1066401792,2955552949,611266472,218303,180395,0,609542144,53654,845,/input/data/work/d4/9164b77aa332c466be80efc743ae1e,true,-
511,2743130485,hu-worker-c24,4e/01469b,nf-4e01469bc679705a1c064d7a13546d0b,NFCORE_RNASEQ:RNASEQ:BAM_RSEQC:RSEQC_INNERDISTANCE,TREATMENT_rhINFa2b_10000_REP2,NFCORE_RNASEQ:RNASEQ:BAM_RSEQC:RSEQC_INNERDISTANCE (TREATMENT_rhINFa2b_10000_REP2),COMPLETED,0,-,quay.io/biocontainers/rseqc:3.0.1--py37h516909a_1,6,28800000,-,38654705664,1,1715238347588,1715241297000,1715241353000,3005412,55000,-,118.1,0.3,927444992,2327732224,927444992,2327736320,241587977,54747483,13142,6712,16711680,54792192,14,439,/input/data/work/4e/01469bc679705a1c064d7a13546d0b,true,-
513,2743130485,hu-worker-c24,32/02e2de,nf-3202e2def870ea49a42d90b2c961c8b2,NFCORE_RNASEQ:RNASEQ:BAM_RSEQC:RSEQC_JUNCTIONANNOTATION,TREATMENT_rhINFa2b_10000_REP2,NFCORE_RNASEQ:RNASEQ:BAM_RSEQC:RSEQC_JUNCTIONANNOTATION (TREATMENT_rhINFa2b_10000_REP2),COMPLETED,0,-,quay.io/biocontainers/rseqc:3.0.1--py37h516909a_1,6,28800000,-,38654705664,1,1715238347705,1715241356000,1715241462000,3114295,105000,-,109.1,0.0,128983040,1486508032,130871296,1488351232,2773365153,62592009,89494,7630,8192,62623744,178,766,/input/data/work/32/02e2def870ea49a42d90b2c961c8b2,true,-
514,2743130485,hu-worker-c27,32/4d9078,nf-324d90789fa3d833a5019b3e32fde086,NFCORE_RNASEQ:RNASEQ:BAM_RSEQC:RSEQC_JUNCTIONSATURATION,TREATMENT_rhINFa2b_10000_REP2,NFCORE_RNASEQ:RNASEQ:BAM_RSEQC:RSEQC_JUNCTIONSATURATION (TREATMENT_rhINFa2b_10000_REP2),COMPLETED,0,-,quay.io/biocontainers/rseqc:3.0.1--py37h516909a_1,6,28800000,-,38654705664,1,1715238347748,1715241359000,1715241489000,3141252,129000,-,107.6,0.5,1468694528,2838818816,1468694528,2838822912,2757619257,18453,87569,35,49106944,32768,554,1499,/input/data/work/32/4d90789fa3d833a5019b3e32fde086,true,-
633,2929167999,hu-worker-c42,e4/2bb9d5,nf-e42bb9d595043568984e03ef77eefa16,NFCORE_RNASEQ:RNASEQ:QUALIMAP_RNASEQ,TREATMENT_mIFNa11_100_REP2,NFCORE_RNASEQ:RNASEQ:QUALIMAP_RNASEQ (TREATMENT_mIFNa11_100_REP2),COMPLETED,0,-,quay.io/biocontainers/qualimap:2.2.2d--1,6,28800000,-,38654705664,1,1715238752038,1715240499000,1715241492000,2739962,992000,-,109.6,3.4,9081352192,38537560064,9091997696,38537564160,17894448077,14943415978,576280,2747512,491024384,14945443840,12,1,/input/data/work/e4/2bb9d595043568984e03ef77eefa16,true,-
989,31283003,hu-worker-c42,dd/d25f16,nf-ddd25f1601a2d17f4d9d545193f2268c,NFCORE_RNASEQ:RNASEQ:MULTIQC_CUSTOM_BIOTYPE,TREATMENT_rhIFNb_10000_REP1,NFCORE_RNASEQ:RNASEQ:MULTIQC_CUSTOM_BIOTYPE (TREATMENT_rhIFNb_10000_REP1),COMPLETED,0,-,quay.io/biocontainers/python:3.9--1,1,14400000,-,6442450944,1,1715241498055,1715241499000,1715241499000,945,0,-,90.8,0.0,3305472,5640192,3305472,5644288,32138657,2914,4149,24,0,16384,3,3,/input/data/work/dd/d25f1601a2d17f4d9d545193f2268c,true,-
509,2743130485,hu-worker-c28,87/9df1bc,nf-879df1bc08a18342610c6ba3cafeb566,NFCORE_RNASEQ:RNASEQ:BAM_RSEQC:RSEQC_READDISTRIBUTION,TREATMENT_rhINFa2b_10000_REP2,NFCORE_RNASEQ:RNASEQ:BAM_RSEQC:RSEQC_READDISTRIBUTION (TREATMENT_rhINFa2b_10000_REP2),COMPLETED,0,-,quay.io/biocontainers/rseqc:3.0.1--py37h516909a_1,6,28800000,-,38654705664,1,1715238347627,1715241351000,1715241541000,3193373,189000,-,103.4,0.4,1063288832,2426908672,1145802752,2509225984,2982911288,2978,115435,19,32788480,16384,578,1496,/input/data/work/87/9df1bc08a18342610c6ba3cafeb566,true,-
791,2731468660,hu-worker-c24,40/0f62d2,nf-400f62d217309f824ea1fa0aec8a0417,NFCORE_RNASEQ:RNASEQ:STRINGTIE_STRINGTIE,TREATMENT_rhIFNa2b_100_REP1,NFCORE_RNASEQ:RNASEQ:STRINGTIE_STRINGTIE (TREATMENT_rhIFNa2b_100_REP1),COMPLETED,0,-,quay.io/biocontainers/stringtie:2.2.1--hecb563c_2,6,28800000,-,38654705664,1,1715239254182,1715241465000,1715241560000,2305818,95000,-,219.2,0.3,858746880,1018404864,931463168,1096347648,2938089724,611657446,217829,180678,0,609918976,52191,1025,/input/data/work/40/0f62d217309f824ea1fa0aec8a0417,true,-
990,239870398,hu-worker-c24,93/7a08bd,nf-937a08bdd767a3c2e9c20f46c1679851,NFCORE_RNASEQ:RNASEQ:BEDGRAPH_BEDCLIP_BEDGRAPHTOBIGWIG_FORWARD:UCSC_BEDCLIP,TREATMENT_mIFNa11_100000_REP1,NFCORE_RNASEQ:RNASEQ:BEDGRAPH_BEDCLIP_BEDGRAPHTOBIGWIG_FORWARD:UCSC_BEDCLIP (TREATMENT_mIFNa11_100000_REP1),COMPLETED,0,-,quay.io/biocontainers/ucsc-bedclip:377--h0b8a92a_2,6,28800000,-,38654705664,1,1715241551492,1715241563000,1715241567000,15508,3000,-,99.3,0.0,8044544,19369984,8044544,19439616,239934432,239870500,3820,58578,5263360,239882240,68,104,/input/data/work/93/7a08bdd767a3c2e9c20f46c1679851,true,-
993,243283016,hu-worker-c24,53/2e47c3,nf-532e47c3fab4a3ed1c0afd5f86c79c42,NFCORE_RNASEQ:RNASEQ:BEDGRAPH_BEDCLIP_BEDGRAPHTOBIGWIG_FORWARD:UCSC_BEDCLIP,TREATMENT_rhIFNa2b_1000_REP2,NFCORE_RNASEQ:RNASEQ:BEDGRAPH_BEDCLIP_BEDGRAPHTOBIGWIG_FORWARD:UCSC_BEDCLIP (TREATMENT_rhIFNa2b_1000_REP2),COMPLETED,0,-,quay.io/biocontainers/ucsc-bedclip:377--h0b8a92a_2,6,28800000,-,38654705664,1,1715241568144,1715241569000,1715241573000,4856,3000,-,99.4,0.0,8048640,19369984,8048640,19439616,243347030,243283106,3872,59411,4194304,243294208,19,67,/input/data/work/53/2e47c3fab4a3ed1c0afd5f86c79c42,true,-
794,2722545323,hu-worker-c42,c1/2a8a09,nf-c12a8a09602fdcd221110251e9db943d,NFCORE_RNASEQ:RNASEQ:STRINGTIE_STRINGTIE,TREATMENT_rhIFNa2b_100_REP3,NFCORE_RNASEQ:RNASEQ:STRINGTIE_STRINGTIE (TREATMENT_rhIFNa2b_100_REP3),COMPLETED,0,-,quay.io/biocontainers/stringtie:2.2.1--hecb563c_2,6,28800000,-,38654705664,1,1715239322947,1715241495000,1715241590000,2267053,95000,-,217.8,0.3,823435264,1029316608,950366208,1205075968,2929078644,611556496,217536,181053,0,609800192,53530,3980,/input/data/work/c1/2a8a09602fdcd221110251e9db943d,true,-
994,31283009,hu-worker-c34,81/5bc646,nf-815bc64652d3734a73186bb015230b27,NFCORE_RNASEQ:RNASEQ:MULTIQC_CUSTOM_BIOTYPE,TREATMENT_mIFNa11_100000_REP1,NFCORE_RNASEQ:RNASEQ:MULTIQC_CUSTOM_BIOTYPE (TREATMENT_mIFNa11_100000_REP1),COMPLETED,0,-,quay.io/biocontainers/python:3.9--1,1,14400000,-,6442450944,1,1715241589784,1715241590000,1715241591000,1216,1000,-,90.8,0.0,3268608,5640192,3268608,5644288,32138596,2921,4149,24,0,16384,4,4,/input/data/work/81/5bc64652d3734a73186bb015230b27,true,-
823,2720251144,hu-worker-c24,49/33ff8f,nf-4933ff8f6ca84ad99708363cb1ebf7eb,NFCORE_RNASEQ:RNASEQ:STRINGTIE_STRINGTIE,CONTROL_REP1,NFCORE_RNASEQ:RNASEQ:STRINGTIE_STRINGTIE (CONTROL_REP1),COMPLETED,0,-,quay.io/biocontainers/stringtie:2.2.1--hecb563c_2,6,28800000,-,38654705664,1,1715239572711,1715241575000,1715241677000,2104289,101000,-,212.4,0.3,811610112,1036038144,906649600,1152446464,2926872175,611657380,217491,180678,0,609918976,49859,111473,/input/data/work/49/33ff8f6ca84ad99708363cb1ebf7eb,true,-
810,2720241713,hu-worker-c24,0a/140c74,nf-0a140c74469ee8e8639a5deccf3aa432,NFCORE_RNASEQ:RNASEQ:STRINGTIE_STRINGTIE,CONTROL_REP3,NFCORE_RNASEQ:RNASEQ:STRINGTIE_STRINGTIE (CONTROL_REP3),COMPLETED,0,-,quay.io/biocontainers/stringtie:2.2.1--hecb563c_2,6,28800000,-,38654705664,1,1715239477389,1715241679000,1715241771000,2293611,92000,-,223.7,0.3,823373824,1017954304,938680320,1091817472,2926862744,611657381,217493,180678,0,609918976,53023,992,/input/data/work/0a/140c74469ee8e8639a5deccf3aa432,true,-
687,2864984464,hu-worker-c34,b8/c89b83,nf-b8c89b83ce183dd4c4402657693235ad,NFCORE_RNASEQ:RNASEQ:QUALIMAP_RNASEQ,TREATMENT_rhIFNa2b_1000_REP1,NFCORE_RNASEQ:RNASEQ:QUALIMAP_RNASEQ (TREATMENT_rhIFNa2b_1000_REP1),COMPLETED,0,-,quay.io/biocontainers/qualimap:2.2.2d--1,6,28800000,-,38654705664,1,1715238842207,1715241039000,1715241993000,3150793,953000,-,108.5,3.0,8121925632,38537560064,8121925632,38604673024,17305654378,14418804219,560303,2651501,0,14420516864,12,0,/input/data/work/b8/c89b83ce183dd4c4402657693235ad,true,-
640,2912856314,hu-worker-c24,8b/a8eec1,nf-8ba8eec12586e1c37b14aa921a45cb5b,NFCORE_RNASEQ:RNASEQ:QUALIMAP_RNASEQ,TREATMENT_rhIFNb_100000_REP1,NFCORE_RNASEQ:RNASEQ:QUALIMAP_RNASEQ (TREATMENT_rhIFNb_100000_REP1),COMPLETED,0,-,quay.io/biocontainers/qualimap:2.2.2d--1,6,28800000,-,38654705664,1,1715238767054,1715241012000,1715242015000,3247946,1002000,-,110.2,3.7,9903497216,38742044672,9903603712,38742052864,17690072142,14755355153,569347,2705295,176128,14757560320,12,2,/input/data/work/8b/a8eec12586e1c37b14aa921a45cb5b,true,-
673,2857481272,hu-worker-c25,02/19986b,nf-0219986b2962e21dc0fbb2a6ea5d7e30,NFCORE_RNASEQ:RNASEQ:QUALIMAP_RNASEQ,TREATMENT_mIFNa11_10000_REP2,NFCORE_RNASEQ:RNASEQ:QUALIMAP_RNASEQ (TREATMENT_mIFNa11_10000_REP2),COMPLETED,0,-,quay.io/biocontainers/qualimap:2.2.2d--1,6,28800000,-,38654705664,1,1715238823378,1715241052000,1715242020000,3196622,967000,-,106.2,3.2,8568881152,37651460096,8578383872,37718573056,17136865125,14257527613,554640,2616697,1511424,14259482624,12,2,/input/data/work/02/19986b2962e21dc0fbb2a6ea5d7e30,true,-
707,2831034842,hu-worker-c35,c4/602d88,nf-c4602d88f3f42f3d9004efc24a8e577d,NFCORE_RNASEQ:RNASEQ:QUALIMAP_RNASEQ,TREATMENT_mIFNa11_100_REP1,NFCORE_RNASEQ:RNASEQ:QUALIMAP_RNASEQ (TREATMENT_mIFNa11_100_REP1),COMPLETED,0,-,quay.io/biocontainers/qualimap:2.2.2d--1,6,28800000,-,38654705664,1,1715238867070,1715241105000,1715242060000,3192930,954000,-,106.6,3.1,8304590848,37515137024,8314425344,37582249984,16876420743,14023532957,546909,2570072,22614016,14025457664,12,0,/input/data/work/c4/602d88f3f42f3d9004efc24a8e577d,true,-
719,2822495560,hu-worker-c42,55/90a80b,nf-5590a80ba9eb81c8f03c151463b6f9ce,NFCORE_RNASEQ:RNASEQ:QUALIMAP_RNASEQ,TREATMENT_rhIFNb_100_REP2,NFCORE_RNASEQ:RNASEQ:QUALIMAP_RNASEQ (TREATMENT_rhIFNb_100_REP2),COMPLETED,0,-,quay.io/biocontainers/qualimap:2.2.2d--1,6,28800000,-,38654705664,1,1715238877144,1715241139000,1715242063000,3185856,923000,-,110.0,3.1,8471326720,38810206208,8527081472,38877319168,16765384095,13921029953,543967,2552182,4096,13922947072,12,2,/input/data/work/55/90a80ba9eb81c8f03c151463b6f9ce,true,-
739,2814009005,hu-worker-c35,4b/b6365a,nf-4bb6365ad2be83ff646b37f2ae4e34b0,NFCORE_RNASEQ:RNASEQ:QUALIMAP_RNASEQ,TREATMENT_rhIFNb_10000_REP1,NFCORE_RNASEQ:RNASEQ:QUALIMAP_RNASEQ (TREATMENT_rhIFNb_10000_REP1),COMPLETED,0,-,quay.io/biocontainers/qualimap:2.2.2d--1,6,28800000,-,38654705664,1,1715238907132,1715241149000,1715242071000,3163868,921000,-,109.8,3.2,8574636032,38742044672,8574676992,38809157632,16771213457,13935347974,543870,2552058,0,13937160192,12,2,/input/data/work/4b/b6365ad2be83ff646b37f2ae4e34b0,true,-
677,2834536857,hu-worker-c25,11/6d22f3,nf-116d22f39caaa5977e7dcc45d7c7cf5f,NFCORE_RNASEQ:RNASEQ:QUALIMAP_RNASEQ,TREATMENT_rhINFa2b_100000_REP2,NFCORE_RNASEQ:RNASEQ:QUALIMAP_RNASEQ (TREATMENT_rhINFa2b_100000_REP2),COMPLETED,0,-,quay.io/biocontainers/qualimap:2.2.2d--1,6,28800000,-,38654705664,1,1715238823469,1715241101000,1715242073000,3249531,971000,-,111.5,3.2,8660250624,38878367744,8667897856,38883426304,16992973765,14136578660,550910,2594694,237568,14138494976,13,2,/input/data/work/11/6d22f39caaa5977e7dcc45d7c7cf5f,true,-
1002,236571178,hu-worker-c25,e8/482d2d,nf-e8482d2da521e96cc7936d79bbc743b4,NFCORE_RNASEQ:RNASEQ:BEDGRAPH_BEDCLIP_BEDGRAPHTOBIGWIG_FORWARD:UCSC_BEDCLIP,TREATMENT_mIFNa11_10000_REP3,NFCORE_RNASEQ:RNASEQ:BEDGRAPH_BEDCLIP_BEDGRAPHTOBIGWIG_FORWARD:UCSC_BEDCLIP (TREATMENT_mIFNa11_10000_REP3),COMPLETED,0,-,quay.io/biocontainers/ucsc-bedclip:377--h0b8a92a_2,6,28800000,-,38654705664,1,1715242073300,1715242076000,1715242079000,5700,3000,-,98.6,0.0,8052736,19369984,8052736,19439616,236635548,236571286,3770,57772,17985536,236580864,72,77,/input/data/work/e8/482d2da521e96cc7936d79bbc743b4,true,-
1004,31283006,hu-worker-c24,68/d841e2,nf-68d841e240b5cdf00835f16a094de11c,NFCORE_RNASEQ:RNASEQ:MULTIQC_CUSTOM_BIOTYPE,TREATMENT_mIFNa11_10000_REP3,NFCORE_RNASEQ:RNASEQ:MULTIQC_CUSTOM_BIOTYPE (TREATMENT_mIFNa11_10000_REP3),COMPLETED,0,-,quay.io/biocontainers/python:3.9--1,1,14400000,-,6442450944,1,1715242073924,1715242075000,1715242075000,1076,0,-,97.4,0.0,3178496,5640192,3178496,5644288,32138931,2933,4149,24,4198400,16384,3,3,/input/data/work/68/d841e240b5cdf00835f16a094de11c,true,-
659,2897701612,hu-worker-c27,96/d109b2,nf-96d109b262ef98f8d54d1eb1ea9f7904,NFCORE_RNASEQ:RNASEQ:QUALIMAP_RNASEQ,TREATMENT_rhIFNb_1000_REP1,NFCORE_RNASEQ:RNASEQ:QUALIMAP_RNASEQ (TREATMENT_rhIFNb_1000_REP1),COMPLETED,0,-,quay.io/biocontainers/qualimap:2.2.2d--1,6,28800000,-,38654705664,1,1715238797571,1715241024000,1715242083000,3285429,1058000,-,109.2,3.6,9677307904,38673883136,9712902144,38673891328,17492049410,14572498339,563992,2672845,12021760,14574751744,13,2,/input/data/work/96/d109b262ef98f8d54d1eb1ea9f7904,true,-
839,2720225522,hu-worker-c34,76/0a3b1b,nf-760a3b1bff1e05ee088b12c12d427f7e,NFCORE_RNASEQ:RNASEQ:STRINGTIE_STRINGTIE,CONTROL_REP2,NFCORE_RNASEQ:RNASEQ:STRINGTIE_STRINGTIE (CONTROL_REP2),COMPLETED,0,-,quay.io/biocontainers/stringtie:2.2.1--hecb563c_2,6,28800000,-,38654705664,1,1715239648260,1715241995000,1715242091000,2442740,95000,-,219.9,0.3,877056000,1024688128,909099008,1157349376,2926846183,611657285,217491,180678,0,609918976,58217,98468,/input/data/work/76/0a3b1bff1e05ee088b12c12d427f7e,true,-
1005,31283007,hu-worker-c25,76/c48a76,nf-76c48a761d7e5324bc39ed7cfce333f6,NFCORE_RNASEQ:RNASEQ:MULTIQC_CUSTOM_BIOTYPE,TREATMENT_rhIFNa2b_1000_REP2,NFCORE_RNASEQ:RNASEQ:MULTIQC_CUSTOM_BIOTYPE (TREATMENT_rhIFNa2b_1000_REP2),COMPLETED,0,-,quay.io/biocontainers/python:3.9--1,1,14400000,-,6442450944,1,1715242083674,1715242084000,1715242085000,1326,0,-,93.7,0.0,3117056,5640192,3117056,5644288,32139249,2924,4149,24,5234688,16384,3,3,/input/data/work/76/c48a761d7e5324bc39ed7cfce333f6,true,-
1006,31283003,hu-worker-c42,b9/c787aa,nf-b9c787aa4254de37c851923e0fb2f6a6,NFCORE_RNASEQ:RNASEQ:MULTIQC_CUSTOM_BIOTYPE,TREATMENT_rhIFNa2b_100_REP2,NFCORE_RNASEQ:RNASEQ:MULTIQC_CUSTOM_BIOTYPE (TREATMENT_rhIFNa2b_100_REP2),COMPLETED,0,-,quay.io/biocontainers/python:3.9--1,1,14400000,-,6442450944,1,1715242090199,1715242091000,1715242091000,801,0,-,90.0,0.0,3227648,5640192,3227648,5644288,32138681,2932,4149,24,0,16384,3,3,/input/data/work/b9/c787aa4254de37c851923e0fb2f6a6,true,-
503,2622047953,hu-worker-c34,56/a69137,nf-56a691377fe01287cb7930ee5477859b,NFCORE_RNASEQ:RNASEQ:BAM_RSEQC:RSEQC_INFEREXPERIMENT,TREATMENT_rhINFa2b_100000_REP1,NFCORE_RNASEQ:RNASEQ:BAM_RSEQC:RSEQC_INFEREXPERIMENT (TREATMENT_rhINFa2b_100000_REP1),COMPLETED,0,-,quay.io/biocontainers/rseqc:3.0.1--py37h516909a_1,6,28800000,-,38654705664,1,1715238331715,1715242094000,1715242097000,3765285,2000,-,420.1,0.0,63918080,1420677120,63918080,1424879616,53427833,2028,4844,19,0,16384,16,21,/input/data/work/56/a691377fe01287cb7930ee5477859b,true,-
1007,31283004,hu-worker-c27,49/36d09f,nf-4936d09f82900434b9c9146ffa0835d2,NFCORE_RNASEQ:RNASEQ:MULTIQC_CUSTOM_BIOTYPE,TREATMENT_rhIFNa2b_100_REP1,NFCORE_RNASEQ:RNASEQ:MULTIQC_CUSTOM_BIOTYPE (TREATMENT_rhIFNa2b_100_REP1),COMPLETED,0,-,quay.io/biocontainers/python:3.9--1,1,14400000,-,6442450944,1,1715242090291,1715242091000,1715242091000,709,0,-,84.8,0.0,3133440,5640192,3133440,5644288,32139245,2936,4149,24,5648384,16384,3,3,/input/data/work/49/36d09f82900434b9c9146ffa0835d2,true,-
1009,242370425,hu-worker-c34,3e/c37b4c,nf-3ec37b4c4303c5d1bb9d18d4e8541227,NFCORE_RNASEQ:RNASEQ:BEDGRAPH_BEDCLIP_BEDGRAPHTOBIGWIG_FORWARD:UCSC_BEDCLIP,TREATMENT_rhIFNa2b_100_REP2,NFCORE_RNASEQ:RNASEQ:BEDGRAPH_BEDCLIP_BEDGRAPHTOBIGWIG_FORWARD:UCSC_BEDCLIP (TREATMENT_rhIFNa2b_100_REP2),COMPLETED,0,-,quay.io/biocontainers/ucsc-bedclip:377--h0b8a92a_2,6,28800000,-,38654705664,1,1715242097844,1715242100000,1715242105000,7156,4000,-,90.5,0.0,8175616,19369984,8175616,19439616,242434115,242370518,3858,59188,0,242380800,891,923,/input/data/work/3e/c37b4c4303c5d1bb9d18d4e8541227,true,-
1011,241865259,hu-worker-c34,6d/da2375,nf-6dda23756a11d9b743ab1f911d67a83b,NFCORE_RNASEQ:RNASEQ:BEDGRAPH_BEDCLIP_BEDGRAPHTOBIGWIG_FORWARD:UCSC_BEDCLIP,TREATMENT_rhIFNa2b_100_REP1,NFCORE_RNASEQ:RNASEQ:BEDGRAPH_BEDCLIP_BEDGRAPHTOBIGWIG_FORWARD:UCSC_BEDCLIP (TREATMENT_rhIFNa2b_100_REP1),COMPLETED,0,-,quay.io/biocontainers/ucsc-bedclip:377--h0b8a92a_2,6,28800000,-,38654705664,1,1715242104671,1715242107000,1715242110000,5329,3000,-,99.4,0.0,8060928,19369984,8060928,19439616,241928972,241865370,3851,59065,4194304,241876992,11,71,/input/data/work/6d/da23756a11d9b743ab1f911d67a83b,true,-
1013,241714799,hu-worker-c34,79/0c5afa,nf-790c5afade4772a22b1ede75120975c5,NFCORE_RNASEQ:RNASEQ:BEDGRAPH_BEDCLIP_BEDGRAPHTOBIGWIG_FORWARD:UCSC_BEDCLIP,TREATMENT_rhIFNa2b_100_REP3,NFCORE_RNASEQ:RNASEQ:BEDGRAPH_BEDCLIP_BEDGRAPHTOBIGWIG_FORWARD:UCSC_BEDCLIP (TREATMENT_rhIFNa2b_100_REP3),COMPLETED,0,-,quay.io/biocontainers/ucsc-bedclip:377--h0b8a92a_2,6,28800000,-,38654705664,1,1715242107083,1715242113000,1715242116000,8917,3000,-,99.0,0.0,8179712,19369984,8179712,19439616,241778488,241714892,3848,59028,0,241725440,7,52,/input/data/work/79/0c5afade4772a22b1ede75120975c5,true,-
1014,31283003,hu-worker-c42,3e/9c6be2,nf-3e9c6be250f6e41ea535f522aba57a28,NFCORE_RNASEQ:RNASEQ:MULTIQC_CUSTOM_BIOTYPE,TREATMENT_rhIFNa2b_100_REP3,NFCORE_RNASEQ:RNASEQ:MULTIQC_CUSTOM_BIOTYPE (TREATMENT_rhIFNa2b_100_REP3),COMPLETED,0,-,quay.io/biocontainers/python:3.9--1,1,14400000,-,6442450944,1,1715242122160,1715242123000,1715242123000,840,0,-,90.6,0.0,3297280,5640192,3297280,5644288,32138657,2913,4149,24,4194304,16384,3,3,/input/data/work/3e/9c6be250f6e41ea535f522aba57a28,true,-
1015,31282959,hu-worker-c35,90/744915,nf-90744915862692a7e6c4fce7e744d8fd,NFCORE_RNASEQ:RNASEQ:MULTIQC_CUSTOM_BIOTYPE,CONTROL_REP1,NFCORE_RNASEQ:RNASEQ:MULTIQC_CUSTOM_BIOTYPE (CONTROL_REP1),COMPLETED,0,-,quay.io/biocontainers/python:3.9--1,1,14400000,-,6442450944,1,1715242123205,1715242124000,1715242124000,795,0,-,95.0,0.0,3031040,5640192,3031040,5644288,32138393,2875,4149,24,0,16384,6,6,/input/data/work/90/744915862692a7e6c4fce7e744d8fd,true,-
510,2717438704,hu-worker-c25,c3/03335f,nf-c303335f7d1e2e65e7e0360cf5434475,NFCORE_RNASEQ:RNASEQ:BAM_RSEQC:RSEQC_BAMSTAT,TREATMENT_rhINFa2b_10000_REP2,NFCORE_RNASEQ:RNASEQ:BAM_RSEQC:RSEQC_BAMSTAT (TREATMENT_rhINFa2b_10000_REP2),COMPLETED,0,-,quay.io/biocontainers/rseqc:3.0.1--py37h516909a_1,6,28800000,-,38654705664,1,1715238347544,1715242023000,1715242133000,3785456,109000,-,105.9,0.0,38559744,1396289536,38559744,1396293632,2725967979,2586,84049,19,32636928,16384,549,1277,/input/data/work/c3/03335f7d1e2e65e7e0360cf5434475,true,-
759,2766550446,hu-worker-c34,8d/e6f608,nf-8de6f6080b905ffedfc8e593bfd359e2,NFCORE_RNASEQ:RNASEQ:QUALIMAP_RNASEQ,TREATMENT_rhIFNa2b_1000_REP2,NFCORE_RNASEQ:RNASEQ:QUALIMAP_RNASEQ (TREATMENT_rhIFNa2b_1000_REP2),COMPLETED,0,-,quay.io/biocontainers/qualimap:2.2.2d--1,6,28800000,-,38654705664,1,1715238975668,1715241215000,1715242138000,3162332,922000,-,106.1,3.1,8377880576,37992267776,8386711552,37992275968,16454601257,13666191219,536495,2508575,0,13668134912,13,0,/input/data/work/8d/e6f6080b905ffedfc8e593bfd359e2,true,-
762,2794331027,hu-worker-c41,f8/fecd23,nf-f8fecd23acea1f5dd8321b559c903d99,NFCORE_RNASEQ:RNASEQ:QUALIMAP_RNASEQ,TREATMENT_mIFNa11_100000_REP1,NFCORE_RNASEQ:RNASEQ:QUALIMAP_RNASEQ (TREATMENT_mIFNa11_100000_REP1),COMPLETED,0,-,quay.io/biocontainers/qualimap:2.2.2d--1,6,28800000,-,38654705664,1,1715239035563,1715241172000,1715242153000,3117437,980000,-,106.3,2.9,7774916608,38264913920,7818211328,38264922112,16751000357,13934829687,545290,2561835,348160,13936746496,12,1,/input/data/work/f8/fecd23acea1f5dd8321b559c903d99,true,-
852,2651586928,hu-worker-c35,dd/970fcd,nf-dd970fcd387b601b7dfd1e8cddf9e56b,NFCORE_RNASEQ:RNASEQ:STRINGTIE_STRINGTIE,TREATMENT_rhIFNb_100000_REP2,NFCORE_RNASEQ:RNASEQ:STRINGTIE_STRINGTIE (TREATMENT_rhIFNb_100000_REP2),COMPLETED,0,-,quay.io/biocontainers/stringtie:2.2.1--hecb563c_2,6,28800000,-,38654705664,1,1715239699433,1715242073000,1715242170000,2470567,96000,-,217.5,0.3,850063360,1010987008,895041536,1079218176,2860614243,612315043,215982,181892,131072,610525184,57021,898,/input/data/work/dd/970fcd387b601b7dfd1e8cddf9e56b,true,-
504,2622047953,hu-worker-c34,36/9ad07b,nf-369ad07b36ad3f715b16bc3c7100f020,NFCORE_RNASEQ:RNASEQ:BAM_RSEQC:RSEQC_INNERDISTANCE,TREATMENT_rhINFa2b_100000_REP1,NFCORE_RNASEQ:RNASEQ:BAM_RSEQC:RSEQC_INNERDISTANCE (TREATMENT_rhINFa2b_100000_REP1),COMPLETED,0,-,quay.io/biocontainers/rseqc:3.0.1--py37h516909a_1,6,28800000,-,38654705664,1,1715238331795,1715242119000,1715242176000,3844205,56000,-,117.7,0.3,924577792,2323800064,929779712,2329047040,243081115,55400812,13188,6791,0,55451648,13,231,/input/data/work/36/9ad07b36ad3f715b16bc3c7100f020,true,-
750,2751436949,hu-worker-c41,a4/69d753,nf-a469d7535e8424c5ec80229c64bd4924,NFCORE_RNASEQ:RNASEQ:QUALIMAP_RNASEQ,TREATMENT_mIFNa11_10000_REP3,NFCORE_RNASEQ:RNASEQ:QUALIMAP_RNASEQ (TREATMENT_mIFNa11_10000_REP3),COMPLETED,0,-,quay.io/biocontainers/qualimap:2.2.2d--1,6,28800000,-,38654705664,1,1715238950840,1715241244000,1715242184000,3233160,939000,-,110.2,3.2,8511004672,38810206208,8565063680,38877319168,16260252317,13486959402,531085,2475737,307200,13488730112,12,3,/input/data/work/a4/69d7535e8424c5ec80229c64bd4924,true,-
770,2749216559,hu-worker-c28,dd/7504c9,nf-dd7504c905c70c67f9cc48a2b01ccfa0,NFCORE_RNASEQ:RNASEQ:QUALIMAP_RNASEQ,TREATMENT_rhIFNa2b_100_REP2,NFCORE_RNASEQ:RNASEQ:QUALIMAP_RNASEQ (TREATMENT_rhIFNa2b_100_REP2),COMPLETED,0,-,quay.io/biocontainers/qualimap:2.2.2d--1,6,28800000,-,38654705664,1,1715239048269,1715241257000,1715242212000,3163731,954000,-,109.8,3.2,8550907904,39014690816,8550907904,39081803776,16270047263,13498972439,531358,2477538,49041408,13500923904,12,2,/input/data/work/dd/7504c905c70c67f9cc48a2b01ccfa0,true,-
469,2542177204,hu-worker-c28,da/641bfc,nf-da641bfcd012d1f90cb62aae7b3327a8,NFCORE_RNASEQ:RNASEQ:BAM_RSEQC:RSEQC_INFEREXPERIMENT,TREATMENT_rhIFNb_10000_REP3,NFCORE_RNASEQ:RNASEQ:BAM_RSEQC:RSEQC_INFEREXPERIMENT (TREATMENT_rhIFNb_10000_REP3),COMPLETED,0,-,quay.io/biocontainers/rseqc:3.0.1--py37h516909a_1,6,28800000,-,38654705664,1,1715238290582,1715242214000,1715242217000,3926418,2000,-,478.6,0.0,62455808,1420677120,62455808,1424879616,53559537,2028,4848,19,6127616,16384,115,2029,/input/data/work/da/641bfcd012d1f90cb62aae7b3327a8,true,-
501,2622047953,hu-worker-c27,8c/03ca1c,nf-8c03ca1caeaa5c17fc4a091ec0850d4f,NFCORE_RNASEQ:RNASEQ:BAM_RSEQC:RSEQC_JUNCTIONSATURATION,TREATMENT_rhINFa2b_100000_REP1,NFCORE_RNASEQ:RNASEQ:BAM_RSEQC:RSEQC_JUNCTIONSATURATION (TREATMENT_rhINFa2b_100000_REP1),COMPLETED,0,-,quay.io/biocontainers/rseqc:3.0.1--py37h516909a_1,6,28800000,-,38654705664,1,1715238331682,1715242085000,1715242214000,3882318,128000,-,107.9,0.5,1389056000,2751471616,1389056000,2751475712,2636536721,18457,83873,35,6238208,32768,113,1421,/input/data/work/8c/03ca1caeaa5c17fc4a091ec0850d4f,true,-
506,2596356172,hu-worker-c34,e9/ef647e,nf-e9ef647e0ad03ebef6f435b2d8a34f21,NFCORE_RNASEQ:RNASEQ:BAM_RSEQC:RSEQC_BAMSTAT,TREATMENT_rhINFa2b_100000_REP1,NFCORE_RNASEQ:RNASEQ:BAM_RSEQC:RSEQC_BAMSTAT (TREATMENT_rhINFa2b_100000_REP1),COMPLETED,0,-,quay.io/biocontainers/rseqc:3.0.1--py37h516909a_1,6,28800000,-,38654705664,1,1715238331741,1715242140000,1715242245000,3913259,103000,-,106.4,0.0,38625280,1396293632,38625280,1396297728,2604884807,2583,80353,19,0,16384,7,392,/input/data/work/e9/ef647e0ad03ebef6f435b2d8a34f21,true,-
502,2622047953,hu-worker-c25,c8/fedf51,nf-c8fedf5133b70de7223697f64ef237e8,NFCORE_RNASEQ:RNASEQ:BAM_RSEQC:RSEQC_JUNCTIONANNOTATION,TREATMENT_rhINFa2b_100000_REP1,NFCORE_RNASEQ:RNASEQ:BAM_RSEQC:RSEQC_JUNCTIONANNOTATION (TREATMENT_rhINFa2b_100000_REP1),COMPLETED,0,-,quay.io/biocontainers/rseqc:3.0.1--py37h516909a_1,6,28800000,-,38654705664,1,1715238331814,1715242136000,1715242239000,3907186,102000,-,109.6,0.0,128172032,1485983744,130584576,1488351232,2652185370,62205209,85786,7583,16506880,62238720,19,920,/input/data/work/c8/fedf5133b70de7223697f64ef237e8,true,-
848,2561443507,hu-worker-c35,f6/97d39d,nf-f697d39d081f8e2124b56f3ba8cff17e,NFCORE_RNASEQ:RNASEQ:STRINGTIE_STRINGTIE,TREATMENT_mIFNa11_100_REP3,NFCORE_RNASEQ:RNASEQ:STRINGTIE_STRINGTIE (TREATMENT_mIFNa11_100_REP3),COMPLETED,0,-,quay.io/biocontainers/stringtie:2.2.1--hecb563c_2,6,28800000,-,38654705664,1,1715239676377,1715242173000,1715242259000,2582623,86000,-,229.6,0.3,817651712,1008316416,910749696,1092448256,2769900292,612525041,213091,182003,0,610729984,55662,694,/input/data/work/f6/97d39d081f8e2124b56f3ba8cff17e,true,-
505,2622047953,hu-worker-c25,f6/48dcfc,nf-f648dcfc23c7b9bd1215efb1b063097a,NFCORE_RNASEQ:RNASEQ:BAM_RSEQC:RSEQC_READDISTRIBUTION,TREATMENT_rhINFa2b_100000_REP1,NFCORE_RNASEQ:RNASEQ:BAM_RSEQC:RSEQC_READDISTRIBUTION (TREATMENT_rhINFa2b_100000_REP1),COMPLETED,0,-,quay.io/biocontainers/rseqc:3.0.1--py37h516909a_1,6,28800000,-,38654705664,1,1715238331647,1715242082000,1715242265000,3933353,182000,-,103.3,0.4,1067806720,2431365120,1145982976,2509225984,2861828746,2973,111739,19,16384,16384,15,1645,/input/data/work/f6/48dcfc23c7b9bd1215efb1b063097a,true,-
1030,31282959,hu-worker-c35,79/859e11,nf-79859e110f444338460b4feb064f27de,NFCORE_RNASEQ:RNASEQ:MULTIQC_CUSTOM_BIOTYPE,CONTROL_REP3,NFCORE_RNASEQ:RNASEQ:MULTIQC_CUSTOM_BIOTYPE (CONTROL_REP3),COMPLETED,0,-,quay.io/biocontainers/python:3.9--1,1,14400000,-,6442450944,1,1715242263097,1715242264000,1715242264000,903,0,-,91.0,0.0,3194880,5640192,3194880,5644288,32138369,2857,4149,24,4198400,16384,3,3,/input/data/work/79/859e110f444338460b4feb064f27de,true,-
473,2542177204,hu-worker-c28,3f/f9536d,nf-3ff9536db8c17476e0b7d3f5dad1011b,NFCORE_RNASEQ:RNASEQ:BAM_RSEQC:RSEQC_INNERDISTANCE,TREATMENT_rhIFNb_10000_REP3,NFCORE_RNASEQ:RNASEQ:BAM_RSEQC:RSEQC_INNERDISTANCE (TREATMENT_rhIFNb_10000_REP3),COMPLETED,0,-,quay.io/biocontainers/rseqc:3.0.1--py37h516909a_1,6,28800000,-,38654705664,1,1715238290736,1715242219000,1715242278000,3987264,58000,-,117.4,0.3,915644416,2316193792,928522240,2329042944,243604997,56372548,13204,6908,17006592,56410112,18,199,/input/data/work/3f/f9536db8c17476e0b7d3f5dad1011b,true,-
508,2717438704,hu-worker-c42,70/79c7b5,nf-7079c7b5b50f48da2c85f80bf8049953,NFCORE_RNASEQ:RNASEQ:BAM_RSEQC:RSEQC_READDUPLICATION,TREATMENT_rhINFa2b_10000_REP2,NFCORE_RNASEQ:RNASEQ:BAM_RSEQC:RSEQC_READDUPLICATION (TREATMENT_rhINFa2b_10000_REP2),COMPLETED,0,-,quay.io/biocontainers/rseqc:3.0.1--py37h516909a_1,6,28800000,-,38654705664,1,1715238347666,1715242065000,1715242269000,3921334,203000,-,105.0,3.6,9798008832,11183763456,9798008832,11183767552,2731996162,108671,84431,56,0,131072,12,1425,/input/data/work/70/79c7b5b50f48da2c85f80bf8049953,true,-
1031,31282998,hu-worker-c35,07/800e35,nf-07800e35a7a1fc7867e96ad94139eb92,NFCORE_RNASEQ:RNASEQ:MULTIQC_CUSTOM_BIOTYPE,TREATMENT_rhIFNb_100000_REP3,NFCORE_RNASEQ:RNASEQ:MULTIQC_CUSTOM_BIOTYPE (TREATMENT_rhIFNb_100000_REP3),COMPLETED,0,-,quay.io/biocontainers/python:3.9--1,1,14400000,-,6442450944,1,1715242268139,1715242269000,1715242269000,861,0,-,87.9,0.0,3198976,5640192,3198976,5644288,32138557,2894,4149,24,4198400,16384,3,3,/input/data/work/07/800e35a7a1fc7867e96ad94139eb92,true,-
1032,31283007,hu-worker-c24,37/da7e44,nf-37da7e44f2b9f970be731666b5f7e3ea,NFCORE_RNASEQ:RNASEQ:MULTIQC_CUSTOM_BIOTYPE,TREATMENT_rhINFa2b_10000_REP3,NFCORE_RNASEQ:RNASEQ:MULTIQC_CUSTOM_BIOTYPE (TREATMENT_rhINFa2b_10000_REP3),COMPLETED,0,-,quay.io/biocontainers/python:3.9--1,1,14400000,-,6442450944,1,1715242278315,1715242279000,1715242279000,685,0,-,84.3,0.0,3244032,5640192,3244032,5644288,32138938,2930,4149,24,5775360,16384,3,3,/input/data/work/37/da7e44f2b9f970be731666b5f7e3ea,true,-
492,2479679179,hu-worker-c28,c7/e6220d,nf-c7e6220d879d81859dbc242d849eaab9,NFCORE_RNASEQ:RNASEQ:BAM_RSEQC:RSEQC_INFEREXPERIMENT,TREATMENT_mIFNa11_1000_REP2,NFCORE_RNASEQ:RNASEQ:BAM_RSEQC:RSEQC_INFEREXPERIMENT (TREATMENT_mIFNa11_1000_REP2),COMPLETED,0,-,quay.io/biocontainers/rseqc:3.0.1--py37h516909a_1,6,28800000,-,38654705664,1,1715238301205,1715242280000,1715242283000,3981795,2000,-,425.7,0.0,62869504,1420783616,62869504,1424986112,52707569,2028,4822,19,0,16384,16,18,/input/data/work/c7/e6220d879d81859dbc242d849eaab9,true,-
1033,31282959,hu-worker-c25,f3/3df204,nf-f33df2047626cdf7beec86c1ed22c114,NFCORE_RNASEQ:RNASEQ:MULTIQC_CUSTOM_BIOTYPE,CONTROL_REP2,NFCORE_RNASEQ:RNASEQ:MULTIQC_CUSTOM_BIOTYPE (CONTROL_REP2),COMPLETED,0,-,quay.io/biocontainers/python:3.9--1,1,14400000,-,6442450944,1,1715242278762,1715242279000,1715242280000,1238,1000,-,93.4,0.0,3096576,5640192,3096576,5644288,32139023,2860,4149,24,0,16384,2,2,/input/data/work/f3/3df2047626cdf7beec86c1ed22c114,true,-
1034,31282999,hu-worker-c35,af/362bbb,nf-af362bbb7c0c125a43095486120d7fb3,NFCORE_RNASEQ:RNASEQ:MULTIQC_CUSTOM_BIOTYPE,TREATMENT_mIFNa11_100_REP3,NFCORE_RNASEQ:RNASEQ:MULTIQC_CUSTOM_BIOTYPE (TREATMENT_mIFNa11_100_REP3),COMPLETED,0,-,quay.io/biocontainers/python:3.9--1,1,14400000,-,6442450944,1,1715242279541,1715242280000,1715242280000,459,0,-,91.6,0.0,3190784,5640192,3190784,5644288,32138557,2907,4149,24,4198400,16384,3,3,/input/data/work/af/362bbb7c0c125a43095486120d7fb3,true,-
1035,31283004,hu-worker-c34,3f/276a25,nf-3f276a25c75cb2da05bec10792ea8072,NFCORE_RNASEQ:RNASEQ:MULTIQC_CUSTOM_BIOTYPE,TREATMENT_rhIFNb_100000_REP2,NFCORE_RNASEQ:RNASEQ:MULTIQC_CUSTOM_BIOTYPE (TREATMENT_rhIFNb_100000_REP2),COMPLETED,0,-,quay.io/biocontainers/python:3.9--1,1,14400000,-,6442450944,1,1715242292158,1715242293000,1715242293000,842,0,-,88.2,0.0,3198976,5640192,3198976,5644288,32138574,2912,4149,24,0,16384,2,2,/input/data/work/3f/276a25c75cb2da05bec10792ea8072,true,-
1036,31283006,hu-worker-c25,3a/08f676,nf-3a08f67693099d02d44770a46343d02b,NFCORE_RNASEQ:RNASEQ:MULTIQC_CUSTOM_BIOTYPE,TREATMENT_mIFNa11_100000_REP3,NFCORE_RNASEQ:RNASEQ:MULTIQC_CUSTOM_BIOTYPE (TREATMENT_mIFNa11_100000_REP3),COMPLETED,0,-,quay.io/biocontainers/python:3.9--1,1,14400000,-,6442450944,1,1715242293044,1715242294000,1715242294000,956,0,-,93.5,0.0,3108864,5640192,3108864,5644288,32139270,2934,4149,24,4198400,16384,3,3,/input/data/work/3a/08f67693099d02d44770a46343d02b,true,-
468,2542177204,hu-worker-c41,b9/0f54b4,nf-b90f54b463ae7fd9f08ae39455d7ddb2,NFCORE_RNASEQ:RNASEQ:BAM_RSEQC:RSEQC_JUNCTIONSATURATION,TREATMENT_rhIFNb_10000_REP3,NFCORE_RNASEQ:RNASEQ:BAM_RSEQC:RSEQC_JUNCTIONSATURATION (TREATMENT_rhIFNb_10000_REP3),COMPLETED,0,-,quay.io/biocontainers/rseqc:3.0.1--py37h516909a_1,6,28800000,-,38654705664,1,1715238290546,1715242186000,1715242311000,4020454,124000,-,108.0,0.5,1379229696,2741493760,1379229696,2741497856,2556665477,18430,81438,35,16494592,32768,42,1163,/input/data/work/b9/0f54b463ae7fd9f08ae39455d7ddb2,true,-
1037,241865259,hu-worker-c41,36/2a0601,nf-362a0601b26ac54bed47f0a183236eb7,NFCORE_RNASEQ:RNASEQ:BEDGRAPH_BEDCLIP_BEDGRAPHTOBIGWIG_FORWARD:UCSC_BEDCLIP,CONTROL_REP3,NFCORE_RNASEQ:RNASEQ:BEDGRAPH_BEDCLIP_BEDGRAPHTOBIGWIG_FORWARD:UCSC_BEDCLIP (CONTROL_REP3),COMPLETED,0,-,quay.io/biocontainers/ucsc-bedclip:377--h0b8a92a_2,6,28800000,-,38654705664,1,1715242303985,1715242314000,1715242317000,13015,3000,-,99.7,0.0,7905280,19369984,7905280,19439616,241929059,241865356,3851,59065,1445888,241876992,16,73,/input/data/work/36/2a0601b26ac54bed47f0a183236eb7,true,-
1040,157577820,hu-worker-c41,74/8d3dcf,nf-748d3dcfc4705fc5babbf18d16686ee6,NFCORE_RNASEQ:RNASEQ:BEDGRAPH_BEDCLIP_BEDGRAPHTOBIGWIG_FORWARD:UCSC_BEDCLIP,TREATMENT_rhIFNb_100000_REP3,NFCORE_RNASEQ:RNASEQ:BEDGRAPH_BEDCLIP_BEDGRAPHTOBIGWIG_FORWARD:UCSC_BEDCLIP (TREATMENT_rhIFNb_100000_REP3),COMPLETED,0,-,quay.io/biocontainers/ucsc-bedclip:377--h0b8a92a_2,6,28800000,-,38654705664,1,1715242304171,1715242320000,1715242322000,17829,2000,-,99.7,0.0,7925760,19369984,7925760,19439616,157641650,157577917,2564,38487,0,157589504,2,59,/input/data/work/74/8d3dcfc4705fc5babbf18d16686ee6,true,-
471,2542177204,hu-worker-c27,81/dd8309,nf-81dd830958d1b83adbf3c05e25ad7975,NFCORE_RNASEQ:RNASEQ:BAM_RSEQC:RSEQC_JUNCTIONANNOTATION,TREATMENT_rhIFNb_10000_REP3,NFCORE_RNASEQ:RNASEQ:BAM_RSEQC:RSEQC_JUNCTIONANNOTATION (TREATMENT_rhIFNb_10000_REP3),COMPLETED,0,-,quay.io/biocontainers/rseqc:3.0.1--py37h516909a_1,6,28800000,-,38654705664,1,1715238290693,1715242217000,1715242319000,4028307,101000,-,109.6,0.0,127623168,1488347136,129503232,1488351232,2572269097,62037496,83345,7563,8192,62070784,73,36795,/input/data/work/81/dd830958d1b83adbf3c05e25ad7975,true,-
858,2500505324,hu-worker-c25,95/2e2b81,nf-952e2b8142612bf372ddde4f01b86f92,NFCORE_RNASEQ:RNASEQ:STRINGTIE_STRINGTIE,TREATMENT_mIFNa11_100000_REP3,NFCORE_RNASEQ:RNASEQ:STRINGTIE_STRINGTIE (TREATMENT_mIFNa11_100000_REP3),COMPLETED,0,-,quay.io/biocontainers/stringtie:2.2.1--hecb563c_2,6,28800000,-,38654705664,1,1715239712339,1715242268000,1715242354000,2641661,85000,-,227.0,0.3,762228736,1013891072,853852160,1043251200,2708874473,611430275,211211,182252,131072,609607680,47364,813,/input/data/work/95/2e2b8142612bf372ddde4f01b86f92,true,-
472,2516485423,hu-worker-c35,a1/044db6,nf-a1044db6b267afcca51da4677141a124,NFCORE_RNASEQ:RNASEQ:BAM_RSEQC:RSEQC_BAMSTAT,TREATMENT_rhIFNb_10000_REP3,NFCORE_RNASEQ:RNASEQ:BAM_RSEQC:RSEQC_BAMSTAT (TREATMENT_rhIFNb_10000_REP3),COMPLETED,0,-,quay.io/biocontainers/rseqc:3.0.1--py37h516909a_1,6,28800000,-,38654705664,1,1715238290660,1715242262000,1715242362000,4071340,99000,-,106.4,0.0,38703104,1396289536,38703104,1396293632,2525014059,2583,77918,19,32497664,16384,547,1007,/input/data/work/a1/044db6b267afcca51da4677141a124,true,-
507,2596356172,hu-worker-c41,29/4b4138,nf-294b413848777ef6cfcba475303de083,NFCORE_RNASEQ:RNASEQ:BAM_RSEQC:RSEQC_READDUPLICATION,TREATMENT_rhINFa2b_100000_REP1,NFCORE_RNASEQ:RNASEQ:BAM_RSEQC:RSEQC_READDUPLICATION (TREATMENT_rhINFa2b_100000_REP1),COMPLETED,0,-,quay.io/biocontainers/rseqc:3.0.1--py37h516909a_1,6,28800000,-,38654705664,1,1715238331769,1715242155000,1715242360000,4028231,204000,-,104.9,3.5,9468776448,10853933056,9468776448,10853937152,2610914134,105802,80735,55,32686080,126976,587,1894,/input/data/work/29/4b413848777ef6cfcba475303de083,true,-
1060,2599020556,hu-worker-c42,64/52645d,nf-6452645dbc4887e115db322098a29adb,NFCORE_RNASEQ:RNASEQ:BAM_MARKDUPLICATES_PICARD:BAM_STATS_SAMTOOLS:SAMTOOLS_IDXSTATS,TREATMENT_rhINFa2b_100000_REP1,NFCORE_RNASEQ:RNASEQ:BAM_MARKDUPLICATES_PICARD:BAM_STATS_SAMTOOLS:SAMTOOLS_IDXSTATS (TREATMENT_rhINFa2b_100000_REP1),COMPLETED,0,-,quay.io/biocontainers/samtools:1.17--h00cdaf9_0,1,14400000,-,6442450944,1,1715242371094,1715242372000,1715242372000,906,0,-,44.1,0.0,3321856,5640192,3321856,5644288,2838827,5517,270,19,0,12288,1,1,/input/data/work/64/52645dbc4887e115db322098a29adb,true,-
486,2327372988,hu-worker-c41,dc/d476e2,nf-dcd476e2f32a510fa684b42abd05e468,NFCORE_RNASEQ:RNASEQ:BAM_RSEQC:RSEQC_INFEREXPERIMENT,TREATMENT_rhIFNb_10000_REP2,NFCORE_RNASEQ:RNASEQ:BAM_RSEQC:RSEQC_INFEREXPERIMENT (TREATMENT_rhIFNb_10000_REP2),COMPLETED,0,-,quay.io/biocontainers/rseqc:3.0.1--py37h516909a_1,6,28800000,-,38654705664,1,1715238300957,1715242384000,1715242387000,4086043,2000,-,458.4,0.0,63193088,1420677120,63193088,1424879616,52969227,2032,4830,19,8192,16384,15,26,/input/data/work/dc/d476e2f32a510fa684b42abd05e468,true,-
490,2479679179,hu-worker-c41,7a/215e7c,nf-7a215e7cbe27b4e9928a702a670ad170,NFCORE_RNASEQ:RNASEQ:BAM_RSEQC:RSEQC_INNERDISTANCE,TREATMENT_mIFNa11_1000_REP2,NFCORE_RNASEQ:RNASEQ:BAM_RSEQC:RSEQC_INNERDISTANCE (TREATMENT_mIFNa11_1000_REP2),COMPLETED,0,-,quay.io/biocontainers/rseqc:3.0.1--py37h516909a_1,6,28800000,-,38654705664,1,1715238301375,1715242325000,1715242382000,4080625,56000,-,118.1,0.3,924368896,2324054016,929411072,2329038848,239425253,53615543,13076,6574,217088,53661696,17,262,/input/data/work/7a/215e7cbe27b4e9928a702a670ad170,true,-
788,2731468660,hu-worker-c27,34/944120,nf-34944120caa57b97ab7dfa92206c848a,NFCORE_RNASEQ:RNASEQ:QUALIMAP_RNASEQ,TREATMENT_rhIFNa2b_100_REP1,NFCORE_RNASEQ:RNASEQ:QUALIMAP_RNASEQ (TREATMENT_rhIFNa2b_100_REP1),COMPLETED,0,-,quay.io/biocontainers/qualimap:2.2.2d--1,6,28800000,-,38654705664,1,1715239264106,1715241492000,1715242403000,3138894,910000,-,110.5,3.9,10615177216,38810206208,10661031936,38877319168,16068019876,13314690492,525928,2444681,623288320,13316464640,12,2,/input/data/work/34/944120caa57b97ab7dfa92206c848a,true,-
1063,2291147164,hu-worker-c35,f2/4da3d1,nf-f24da3d1f76a5f16cdf1fa41cc5f7167,NFCORE_RNASEQ:RNASEQ:BAM_MARKDUPLICATES_PICARD:BAM_STATS_SAMTOOLS:SAMTOOLS_IDXSTATS,TREATMENT_mIFNa11_1000_REP3,NFCORE_RNASEQ:RNASEQ:BAM_MARKDUPLICATES_PICARD:BAM_STATS_SAMTOOLS:SAMTOOLS_IDXSTATS (TREATMENT_mIFNa11_1000_REP3),COMPLETED,0,-,quay.io/biocontainers/samtools:1.17--h00cdaf9_0,1,14400000,-,6442450944,1,1715242392607,1715242393000,1715242393000,393,0,-,40.9,0.0,3125248,5640192,3125248,5644288,2722124,5514,268,19,12521472,12288,5,5,/input/data/work/f2/4da3d1f76a5f16cdf1fa41cc5f7167,true,-
1058,2456593422,hu-worker-c25,58/e5391f,nf-58e5391f180cabda85f879647ef2da57,NFCORE_RNASEQ:RNASEQ:BAM_MARKDUPLICATES_PICARD:BAM_STATS_SAMTOOLS:SAMTOOLS_FLAGSTAT,TREATMENT_mIFNa11_1000_REP2,NFCORE_RNASEQ:RNASEQ:BAM_MARKDUPLICATES_PICARD:BAM_STATS_SAMTOOLS:SAMTOOLS_FLAGSTAT (TREATMENT_mIFNa11_1000_REP2),COMPLETED,0,-,quay.io/biocontainers/samtools:1.17--h00cdaf9_0,1,14400000,-,6442450944,1,1715242392997,1715242394000,1715242414000,21003,20000,-,164.0,0.0,6815744,164413440,6815744,231661568,2454116319,5530,75120,19,8925184,12288,213126,62,/input/data/work/58/e5391f180cabda85f879647ef2da57,true,-
474,2542177204,hu-worker-c25,8f/791f0b,nf-8f791f0b65a24c8d2819bbaf9b9a26c3,NFCORE_RNASEQ:RNASEQ:BAM_RSEQC:RSEQC_READDISTRIBUTION,TREATMENT_rhIFNb_10000_REP3,NFCORE_RNASEQ:RNASEQ:BAM_RSEQC:RSEQC_READDISTRIBUTION (TREATMENT_rhIFNb_10000_REP3),COMPLETED,0,-,quay.io/biocontainers/rseqc:3.0.1--py37h516909a_1,6,28800000,-,38654705664,1,1715238290779,1715242241000,1715242426000,4135221,184000,-,103.6,0.4,1057529856,2420879360,1145970688,2509225984,2781957990,2970,109304,19,0,16384,10,992,/input/data/work/8f/791f0b65a24c8d2819bbaf9b9a26c3,true,-
494,2479679179,hu-worker-c27,26/6572d6,nf-266572d670caec543c30f8c42c6ab921,NFCORE_RNASEQ:RNASEQ:BAM_RSEQC:RSEQC_JUNCTIONANNOTATION,TREATMENT_mIFNa11_1000_REP2,NFCORE_RNASEQ:RNASEQ:BAM_RSEQC:RSEQC_JUNCTIONANNOTATION (TREATMENT_mIFNa11_1000_REP2),COMPLETED,0,-,quay.io/biocontainers/rseqc:3.0.1--py37h516909a_1,6,28800000,-,38654705664,1,1715238301341,1715242321000,1715242423000,4121659,101000,-,109.7,0.0,127074304,1485721600,129748992,1488351232,2509394451,60587462,81391,7388,0,60616704,15,1166,/input/data/work/26/6572d670caec543c30f8c42c6ab921,true,-
1068,2291147164,hu-worker-c34,3e/923333,nf-3e923333fa2caa7886762a2ca654dd6d,NFCORE_RNASEQ:RNASEQ:BAM_MARKDUPLICATES_PICARD:BAM_STATS_SAMTOOLS:SAMTOOLS_FLAGSTAT,TREATMENT_mIFNa11_1000_REP3,NFCORE_RNASEQ:RNASEQ:BAM_MARKDUPLICATES_PICARD:BAM_STATS_SAMTOOLS:SAMTOOLS_FLAGSTAT (TREATMENT_mIFNa11_1000_REP3),COMPLETED,0,-,quay.io/biocontainers/samtools:1.17--h00cdaf9_0,1,14400000,-,6442450944,1,1715242412156,1715242413000,1715242434000,21844,21000,-,161.2,0.0,6967296,164413440,6967296,231661568,2288727848,5509,70073,19,0,12288,192929,53,/input/data/work/3e/923333fa2caa7886762a2ca654dd6d,true,-
470,2516485423,hu-worker-c34,76/7dd5dc,nf-767dd5dc9c25cc9b6537e47eef0d17ad,NFCORE_RNASEQ:RNASEQ:BAM_RSEQC:RSEQC_READDUPLICATION,TREATMENT_rhIFNb_10000_REP3,NFCORE_RNASEQ:RNASEQ:BAM_RSEQC:RSEQC_READDUPLICATION (TREATMENT_rhIFNb_10000_REP3),COMPLETED,0,-,quay.io/biocontainers/rseqc:3.0.1--py37h516909a_1,6,28800000,-,38654705664,1,1715238290624,1715242247000,1715242436000,4145376,188000,-,105.4,3.4,9214316544,10598166528,9214316544,10598170624,2531042975,105420,78300,55,0,126976,12,1362,/input/data/work/76/7dd5dc9c25cc9b6537e47eef0d17ad,true,-
1061,2599020556,hu-worker-c27,1c/4e1641,nf-1c4e1641dd7723dbac811061924e7c7b,NFCORE_RNASEQ:RNASEQ:BAM_MARKDUPLICATES_PICARD:BAM_STATS_SAMTOOLS:SAMTOOLS_FLAGSTAT,TREATMENT_rhINFa2b_100000_REP1,NFCORE_RNASEQ:RNASEQ:BAM_MARKDUPLICATES_PICARD:BAM_STATS_SAMTOOLS:SAMTOOLS_FLAGSTAT (TREATMENT_rhINFa2b_100000_REP1),COMPLETED,0,-,quay.io/biocontainers/samtools:1.17--h00cdaf9_0,1,14400000,-,6442450944,1,1715242417963,1715242418000,1715242441000,23037,21000,-,161.2,0.0,6791168,164413440,6791168,231661568,2596466289,5510,79462,19,14741504,12288,216444,90,/input/data/work/1c/4e1641dd7723dbac811061924e7c7b,true,-
1134,1806534608,hu-worker-c25,18/a417dc,nf-18a417dc4bd91d24fd8d3374c65fd030,NFCORE_RNASEQ:RNASEQ:BAM_MARKDUPLICATES_PICARD:BAM_STATS_SAMTOOLS:SAMTOOLS_IDXSTATS,CONTROL_REP1,NFCORE_RNASEQ:RNASEQ:BAM_MARKDUPLICATES_PICARD:BAM_STATS_SAMTOOLS:SAMTOOLS_IDXSTATS (CONTROL_REP1),COMPLETED,0,-,quay.io/biocontainers/samtools:1.17--h00cdaf9_0,1,14400000,-,6442450944,1,1715242429805,1715242430000,1715242430000,195,0,-,63.6,0.0,3166208,5640192,3166208,5644288,2552604,5514,266,19,4198400,12288,5,4,/input/data/work/18/a417dc4bd91d24fd8d3374c65fd030,true,-
1072,2247739877,hu-worker-c25,2c/b3aa67,nf-2cb3aa677e9368e47961478610a781fe,NFCORE_RNASEQ:RNASEQ:BAM_MARKDUPLICATES_PICARD:BAM_STATS_SAMTOOLS:SAMTOOLS_IDXSTATS,TREATMENT_rhIFNb_1000_REP2,NFCORE_RNASEQ:RNASEQ:BAM_MARKDUPLICATES_PICARD:BAM_STATS_SAMTOOLS:SAMTOOLS_IDXSTATS (TREATMENT_rhIFNb_1000_REP2),COMPLETED,0,-,quay.io/biocontainers/samtools:1.17--h00cdaf9_0,1,14400000,-,6442450944,1,1715242440255,1715242441000,1715242441000,745,0,-,30.2,0.0,3162112,5640192,3162112,5644288,2745624,5534,269,19,0,12288,3,3,/input/data/work/2c/b3aa677e9368e47961478610a781fe,true,-
1078,5395028859,hu-worker-c42,d8/632d01,nf-d8632d0162dd37c86d2851e9c9643f76,NFCORE_RNASEQ:RNASEQ:BAM_MARKDUPLICATES_PICARD:BAM_STATS_SAMTOOLS:SAMTOOLS_STATS,TREATMENT_rhIFNb_1000_REP2,NFCORE_RNASEQ:RNASEQ:BAM_MARKDUPLICATES_PICARD:BAM_STATS_SAMTOOLS:SAMTOOLS_STATS (TREATMENT_rhIFNb_1000_REP2),COMPLETED,0,-,quay.io/biocontainers/samtools:1.17--h00cdaf9_0,1,14400000,-,6442450944,1,1715242392208,1715242393000,1715242470000,77792,77000,-,160.4,0.0,8425472,166514688,8425472,232898560,2245310976,286596,68750,87,0,290816,1360,1677,/input/data/work/d8/632d0162dd37c86d2851e9c9643f76,true,-
1049,2291147705,hu-worker-c27,0e/7e380e,nf-0e7e380e9051ad4aba286f3f4e655f97,NFCORE_RNASEQ:RNASEQ:BAM_MARKDUPLICATES_PICARD:BAM_STATS_SAMTOOLS:SAMTOOLS_FLAGSTAT,TREATMENT_rhIFNb_100_REP1,NFCORE_RNASEQ:RNASEQ:BAM_MARKDUPLICATES_PICARD:BAM_STATS_SAMTOOLS:SAMTOOLS_FLAGSTAT (TREATMENT_rhIFNb_100_REP1),COMPLETED,0,-,quay.io/biocontainers/samtools:1.17--h00cdaf9_0,1,14400000,-,6442450944,1,1715242451453,1715242452000,1715242472000,20547,20000,-,162.2,0.0,6864896,164413440,6864896,231661568,2288687285,5510,70070,19,8392704,12288,155226,69,/input/data/work/0e/7e380e9051ad4aba286f3f4e655f97,true,-
489,2453987398,hu-worker-c41,0d/77f47f,nf-0d77f47f53348f7f91c9ab1e71e305c6,NFCORE_RNASEQ:RNASEQ:BAM_RSEQC:RSEQC_BAMSTAT,TREATMENT_mIFNa11_1000_REP2,NFCORE_RNASEQ:RNASEQ:BAM_RSEQC:RSEQC_BAMSTAT (TREATMENT_mIFNa11_1000_REP2),COMPLETED,0,-,quay.io/biocontainers/rseqc:3.0.1--py37h516909a_1,6,28800000,-,38654705664,1,1715238301240,1715242363000,1715242467000,4165760,103000,-,106.5,0.0,38256640,1396391936,38256640,1396396032,2462516178,2587,76010,19,4096,16384,10,1086,/input/data/work/0d/77f47f53348f7f91c9ab1e71e305c6,true,-
491,2479679179,hu-worker-c28,09/5188b9,nf-095188b97ef025fbc68f959517333f61,NFCORE_RNASEQ:RNASEQ:BAM_RSEQC:RSEQC_READDISTRIBUTION,TREATMENT_mIFNa11_1000_REP2,NFCORE_RNASEQ:RNASEQ:BAM_RSEQC:RSEQC_READDISTRIBUTION (TREATMENT_mIFNa11_1000_REP2),COMPLETED,0,-,quay.io/biocontainers/rseqc:3.0.1--py37h516909a_1,6,28800000,-,38654705664,1,1715238301308,1715242286000,1715242467000,4165692,180000,-,103.2,0.4,1067503616,2431365120,1145663488,2509225984,2719459963,2967,107396,19,4096,16384,90,107426,/input/data/work/09/5188b97ef025fbc68f959517333f61,true,-
821,2720251144,hu-worker-c42,c9/da91cd,nf-c9da91cd2a21aae15a2c7d58e49fa125,NFCORE_RNASEQ:RNASEQ:QUALIMAP_RNASEQ,CONTROL_REP1,NFCORE_RNASEQ:RNASEQ:QUALIMAP_RNASEQ (CONTROL_REP1),COMPLETED,0,-,quay.io/biocontainers/qualimap:2.2.2d--1,6,28800000,-,38654705664,1,1715239576995,1715241592000,1715242472000,2895005,879000,-,110.7,3.3,8850341888,38742044672,8850341888,38742052864,15618692566,12876584318,509628,2344180,138108928,12878454784,12,2,/input/data/work/c9/da91cd2a21aae15a2c7d58e49fa125,true,-
1067,2720156816,hu-worker-c25,e7/8672a5,nf-e78672a58c7bb4e9217f4f76ccda909d,NFCORE_RNASEQ:RNASEQ:BAM_MARKDUPLICATES_PICARD:BAM_STATS_SAMTOOLS:SAMTOOLS_FLAGSTAT,TREATMENT_rhINFa2b_10000_REP2,NFCORE_RNASEQ:RNASEQ:BAM_MARKDUPLICATES_PICARD:BAM_STATS_SAMTOOLS:SAMTOOLS_FLAGSTAT (TREATMENT_rhINFa2b_10000_REP2),COMPLETED,0,-,quay.io/biocontainers/samtools:1.17--h00cdaf9_0,1,14400000,-,6442450944,1,1715242451304,1715242452000,1715242474000,22696,22000,-,166.5,0.0,6766592,164413440,6766592,231661568,2717568016,5530,83159,19,4194304,12288,223215,64,/input/data/work/e7/8672a58c7bb4e9217f4f76ccda909d,true,-
1075,2247739877,hu-worker-c28,f0/67f4c6,nf-f067f4c6ceba9465b90d69ab5e19c1d9,NFCORE_RNASEQ:RNASEQ:BAM_MARKDUPLICATES_PICARD:BAM_STATS_SAMTOOLS:SAMTOOLS_FLAGSTAT,TREATMENT_rhIFNb_1000_REP2,NFCORE_RNASEQ:RNASEQ:BAM_MARKDUPLICATES_PICARD:BAM_STATS_SAMTOOLS:SAMTOOLS_FLAGSTAT (TREATMENT_rhIFNb_1000_REP2),COMPLETED,0,-,quay.io/biocontainers/samtools:1.17--h00cdaf9_0,1,14400000,-,6442450944,1,1715242451537,1715242452000,1715242473000,21463,21000,-,159.5,0.0,6914048,164413440,6914048,231661568,2245303902,5527,68748,19,8392704,12288,189580,113,/input/data/work/f0/67f4c6ceba9465b90d69ab5e19c1d9,true,-
1105,1917362562,hu-worker-c42,87/500d5a,nf-87500d5aa4e0564d4c7a530341e9b0bb,NFCORE_RNASEQ:RNASEQ:BAM_MARKDUPLICATES_PICARD:BAM_STATS_SAMTOOLS:SAMTOOLS_IDXSTATS,TREATMENT_mIFNa11_100_REP1,NFCORE_RNASEQ:RNASEQ:BAM_MARKDUPLICATES_PICARD:BAM_STATS_SAMTOOLS:SAMTOOLS_IDXSTATS (TREATMENT_mIFNa11_100_REP1),COMPLETED,0,-,quay.io/biocontainers/samtools:1.17--h00cdaf9_0,1,14400000,-,6442450944,1,1715242473186,1715242474000,1715242474000,814,0,-,48.7,0.0,3239936,5640192,3239936,5644288,2596315,5512,266,19,4198400,12288,3,3,/input/data/work/87/500d5aa4e0564d4c7a530341e9b0bb,true,-
493,2479679179,hu-worker-c25,68/8cfaab,nf-688cfaab0d95de077d47dce9689f1d5b,NFCORE_RNASEQ:RNASEQ:BAM_RSEQC:RSEQC_JUNCTIONSATURATION,TREATMENT_mIFNa11_1000_REP2,NFCORE_RNASEQ:RNASEQ:BAM_RSEQC:RSEQC_JUNCTIONSATURATION (TREATMENT_mIFNa11_1000_REP2),COMPLETED,0,-,quay.io/biocontainers/rseqc:3.0.1--py37h516909a_1,6,28800000,-,38654705664,1,1715238301409,1715242357000,1715242479000,4177591,121000,-,108.1,0.5,1384206336,2745946112,1427165184,4169752576,2494167892,18423,79530,35,8192,32768,57,980,/input/data/work/68/8cfaab0d95de077d47dce9689f1d5b,true,-
545,2314291177,hu-worker-c42,0e/e6ad23,nf-0ee6ad23db980ee56dc71d452b4e3a48,NFCORE_RNASEQ:RNASEQ:BAM_RSEQC:RSEQC_INFEREXPERIMENT,TREATMENT_mIFNa11_1000_REP3,NFCORE_RNASEQ:RNASEQ:BAM_RSEQC:RSEQC_INFEREXPERIMENT (TREATMENT_mIFNa11_1000_REP3),COMPLETED,0,-,quay.io/biocontainers/rseqc:3.0.1--py37h516909a_1,6,28800000,-,38654705664,1,1715238377858,1715242475000,1715242478000,4100142,2000,-,408.2,0.0,64065536,1420677120,64065536,1424879616,53165772,2028,4836,19,0,16384,16,43,/input/data/work/0e/e6ad23db980ee56dc71d452b4e3a48,true,-
795,2722545323,hu-worker-c28,14/8b9160,nf-148b916056369ed11090ce9590e83de1,NFCORE_RNASEQ:RNASEQ:QUALIMAP_RNASEQ,TREATMENT_rhIFNa2b_100_REP3,NFCORE_RNASEQ:RNASEQ:QUALIMAP_RNASEQ (TREATMENT_rhIFNa2b_100_REP3),COMPLETED,0,-,quay.io/biocontainers/qualimap:2.2.2d--1,6,28800000,-,38654705664,1,1715239366726,1715241543000,1715242478000,3111274,934000,-,109.3,3.4,9274306560,38673883136,9291046912,38673891328,15997473258,13253081211,524392,2435613,254603264,13254950912,13,2,/input/data/work/14/8b916056369ed11090ce9590e83de1,true,-
1064,2226729525,hu-worker-c41,2b/9aa258,nf-2b9aa258dfe49f825e58c8888efccef0,NFCORE_RNASEQ:RNASEQ:BAM_MARKDUPLICATES_PICARD:BAM_STATS_SAMTOOLS:SAMTOOLS_IDXSTATS,TREATMENT_rhINFa2b_100000_REP3,NFCORE_RNASEQ:RNASEQ:BAM_MARKDUPLICATES_PICARD:BAM_STATS_SAMTOOLS:SAMTOOLS_IDXSTATS (TREATMENT_rhINFa2b_100000_REP3),COMPLETED,0,-,quay.io/biocontainers/samtools:1.17--h00cdaf9_0,1,14400000,-,6442450944,1,1715242473736,1715242474000,1715242474000,264,0,-,35.2,0.0,4743168,12488704,4743168,12492800,2721688,5517,268,19,8323072,12288,26,1,/input/data/work/2b/9aa258dfe49f825e58c8888efccef0,true,-
1051,2519090943,hu-worker-c35,a9/70979c,nf-a970979c6011e402340ec60eb7ac9fd6,NFCORE_RNASEQ:RNASEQ:BAM_MARKDUPLICATES_PICARD:BAM_STATS_SAMTOOLS:SAMTOOLS_IDXSTATS,TREATMENT_rhIFNb_10000_REP3,NFCORE_RNASEQ:RNASEQ:BAM_MARKDUPLICATES_PICARD:BAM_STATS_SAMTOOLS:SAMTOOLS_IDXSTATS (TREATMENT_rhIFNb_10000_REP3),COMPLETED,0,-,quay.io/biocontainers/samtools:1.17--h00cdaf9_0,1,14400000,-,6442450944,1,1715242473793,1715242474000,1715242474000,207,0,-,43.2,0.0,3174400,5640192,3174400,5644288,2779898,5535,269,19,4198400,12288,3,3,/input/data/work/a9/70979c6011e402340ec60eb7ac9fd6,true,-
1110,1900338453,hu-worker-c27,9c/07ed73,nf-9c07ed73f7a15954d9a535e90287199c,NFCORE_RNASEQ:RNASEQ:BAM_MARKDUPLICATES_PICARD:BAM_STATS_SAMTOOLS:SAMTOOLS_IDXSTATS,TREATMENT_rhIFNb_10000_REP1,NFCORE_RNASEQ:RNASEQ:BAM_MARKDUPLICATES_PICARD:BAM_STATS_SAMTOOLS:SAMTOOLS_IDXSTATS (TREATMENT_rhIFNb_10000_REP1),COMPLETED,0,-,quay.io/biocontainers/samtools:1.17--h00cdaf9_0,1,14400000,-,6442450944,1,1715242479371,1715242480000,1715242480000,629,0,-,47.5,0.0,3178496,5640192,3178496,5644288,2598604,5512,266,19,4235264,12288,3,3,/input/data/work/9c/07ed73f7a15954d9a535e90287199c,true,-
1071,2233345193,hu-worker-c27,31/189a31,nf-31189a31513b986de42c0f362224fce9,NFCORE_RNASEQ:RNASEQ:BAM_MARKDUPLICATES_PICARD:BAM_STATS_SAMTOOLS:SAMTOOLS_IDXSTATS,TREATMENT_mIFNa11_1000_REP1,NFCORE_RNASEQ:RNASEQ:BAM_MARKDUPLICATES_PICARD:BAM_STATS_SAMTOOLS:SAMTOOLS_IDXSTATS (TREATMENT_mIFNa11_1000_REP1),COMPLETED,0,-,quay.io/biocontainers/samtools:1.17--h00cdaf9_0,1,14400000,-,6442450944,1,1715242483937,1715242484000,1715242485000,1063,0,-,63.2,0.0,3194880,5640192,3194880,5644288,2703932,5533,268,19,4198400,12288,3,3,/input/data/work/31/189a31513b986de42c0f362224fce9,true,-
1054,2304197967,hu-worker-c28,b1/32c2bf,nf-b132c2bf7a5b790129fe766808e7373d,NFCORE_RNASEQ:RNASEQ:BAM_MARKDUPLICATES_PICARD:BAM_STATS_SAMTOOLS:SAMTOOLS_IDXSTATS,TREATMENT_rhIFNb_10000_REP2,NFCORE_RNASEQ:RNASEQ:BAM_MARKDUPLICATES_PICARD:BAM_STATS_SAMTOOLS:SAMTOOLS_IDXSTATS (TREATMENT_rhIFNb_10000_REP2),COMPLETED,0,-,quay.io/biocontainers/samtools:1.17--h00cdaf9_0,1,14400000,-,6442450944,1,1715242484151,1715242485000,1715242485000,849,0,-,47.3,0.0,3227648,5640192,3227648,5644288,2691782,5535,268,19,0,12288,5,5,/input/data/work/b1/32c2bf7a5b790129fe766808e7373d,true,-
464,2314250606,hu-worker-c25,f2/3696db,nf-f23696dbd5bc0fc0951755e3da3f4d14,NFCORE_RNASEQ:RNASEQ:BAM_RSEQC:RSEQC_INFEREXPERIMENT,TREATMENT_rhIFNb_100_REP1,NFCORE_RNASEQ:RNASEQ:BAM_RSEQC:RSEQC_INFEREXPERIMENT (TREATMENT_rhIFNb_100_REP1),COMPLETED,0,-,quay.io/biocontainers/rseqc:3.0.1--py37h516909a_1,6,28800000,-,38654705664,1,1715238285509,1715242482000,1715242485000,4199491,2000,-,395.9,0.0,63500288,1420783616,63500288,1424986112,52674799,2031,4821,19,8192,16384,15,42,/input/data/work/f2/3696dbd5bc0fc0951755e3da3f4d14,true,-
481,2327372988,hu-worker-c41,eb/cc2a19,nf-ebcc2a1914c03fa6e570aa6898023a0c,NFCORE_RNASEQ:RNASEQ:BAM_RSEQC:RSEQC_JUNCTIONANNOTATION,TREATMENT_rhIFNb_10000_REP2,NFCORE_RNASEQ:RNASEQ:BAM_RSEQC:RSEQC_JUNCTIONANNOTATION (TREATMENT_rhIFNb_10000_REP2),COMPLETED,0,-,quay.io/biocontainers/rseqc:3.0.1--py37h516909a_1,6,28800000,-,38654705664,1,1715238300991,1715242389000,1715242488000,4187009,98000,-,110.1,0.0,127651840,1485201408,130580480,1488355328,2357067471,60502077,76741,7377,8192,60534784,14,1325,/input/data/work/eb/cc2a1914c03fa6e570aa6898023a0c,true,-
484,2327372988,hu-worker-c25,ed/77c1a6,nf-ed77c1a65c2514dac70631d9eff940d6,NFCORE_RNASEQ:RNASEQ:BAM_RSEQC:RSEQC_INNERDISTANCE,TREATMENT_rhIFNb_10000_REP2,NFCORE_RNASEQ:RNASEQ:BAM_RSEQC:RSEQC_INNERDISTANCE (TREATMENT_rhIFNb_10000_REP2),COMPLETED,0,-,quay.io/biocontainers/rseqc:3.0.1--py37h516909a_1,6,28800000,-,38654705664,1,1715238301164,1715242429000,1715242489000,4187836,59000,-,117.0,0.3,915636224,2315145216,929570816,2329042944,238737493,55380703,13055,6788,217088,55443456,24,325,/input/data/work/ed/77c1a65c2514dac70631d9eff940d6,true,-
1112,1917362562,hu-worker-c25,a4/46cc9e,nf-a446cc9e759db4d7f644e59f13600464,NFCORE_RNASEQ:RNASEQ:BAM_MARKDUPLICATES_PICARD:BAM_STATS_SAMTOOLS:SAMTOOLS_FLAGSTAT,TREATMENT_mIFNa11_100_REP1,NFCORE_RNASEQ:RNASEQ:BAM_MARKDUPLICATES_PICARD:BAM_STATS_SAMTOOLS:SAMTOOLS_FLAGSTAT (TREATMENT_mIFNa11_100_REP1),COMPLETED,0,-,quay.io/biocontainers/samtools:1.17--h00cdaf9_0,1,14400000,-,6442450944,1,1715242484017,1715242485000,1715242503000,18983,17000,-,151.3,0.0,6754304,164413440,6754304,231661568,1915068368,5512,58668,19,4194304,12288,141026,127,/input/data/work/a4/46cc9e759db4d7f644e59f13600464,true,-
1057,2456593422,hu-worker-c28,02/0c0ee6,nf-020c0ee6230df7dee640eeeeca5351ae,NFCORE_RNASEQ:RNASEQ:BAM_MARKDUPLICATES_PICARD:BAM_STATS_SAMTOOLS:SAMTOOLS_IDXSTATS,TREATMENT_mIFNa11_1000_REP2,NFCORE_RNASEQ:RNASEQ:BAM_MARKDUPLICATES_PICARD:BAM_STATS_SAMTOOLS:SAMTOOLS_IDXSTATS (TREATMENT_mIFNa11_1000_REP2),COMPLETED,0,-,quay.io/biocontainers/samtools:1.17--h00cdaf9_0,1,14400000,-,6442450944,1,1715242494886,1715242495000,1715242496000,1114,0,-,67.1,0.0,3231744,5640192,3231744,5644288,2781018,5514,269,19,0,12288,2,2,/input/data/work/02/0c0ee6230df7dee640eeeeca5351ae,true,-
1106,1908857176,hu-worker-c24,e7/def0dc,nf-e7def0dcbf0ea1d578c685c3f61fc93a,NFCORE_RNASEQ:RNASEQ:BAM_MARKDUPLICATES_PICARD:BAM_STATS_SAMTOOLS:SAMTOOLS_IDXSTATS,TREATMENT_rhIFNb_100_REP2,NFCORE_RNASEQ:RNASEQ:BAM_MARKDUPLICATES_PICARD:BAM_STATS_SAMTOOLS:SAMTOOLS_IDXSTATS (TREATMENT_rhIFNb_100_REP2),COMPLETED,0,-,quay.io/biocontainers/samtools:1.17--h00cdaf9_0,1,14400000,-,6442450944,1,1715242495128,1715242496000,1715242496000,872,0,-,54.0,0.0,3170304,5640192,3170304,5644288,2630446,5509,267,19,5730304,12288,3,3,/input/data/work/e7/def0dcbf0ea1d578c685c3f61fc93a,true,-
1066,5867445798,hu-worker-c24,97/4e7bec,nf-974e7becbfe093eadb86fed3730cde2f,NFCORE_RNASEQ:RNASEQ:BAM_MARKDUPLICATES_PICARD:BAM_STATS_SAMTOOLS:SAMTOOLS_STATS,TREATMENT_rhINFa2b_10000_REP2,NFCORE_RNASEQ:RNASEQ:BAM_MARKDUPLICATES_PICARD:BAM_STATS_SAMTOOLS:SAMTOOLS_STATS (TREATMENT_rhINFa2b_10000_REP2),COMPLETED,0,-,quay.io/biocontainers/samtools:1.17--h00cdaf9_0,1,14400000,-,6442450944,1,1715242418073,1715242419000,1715242505000,86927,86000,-,163.1,0.0,8417280,166514688,8417280,232898560,2717580661,289107,83158,88,6897664,294912,1382,449,/input/data/work/97/4e7becbfe093eadb86fed3730cde2f,true,-
1069,5438436146,hu-worker-c35,ee/562034,nf-ee562034e0db3341b5b0a3c19a1cbb87,NFCORE_RNASEQ:RNASEQ:BAM_MARKDUPLICATES_PICARD:BAM_STATS_SAMTOOLS:SAMTOOLS_STATS,TREATMENT_mIFNa11_1000_REP3,NFCORE_RNASEQ:RNASEQ:BAM_MARKDUPLICATES_PICARD:BAM_STATS_SAMTOOLS:SAMTOOLS_STATS (TREATMENT_mIFNa11_1000_REP3),COMPLETED,0,-,quay.io/biocontainers/samtools:1.17--h00cdaf9_0,1,14400000,-,6442450944,1,1715242429506,1715242430000,1715242507000,77494,77000,-,161.9,0.0,8253440,166514688,8253440,233082880,2288741031,287058,70072,87,8577024,290816,1100,258,/input/data/work/ee/562034e0db3341b5b0a3c19a1cbb87,true,-
1127,1835506503,hu-worker-c27,a2/9f7323,nf-a29f7323d9eb412f480eefae6d7f7fb3,NFCORE_RNASEQ:RNASEQ:BAM_MARKDUPLICATES_PICARD:BAM_STATS_SAMTOOLS:SAMTOOLS_FLAGSTAT,TREATMENT_rhIFNa2b_100_REP2,NFCORE_RNASEQ:RNASEQ:BAM_MARKDUPLICATES_PICARD:BAM_STATS_SAMTOOLS:SAMTOOLS_FLAGSTAT (TREATMENT_rhIFNa2b_100_REP2),COMPLETED,0,-,quay.io/biocontainers/samtools:1.17--h00cdaf9_0,1,14400000,-,6442450944,1,1715242490096,1715242491000,1715242507000,16904,16000,-,162.8,0.0,6754304,164413440,6754304,231661568,1833250695,5510,56171,19,0,12288,154903,48,/input/data/work/a2/9f7323d9eb412f480eefae6d7f7fb3,true,-
1096,1984068484,hu-worker-c25,d6/3b19d1,nf-d63b19d16cc2569163c3ad62ccd2dea6,NFCORE_RNASEQ:RNASEQ:BAM_MARKDUPLICATES_PICARD:BAM_STATS_SAMTOOLS:SAMTOOLS_IDXSTATS,TREATMENT_rhIFNb_1000_REP1,NFCORE_RNASEQ:RNASEQ:BAM_MARKDUPLICATES_PICARD:BAM_STATS_SAMTOOLS:SAMTOOLS_IDXSTATS (TREATMENT_rhIFNb_1000_REP1),COMPLETED,0,-,quay.io/biocontainers/samtools:1.17--h00cdaf9_0,1,14400000,-,6442450944,1,1715242495679,1715242496000,1715242496000,321,0,-,47.1,0.0,3100672,5640192,3100672,5644288,2636063,5532,267,19,4198400,12288,3,3,/input/data/work/d6/3b19d16cc2569163c3ad62ccd2dea6,true,-
1050,5438436687,hu-worker-c34,40/9f3f47,nf-409f3f47b2ddc9bd2292c39c0a50b99c,NFCORE_RNASEQ:RNASEQ:BAM_MARKDUPLICATES_PICARD:BAM_STATS_SAMTOOLS:SAMTOOLS_STATS,TREATMENT_rhIFNb_100_REP1,NFCORE_RNASEQ:RNASEQ:BAM_MARKDUPLICATES_PICARD:BAM_STATS_SAMTOOLS:SAMTOOLS_STATS (TREATMENT_rhIFNb_100_REP1),COMPLETED,0,-,quay.io/biocontainers/samtools:1.17--h00cdaf9_0,1,14400000,-,6442450944,1,1715242440596,1715242441000,1715242518000,77404,77000,-,163.6,0.0,8396800,166514688,8396800,233082880,2288700424,286771,70071,87,4198400,290816,1118,391,/input/data/work/40/9f3f47b2ddc9bd2292c39c0a50b99c,true,-
1052,2519090943,hu-worker-c28,f6/0698cd,nf-f60698cd5c46d28c6b386e934c1735da,NFCORE_RNASEQ:RNASEQ:BAM_MARKDUPLICATES_PICARD:BAM_STATS_SAMTOOLS:SAMTOOLS_FLAGSTAT,TREATMENT_rhIFNb_10000_REP3,NFCORE_RNASEQ:RNASEQ:BAM_MARKDUPLICATES_PICARD:BAM_STATS_SAMTOOLS:SAMTOOLS_FLAGSTAT (TREATMENT_rhIFNb_10000_REP3),COMPLETED,0,-,quay.io/biocontainers/samtools:1.17--h00cdaf9_0,1,14400000,-,6442450944,1,1715242495534,1715242496000,1715242519000,23466,23000,-,158.6,0.0,6942720,164413440,6942720,231661568,2516614575,5509,77026,19,12582912,12288,199110,81,/input/data/work/f6/0698cd5c46d28c6b386e934c1735da,true,-
1108,1920882409,hu-worker-c25,e6/d540d1,nf-e6d540d1ede17b54dfb14f515efd8c14,NFCORE_RNASEQ:RNASEQ:BAM_MARKDUPLICATES_PICARD:BAM_STATS_SAMTOOLS:SAMTOOLS_FLAGSTAT,TREATMENT_rhINFa2b_100000_REP2,NFCORE_RNASEQ:RNASEQ:BAM_MARKDUPLICATES_PICARD:BAM_STATS_SAMTOOLS:SAMTOOLS_FLAGSTAT (TREATMENT_rhINFa2b_100000_REP2),COMPLETED,0,-,quay.io/biocontainers/samtools:1.17--h00cdaf9_0,1,14400000,-,6442450944,1,1715242505638,1715242506000,1715242523000,17362,17000,-,153.0,0.0,6832128,164413440,6832128,231661568,1918572303,5512,58776,19,8392704,12288,153632,54,/input/data/work/e6/d540d1ede17b54dfb14f515efd8c14,true,-
1116,1852855150,hu-worker-c24,d2/22e76e,nf-d222e76eeaa7074d74cf085e5e576326,NFCORE_RNASEQ:RNASEQ:BAM_MARKDUPLICATES_PICARD:BAM_STATS_SAMTOOLS:SAMTOOLS_IDXSTATS,TREATMENT_rhIFNa2b_1000_REP2,NFCORE_RNASEQ:RNASEQ:BAM_MARKDUPLICATES_PICARD:BAM_STATS_SAMTOOLS:SAMTOOLS_IDXSTATS (TREATMENT_rhIFNa2b_1000_REP2),COMPLETED,0,-,quay.io/biocontainers/samtools:1.17--h00cdaf9_0,1,14400000,-,6442450944,1,1715242515876,1715242516000,1715242517000,1124,0,-,64.4,0.0,3186688,5640192,3186688,5644288,2573539,5508,266,19,4194304,12288,3,3,/input/data/work/d2/22e76eeaa7074d74cf085e5e576326,true,-
1113,1837762125,hu-worker-c35,0a/a42d7e,nf-0aa42d7edcd8d88c756547694170f0a8,NFCORE_RNASEQ:RNASEQ:BAM_MARKDUPLICATES_PICARD:BAM_STATS_SAMTOOLS:SAMTOOLS_IDXSTATS,TREATMENT_mIFNa11_10000_REP3,NFCORE_RNASEQ:RNASEQ:BAM_MARKDUPLICATES_PICARD:BAM_STATS_SAMTOOLS:SAMTOOLS_IDXSTATS (TREATMENT_mIFNa11_10000_REP3),COMPLETED,0,-,quay.io/biocontainers/samtools:1.17--h00cdaf9_0,1,14400000,-,6442450944,1,1715242515942,1715242516000,1715242517000,1058,0,-,51.6,0.0,3190784,5640192,3190784,5644288,2593693,5511,266,19,4198400,12288,5,6,/input/data/work/0a/a42d7edcd8d88c756547694170f0a8,true,-
1070,2226729525,hu-worker-c28,3e/269cbc,nf-3e269cbc8e32167545a4470ed407603d,NFCORE_RNASEQ:RNASEQ:BAM_MARKDUPLICATES_PICARD:BAM_STATS_SAMTOOLS:SAMTOOLS_FLAGSTAT,TREATMENT_rhINFa2b_100000_REP3,NFCORE_RNASEQ:RNASEQ:BAM_MARKDUPLICATES_PICARD:BAM_STATS_SAMTOOLS:SAMTOOLS_FLAGSTAT (TREATMENT_rhINFa2b_100000_REP3),COMPLETED,0,-,quay.io/biocontainers/samtools:1.17--h00cdaf9_0,1,14400000,-,6442450944,1,1715242506053,1715242507000,1715242526000,19947,19000,-,160.1,0.0,6705152,164413440,6705152,231661568,2224310180,5509,68106,19,0,12288,146983,55,/input/data/work/3e/269cbc8e32167545a4470ed407603d,true,-
1085,2147674762,hu-worker-c27,00/500ab1,nf-00500ab1520947fcf52e9ed1b8d6bce0,NFCORE_RNASEQ:RNASEQ:BAM_MARKDUPLICATES_PICARD:BAM_STATS_SAMTOOLS:SAMTOOLS_FLAGSTAT,TREATMENT_rhIFNb_1000_REP3,NFCORE_RNASEQ:RNASEQ:BAM_MARKDUPLICATES_PICARD:BAM_STATS_SAMTOOLS:SAMTOOLS_FLAGSTAT (TREATMENT_rhIFNb_1000_REP3),COMPLETED,0,-,quay.io/biocontainers/samtools:1.17--h00cdaf9_0,1,14400000,-,6442450944,1,1715242516112,1715242517000,1715242536000,19888,19000,-,155.7,0.0,6889472,164413440,6889472,231661568,2145291574,5510,65694,19,4194304,12288,147426,76,/input/data/work/00/500ab1520947fcf52e9ed1b8d6bce0,true,-
1121,1835506503,hu-worker-c35,e2/1597ea,nf-e21597ea0efc379d81803d96692a8c3b,NFCORE_RNASEQ:RNASEQ:BAM_MARKDUPLICATES_PICARD:BAM_STATS_SAMTOOLS:SAMTOOLS_IDXSTATS,TREATMENT_rhIFNa2b_100_REP2,NFCORE_RNASEQ:RNASEQ:BAM_MARKDUPLICATES_PICARD:BAM_STATS_SAMTOOLS:SAMTOOLS_IDXSTATS (TREATMENT_rhIFNa2b_100_REP2),COMPLETED,0,-,quay.io/biocontainers/samtools:1.17--h00cdaf9_0,1,14400000,-,6442450944,1,1715242526713,1715242527000,1715242527000,287,0,-,50.3,0.0,3092480,5640192,3092480,5644288,2558483,5529,266,19,4198400,12288,3,3,/input/data/work/e2/1597ea0efc379d81803d96692a8c3b,true,-
1088,2087573343,hu-worker-c28,65/2ea5c4,nf-652ea5c44b105d43b471a772941fbada,NFCORE_RNASEQ:RNASEQ:BAM_MARKDUPLICATES_PICARD:BAM_STATS_SAMTOOLS:SAMTOOLS_IDXSTATS,TREATMENT_rhINFa2b_10000_REP1,NFCORE_RNASEQ:RNASEQ:BAM_MARKDUPLICATES_PICARD:BAM_STATS_SAMTOOLS:SAMTOOLS_IDXSTATS (TREATMENT_rhINFa2b_10000_REP1),COMPLETED,0,-,quay.io/biocontainers/samtools:1.17--h00cdaf9_0,1,14400000,-,6442450944,1,1715242526877,1715242527000,1715242528000,1123,1000,-,51.4,0.0,3239936,5640192,3239936,5644288,2737047,5513,269,19,0,12288,3,3,/input/data/work/65/2ea5c44b105d43b471a772941fbada,true,-
485,2327372988,hu-worker-c27,f6/36f06c,nf-f636f06c0656b7c6b92f3bcac24fb2fe,NFCORE_RNASEQ:RNASEQ:BAM_RSEQC:RSEQC_JUNCTIONSATURATION,TREATMENT_rhIFNb_10000_REP2,NFCORE_RNASEQ:RNASEQ:BAM_RSEQC:RSEQC_JUNCTIONSATURATION (TREATMENT_rhIFNb_10000_REP2),COMPLETED,0,-,quay.io/biocontainers/rseqc:3.0.1--py37h516909a_1,6,28800000,-,38654705664,1,1715238301025,1715242405000,1715242527000,4225975,121000,-,108.1,0.5,1289601024,2661535744,1289601024,2661539840,2341861683,18447,74882,35,0,32768,68,2271,/input/data/work/f6/36f06c0656b7c6b92f3bcac24fb2fe,true,-
547,2314291177,hu-worker-c28,4b/9778b1,nf-4b9778b1699e2a58ae6b890eb3f803ce,NFCORE_RNASEQ:RNASEQ:BAM_RSEQC:RSEQC_INNERDISTANCE,TREATMENT_mIFNa11_1000_REP3,NFCORE_RNASEQ:RNASEQ:BAM_RSEQC:RSEQC_INNERDISTANCE (TREATMENT_mIFNa11_1000_REP3),COMPLETED,0,-,quay.io/biocontainers/rseqc:3.0.1--py37h516909a_1,6,28800000,-,38654705664,1,1715238377788,1715242470000,1715242533000,4155212,61000,-,116.4,0.3,922284032,2322485248,928886784,2329042944,240703558,54330810,13115,6661,0,54419456,16,438,/input/data/work/4b/9778b1699e2a58ae6b890eb3f803ce,true,-
1082,2151552944,hu-worker-c25,17/9c47c5,nf-179c47c5c87720a67f80c02d1b849b6d,NFCORE_RNASEQ:RNASEQ:BAM_MARKDUPLICATES_PICARD:BAM_STATS_SAMTOOLS:SAMTOOLS_FLAGSTAT,TREATMENT_mIFNa11_10000_REP1,NFCORE_RNASEQ:RNASEQ:BAM_MARKDUPLICATES_PICARD:BAM_STATS_SAMTOOLS:SAMTOOLS_FLAGSTAT (TREATMENT_mIFNa11_10000_REP1),COMPLETED,0,-,quay.io/biocontainers/samtools:1.17--h00cdaf9_0,1,14400000,-,6442450944,1,1715242516351,1715242517000,1715242536000,19649,19000,-,158.8,0.0,6840320,164413440,6840320,231661568,2149163501,5512,65812,19,0,12288,148242,52,/input/data/work/17/9c47c5c87720a67f80c02d1b849b6d,true,-
1118,1900338453,hu-worker-c34,f9/b9c580,nf-f9b9c5806dd4cc98ebf5a29092036d00,NFCORE_RNASEQ:RNASEQ:BAM_MARKDUPLICATES_PICARD:BAM_STATS_SAMTOOLS:SAMTOOLS_FLAGSTAT,TREATMENT_rhIFNb_10000_REP1,NFCORE_RNASEQ:RNASEQ:BAM_MARKDUPLICATES_PICARD:BAM_STATS_SAMTOOLS:SAMTOOLS_FLAGSTAT (TREATMENT_rhIFNb_10000_REP1),COMPLETED,0,-,quay.io/biocontainers/samtools:1.17--h00cdaf9_0,1,14400000,-,6442450944,1,1715242526634,1715242527000,1715242545000,18366,18000,-,158.3,0.0,6930432,164413440,6930432,231661568,1898041923,5509,58151,19,8392704,12288,139213,68,/input/data/work/f9/b9c5806dd4cc98ebf5a29092036d00,true,-
1079,2151552944,hu-worker-c34,48/127ff4,nf-48127ff4c61b1adecedbd5be1121ddc1,NFCORE_RNASEQ:RNASEQ:BAM_MARKDUPLICATES_PICARD:BAM_STATS_SAMTOOLS:SAMTOOLS_IDXSTATS,TREATMENT_mIFNa11_10000_REP1,NFCORE_RNASEQ:RNASEQ:BAM_MARKDUPLICATES_PICARD:BAM_STATS_SAMTOOLS:SAMTOOLS_IDXSTATS (TREATMENT_mIFNa11_10000_REP1),COMPLETED,0,-,quay.io/biocontainers/samtools:1.17--h00cdaf9_0,1,14400000,-,6442450944,1,1715242537426,1715242538000,1715242538000,574,0,-,55.5,0.0,3248128,5640192,3248128,5644288,2692429,5531,268,19,4198400,12288,3,3,/input/data/work/48/127ff4c61b1adecedbd5be1121ddc1,true,-
1056,5451486949,hu-worker-c42,82/e31a1b,nf-82e31a1b149b80ec0c346695fc92c0ff,NFCORE_RNASEQ:RNASEQ:BAM_MARKDUPLICATES_PICARD:BAM_STATS_SAMTOOLS:SAMTOOLS_STATS,TREATMENT_rhIFNb_10000_REP2,NFCORE_RNASEQ:RNASEQ:BAM_MARKDUPLICATES_PICARD:BAM_STATS_SAMTOOLS:SAMTOOLS_STATS (TREATMENT_rhIFNb_10000_REP2),COMPLETED,0,-,quay.io/biocontainers/samtools:1.17--h00cdaf9_0,1,14400000,-,6442450944,1,1715242473028,1715242474000,1715242553000,79972,79000,-,162.6,0.0,8450048,166514688,8450048,232898560,2301822924,286974,70471,87,0,290816,1219,737,/input/data/work/82/e31a1b149b80ec0c346695fc92c0ff,true,-
1122,5064651544,hu-worker-c25,a3/79cca0,nf-a379cca02467525a143cf055ad0cbff9,NFCORE_RNASEQ:RNASEQ:BAM_MARKDUPLICATES_PICARD:BAM_STATS_SAMTOOLS:SAMTOOLS_STATS,TREATMENT_mIFNa11_100_REP1,NFCORE_RNASEQ:RNASEQ:BAM_MARKDUPLICATES_PICARD:BAM_STATS_SAMTOOLS:SAMTOOLS_STATS (TREATMENT_mIFNa11_100_REP1),COMPLETED,0,-,quay.io/biocontainers/samtools:1.17--h00cdaf9_0,1,14400000,-,6442450944,1,1715242484676,1715242485000,1715242553000,68324,68000,-,158.8,0.0,8269824,166514688,8269824,232898560,1915082946,284686,58668,87,131072,290816,811,745,/input/data/work/a3/79cca02467525a143cf055ad0cbff9,true,-
1115,1908857176,hu-worker-c24,2d/8f1579,nf-2d8f157942485dbfd4da4180ec66672b,NFCORE_RNASEQ:RNASEQ:BAM_MARKDUPLICATES_PICARD:BAM_STATS_SAMTOOLS:SAMTOOLS_FLAGSTAT,TREATMENT_rhIFNb_100_REP2,NFCORE_RNASEQ:RNASEQ:BAM_MARKDUPLICATES_PICARD:BAM_STATS_SAMTOOLS:SAMTOOLS_FLAGSTAT (TREATMENT_rhIFNb_100_REP2),COMPLETED,0,-,quay.io/biocontainers/samtools:1.17--h00cdaf9_0,1,14400000,-,6442450944,1,1715242526430,1715242527000,1715242549000,22570,22000,-,139.8,0.0,6868992,164413440,6868992,231661568,1906530604,5524,58409,19,4194304,12288,152039,345,/input/data/work/2d/8f157942485dbfd4da4180ec66672b,true,-
1123,1852855150,hu-worker-c28,be/7c05b0,nf-be7c05b0fcc98da34229a115080b8d60,NFCORE_RNASEQ:RNASEQ:BAM_MARKDUPLICATES_PICARD:BAM_STATS_SAMTOOLS:SAMTOOLS_FLAGSTAT,TREATMENT_rhIFNa2b_1000_REP2,NFCORE_RNASEQ:RNASEQ:BAM_MARKDUPLICATES_PICARD:BAM_STATS_SAMTOOLS:SAMTOOLS_FLAGSTAT (TREATMENT_rhIFNa2b_1000_REP2),COMPLETED,0,-,quay.io/biocontainers/samtools:1.17--h00cdaf9_0,1,14400000,-,6442450944,1,1715242537068,1715242538000,1715242555000,17932,17000,-,153.7,0.0,6799360,164413440,6799360,231661568,1850585448,5527,56700,19,8392704,12288,139924,75,/input/data/work/be/7c05b0fcc98da34229a115080b8d60,true,-
1139,1806534608,hu-worker-c25,39/400059,nf-3940005908abe190da33eb9a73e21559,NFCORE_RNASEQ:RNASEQ:BAM_MARKDUPLICATES_PICARD:BAM_STATS_SAMTOOLS:SAMTOOLS_FLAGSTAT,CONTROL_REP1,NFCORE_RNASEQ:RNASEQ:BAM_MARKDUPLICATES_PICARD:BAM_STATS_SAMTOOLS:SAMTOOLS_FLAGSTAT (CONTROL_REP1),COMPLETED,0,-,quay.io/biocontainers/samtools:1.17--h00cdaf9_0,1,14400000,-,6442450944,1,1715242537704,1715242538000,1715242555000,17296,17000,-,154.7,0.0,6742016,164413440,6742016,231661568,1804286057,5511,55290,19,4198400,12288,136953,83,/input/data/work/39/40005908abe190da33eb9a73e21559,true,-
1100,1920882409,hu-worker-c27,3a/7a6847,nf-3a7a684724a6f889b13bddfe35cadd73,NFCORE_RNASEQ:RNASEQ:BAM_MARKDUPLICATES_PICARD:BAM_STATS_SAMTOOLS:SAMTOOLS_IDXSTATS,TREATMENT_rhINFa2b_100000_REP2,NFCORE_RNASEQ:RNASEQ:BAM_MARKDUPLICATES_PICARD:BAM_STATS_SAMTOOLS:SAMTOOLS_IDXSTATS (TREATMENT_rhINFa2b_100000_REP2),COMPLETED,0,-,quay.io/biocontainers/samtools:1.17--h00cdaf9_0,1,14400000,-,6442450944,1,1715242548130,1715242549000,1715242549000,870,0,-,61.1,0.0,3231744,5640192,3231744,5644288,2614714,5512,267,19,4198400,12288,4,4,/input/data/work/3a/7a684724a6f889b13bddfe35cadd73,true,-
461,2314250606,hu-worker-c25,30/4a648e,nf-304a648e4df7012a1c4592138fa18265,NFCORE_RNASEQ:RNASEQ:BAM_RSEQC:RSEQC_INNERDISTANCE,TREATMENT_rhIFNb_100_REP1,NFCORE_RNASEQ:RNASEQ:BAM_RSEQC:RSEQC_INNERDISTANCE (TREATMENT_rhIFNb_100_REP1),COMPLETED,0,-,quay.io/biocontainers/rseqc:3.0.1--py37h516909a_1,6,28800000,-,38654705664,1,1715238285544,1715242488000,1715242553000,4267456,64000,-,115.2,0.3,913612800,2313310208,930131968,2333929472,239343981,54870830,13074,6726,0,54935552,26,405,/input/data/work/30/4a648e4df7012a1c4592138fa18265,true,-
1140,4982795485,hu-worker-c34,b6/6ee0d3,nf-b66ee0d31f8fc6c35af05fff0112b703,NFCORE_RNASEQ:RNASEQ:BAM_MARKDUPLICATES_PICARD:BAM_STATS_SAMTOOLS:SAMTOOLS_STATS,TREATMENT_rhIFNa2b_100_REP2,NFCORE_RNASEQ:RNASEQ:BAM_MARKDUPLICATES_PICARD:BAM_STATS_SAMTOOLS:SAMTOOLS_STATS (TREATMENT_rhIFNa2b_100_REP2),COMPLETED,0,-,quay.io/biocontainers/samtools:1.17--h00cdaf9_0,1,14400000,-,6442450944,1,1715242494963,1715242495000,1715242562000,67037,66000,-,161.3,0.0,8376320,166514688,8376320,233082880,1833264003,284472,56170,87,0,290816,925,274,/input/data/work/b6/6ee0d31f8fc6c35af05fff0112b703,true,-
1102,5146482800,hu-worker-c42,f7/7b76bc,nf-f77b76bc6ec4f1597214eca6ca4e6052,NFCORE_RNASEQ:RNASEQ:BAM_MARKDUPLICATES_PICARD:BAM_STATS_SAMTOOLS:SAMTOOLS_STATS,TREATMENT_rhIFNb_100000_REP1,NFCORE_RNASEQ:RNASEQ:BAM_MARKDUPLICATES_PICARD:BAM_STATS_SAMTOOLS:SAMTOOLS_STATS (TREATMENT_rhIFNb_100000_REP1),COMPLETED,0,-,quay.io/biocontainers/samtools:1.17--h00cdaf9_0,1,14400000,-,6442450944,1,1715242495338,1715242496000,1715242564000,68662,68000,-,160.9,0.0,8310784,166514688,8310784,232898560,1996903848,284894,61166,87,0,290816,929,258,/input/data/work/f7/7b76bc6ec4f1597214eca6ca4e6052,true,-
1081,2256461524,hu-worker-c35,36/1bf633,nf-361bf63339de483dde334126167bd305,NFCORE_RNASEQ:RNASEQ:BAM_MARKDUPLICATES_PICARD:BAM_STATS_SAMTOOLS:SAMTOOLS_FLAGSTAT,TREATMENT_rhIFNb_100_REP3,NFCORE_RNASEQ:RNASEQ:BAM_MARKDUPLICATES_PICARD:BAM_STATS_SAMTOOLS:SAMTOOLS_FLAGSTAT (TREATMENT_rhIFNb_100_REP3),COMPLETED,0,-,quay.io/biocontainers/samtools:1.17--h00cdaf9_0,1,14400000,-,6442450944,1,1715242537977,1715242539000,1715242560000,22023,21000,-,153.2,0.0,6832128,164413440,6832128,231661568,2253992760,5527,69014,19,0,12288,189927,94,/input/data/work/36/1bf63339de483dde334126167bd305,true,-
1128,1808849035,hu-worker-c24,ad/7a00c1,nf-ad7a00c1a06f1bad946dcd5281f4d065,NFCORE_RNASEQ:RNASEQ:BAM_MARKDUPLICATES_PICARD:BAM_STATS_SAMTOOLS:SAMTOOLS_IDXSTATS,TREATMENT_rhIFNa2b_100_REP3,NFCORE_RNASEQ:RNASEQ:BAM_MARKDUPLICATES_PICARD:BAM_STATS_SAMTOOLS:SAMTOOLS_IDXSTATS (TREATMENT_rhIFNa2b_100_REP3),COMPLETED,0,-,quay.io/biocontainers/samtools:1.17--h00cdaf9_0,1,14400000,-,6442450944,1,1715242548463,1715242549000,1715242549000,537,0,-,48.0,0.0,3235840,5640192,3235840,5644288,2572573,5529,266,19,8396800,12288,3,3,/input/data/work/ad/7a00c1a06f1bad946dcd5281f4d065,true,-
1093,1999193818,hu-worker-c24,1f/8babe1,nf-1f8babe179f7050e7ac64ec75a8d6983,NFCORE_RNASEQ:RNASEQ:BAM_MARKDUPLICATES_PICARD:BAM_STATS_SAMTOOLS:SAMTOOLS_IDXSTATS,TREATMENT_rhIFNb_100000_REP1,NFCORE_RNASEQ:RNASEQ:BAM_MARKDUPLICATES_PICARD:BAM_STATS_SAMTOOLS:SAMTOOLS_IDXSTATS (TREATMENT_rhIFNb_100000_REP1),COMPLETED,0,-,quay.io/biocontainers/samtools:1.17--h00cdaf9_0,1,14400000,-,6442450944,1,1715242559007,1715242560000,1715242560000,993,0,-,69.9,0.0,3203072,5640192,3203072,5644288,2606339,5509,267,19,0,12288,4,4,/input/data/work/1f/8babe179f7050e7ac64ec75a8d6983,true,-
488,2453987398,hu-worker-c35,3e/c04a36,nf-3ec04a36caedf950d72fe6742c7424aa,NFCORE_RNASEQ:RNASEQ:BAM_RSEQC:RSEQC_READDUPLICATION,TREATMENT_mIFNa11_1000_REP2,NFCORE_RNASEQ:RNASEQ:BAM_RSEQC:RSEQC_READDUPLICATION (TREATMENT_mIFNa11_1000_REP2),COMPLETED,0,-,quay.io/biocontainers/rseqc:3.0.1--py37h516909a_1,6,28800000,-,38654705664,1,1715238301274,1715242366000,1715242560000,4258726,193000,-,104.4,3.4,9190080512,10574663680,9190080512,10574667776,2468546725,106766,76392,55,16490496,126976,9,1616,/input/data/work/3e/c04a36caedf950d72fe6742c7424aa,true,-
1059,5603882404,hu-worker-c35,f3/aec1db,nf-f3aec1dbd3f0fc6c271bcfe6a1be88bb,NFCORE_RNASEQ:RNASEQ:BAM_MARKDUPLICATES_PICARD:BAM_STATS_SAMTOOLS:SAMTOOLS_STATS,TREATMENT_mIFNa11_1000_REP2,NFCORE_RNASEQ:RNASEQ:BAM_MARKDUPLICATES_PICARD:BAM_STATS_SAMTOOLS:SAMTOOLS_STATS (TREATMENT_mIFNa11_1000_REP2),COMPLETED,0,-,quay.io/biocontainers/samtools:1.17--h00cdaf9_0,1,14400000,-,6442450944,1,1715242484838,1715242485000,1715242572000,87162,87000,-,161.3,0.0,8257536,166514688,8257536,233082880,2454129009,288343,75120,88,4198400,294912,1198,422,/input/data/work/f3/aec1dbd3f0fc6c271bcfe6a1be88bb,true,-
1114,5068171391,hu-worker-c24,74/e009ce,nf-74e009ce44b6379ab5cc3c2ddf51b64c,NFCORE_RNASEQ:RNASEQ:BAM_MARKDUPLICATES_PICARD:BAM_STATS_SAMTOOLS:SAMTOOLS_STATS,TREATMENT_rhINFa2b_100000_REP2,NFCORE_RNASEQ:RNASEQ:BAM_MARKDUPLICATES_PICARD:BAM_STATS_SAMTOOLS:SAMTOOLS_STATS (TREATMENT_rhINFa2b_100000_REP2),COMPLETED,0,-,quay.io/biocontainers/samtools:1.17--h00cdaf9_0,1,14400000,-,6442450944,1,1715242505867,1715242506000,1715242574000,68133,68000,-,161.6,0.0,8257536,166514688,8257536,233082880,1918584631,284548,58774,87,4198400,290816,1014,1744,/input/data/work/74/e009ce44b6379ab5cc3c2ddf51b64c,true,-
1055,2304197967,hu-worker-c34,b9/b8c7b2,nf-b9b8c7b2919a48352d0400e56aa9dbf0,NFCORE_RNASEQ:RNASEQ:BAM_MARKDUPLICATES_PICARD:BAM_STATS_SAMTOOLS:SAMTOOLS_FLAGSTAT,TREATMENT_rhIFNb_10000_REP2,NFCORE_RNASEQ:RNASEQ:BAM_MARKDUPLICATES_PICARD:BAM_STATS_SAMTOOLS:SAMTOOLS_FLAGSTAT (TREATMENT_rhIFNb_10000_REP2),COMPLETED,0,-,quay.io/biocontainers/samtools:1.17--h00cdaf9_0,1,14400000,-,6442450944,1,1715242548215,1715242549000,1715242570000,21785,21000,-,155.5,0.0,6975488,164413440,6975488,231661568,2301809042,5509,70472,19,4198400,12288,190545,72,/input/data/work/b9/b8c7b2919a48352d0400e56aa9dbf0,true,-
1136,1806525193,hu-worker-c25,e3/4037b1,nf-e34037b179633bdb9ea5db91e201e068,NFCORE_RNASEQ:RNASEQ:BAM_MARKDUPLICATES_PICARD:BAM_STATS_SAMTOOLS:SAMTOOLS_FLAGSTAT,CONTROL_REP3,NFCORE_RNASEQ:RNASEQ:BAM_MARKDUPLICATES_PICARD:BAM_STATS_SAMTOOLS:SAMTOOLS_FLAGSTAT (CONTROL_REP3),COMPLETED,0,-,quay.io/biocontainers/samtools:1.17--h00cdaf9_0,1,14400000,-,6442450944,1,1715242558934,1715242559000,1715242577000,18066,17000,-,152.2,0.0,6721536,164413440,6721536,231661568,1804276622,5511,55289,19,4194304,12288,137120,68,/input/data/work/e3/4037b179633bdb9ea5db91e201e068,true,-
1095,2015535407,hu-worker-c25,04/01eb47,nf-0401eb4742ff62f3b28c0e25d6e285bc,NFCORE_RNASEQ:RNASEQ:BAM_MARKDUPLICATES_PICARD:BAM_STATS_SAMTOOLS:SAMTOOLS_FLAGSTAT,TREATMENT_mIFNa11_100_REP2,NFCORE_RNASEQ:RNASEQ:BAM_MARKDUPLICATES_PICARD:BAM_STATS_SAMTOOLS:SAMTOOLS_FLAGSTAT (TREATMENT_mIFNa11_100_REP2),COMPLETED,0,-,quay.io/biocontainers/samtools:1.17--h00cdaf9_0,1,14400000,-,6442450944,1,1715242559199,1715242560000,1715242578000,18801,18000,-,155.6,0.0,6787072,164413440,6787072,231661568,2013202225,5530,61662,19,4194304,12288,150729,65,/input/data/work/04/01eb4742ff62f3b28c0e25d6e285bc,true,-
1125,1817760372,hu-worker-c35,a5/713716,nf-a5713716124426fce4867b95749b0d57,NFCORE_RNASEQ:RNASEQ:BAM_MARKDUPLICATES_PICARD:BAM_STATS_SAMTOOLS:SAMTOOLS_IDXSTATS,TREATMENT_rhIFNa2b_100_REP1,NFCORE_RNASEQ:RNASEQ:BAM_MARKDUPLICATES_PICARD:BAM_STATS_SAMTOOLS:SAMTOOLS_IDXSTATS (TREATMENT_rhIFNa2b_100_REP1),COMPLETED,0,-,quay.io/biocontainers/samtools:1.17--h00cdaf9_0,1,14400000,-,6442450944,1,1715242570072,1715242571000,1715242571000,928,0,-,72.1,0.0,3203072,5640192,3203072,5644288,2560227,5511,266,19,0,12288,3,4,/input/data/work/a5/713716124426fce4867b95749b0d57,true,-
1080,2147674762,hu-worker-c27,32/89770c,nf-3289770c4287522f638241ac7e3a28fd,NFCORE_RNASEQ:RNASEQ:BAM_MARKDUPLICATES_PICARD:BAM_STATS_SAMTOOLS:SAMTOOLS_IDXSTATS,TREATMENT_rhIFNb_1000_REP3,NFCORE_RNASEQ:RNASEQ:BAM_MARKDUPLICATES_PICARD:BAM_STATS_SAMTOOLS:SAMTOOLS_IDXSTATS (TREATMENT_rhIFNb_1000_REP3),COMPLETED,0,-,quay.io/biocontainers/samtools:1.17--h00cdaf9_0,1,14400000,-,6442450944,1,1715242570333,1715242571000,1715242571000,667,0,-,64.9,0.0,3186688,5640192,3186688,5644288,2686642,5514,268,19,0,12288,3,3,/input/data/work/32/89770c4287522f638241ac7e3a28fd,true,-
546,2314291177,hu-worker-c41,1b/e940cb,nf-1be940cb8a539bc9ec86f02f750a3427,NFCORE_RNASEQ:RNASEQ:BAM_RSEQC:RSEQC_JUNCTIONANNOTATION,TREATMENT_mIFNa11_1000_REP3,NFCORE_RNASEQ:RNASEQ:BAM_RSEQC:RSEQC_JUNCTIONANNOTATION (TREATMENT_mIFNa11_1000_REP3),COMPLETED,0,-,quay.io/biocontainers/rseqc:3.0.1--py37h516909a_1,6,28800000,-,38654705664,1,1715238377753,1715242469000,1715242577000,4199247,107000,-,108.3,0.0,128323584,1485725696,130727936,1488355328,2343807553,59829618,76317,7296,0,59863040,118,103802,/input/data/work/1b/e940cb8a539bc9ec86f02f750a3427,true,-
1053,5666379925,hu-worker-c27,3f/a3a400,nf-3fa3a400b315384bda94ccca5785ebf9,NFCORE_RNASEQ:RNASEQ:BAM_MARKDUPLICATES_PICARD:BAM_STATS_SAMTOOLS:SAMTOOLS_STATS,TREATMENT_rhIFNb_10000_REP3,NFCORE_RNASEQ:RNASEQ:BAM_MARKDUPLICATES_PICARD:BAM_STATS_SAMTOOLS:SAMTOOLS_STATS (TREATMENT_rhIFNb_10000_REP3),COMPLETED,0,-,quay.io/biocontainers/samtools:1.17--h00cdaf9_0,1,14400000,-,6442450944,1,1715242495045,1715242496000,1715242585000,89955,89000,-,159.8,0.0,8232960,166514688,8232960,232898560,2516627674,287854,77029,88,8519680,294912,858,707,/input/data/work/3f/a3a400b315384bda94ccca5785ebf9,true,-
1065,5746309538,hu-worker-c41,fb/89b8ce,nf-fb89b8cee4bf58e3d258a340fc78cd1c,NFCORE_RNASEQ:RNASEQ:BAM_MARKDUPLICATES_PICARD:BAM_STATS_SAMTOOLS:SAMTOOLS_STATS,TREATMENT_rhINFa2b_100000_REP1,NFCORE_RNASEQ:RNASEQ:BAM_MARKDUPLICATES_PICARD:BAM_STATS_SAMTOOLS:SAMTOOLS_STATS (TREATMENT_rhINFa2b_100000_REP1),COMPLETED,0,-,quay.io/biocontainers/samtools:1.17--h00cdaf9_0,1,14400000,-,6442450944,1,1715242495227,1715242495000,1715242587000,91773,92000,-,162.4,0.0,8331264,166514688,8331264,232898560,2596497922,288550,79464,88,180224,294912,1069,1484,/input/data/work/fb/89b8cee4bf58e3d258a340fc78cd1c,true,-
1048,2291147705,hu-worker-c24,86/28719a,nf-8628719ad8db4ae85627722f857b9bc6,NFCORE_RNASEQ:RNASEQ:BAM_MARKDUPLICATES_PICARD:BAM_STATS_SAMTOOLS:SAMTOOLS_IDXSTATS,TREATMENT_rhIFNb_100_REP1,NFCORE_RNASEQ:RNASEQ:BAM_MARKDUPLICATES_PICARD:BAM_STATS_SAMTOOLS:SAMTOOLS_IDXSTATS (TREATMENT_rhIFNb_100_REP1),COMPLETED,0,-,quay.io/biocontainers/samtools:1.17--h00cdaf9_0,1,14400000,-,6442450944,1,1715242570728,1715242571000,1715242571000,272,0,-,46.8,0.0,3137536,5640192,3137536,5644288,2763548,5511,269,19,0,12288,3,3,/input/data/work/86/28719ad8db4ae85627722f857b9bc6,true,-
1084,2116276050,hu-worker-c35,38/097f24,nf-38097f24ac63927547f65a1f62030c2d,NFCORE_RNASEQ:RNASEQ:BAM_MARKDUPLICATES_PICARD:BAM_STATS_SAMTOOLS:SAMTOOLS_IDXSTATS,TREATMENT_rhIFNa2b_1000_REP3,NFCORE_RNASEQ:RNASEQ:BAM_MARKDUPLICATES_PICARD:BAM_STATS_SAMTOOLS:SAMTOOLS_IDXSTATS (TREATMENT_rhIFNa2b_1000_REP3),COMPLETED,0,-,quay.io/biocontainers/samtools:1.17--h00cdaf9_0,1,14400000,-,6442450944,1,1715242580915,1715242581000,1715242582000,1085,0,-,50.5,0.0,3108864,5640192,3108864,5644288,2689645,5532,268,19,4198400,12288,3,3,/input/data/work/38/097f24ac63927547f65a1f62030c2d,true,-
1145,4953823590,hu-worker-c41,9d/cac7dc,nf-9dcac7dc4c8e6b0f4d8641dce47d3b00,NFCORE_RNASEQ:RNASEQ:BAM_MARKDUPLICATES_PICARD:BAM_STATS_SAMTOOLS:SAMTOOLS_STATS,CONTROL_REP1,NFCORE_RNASEQ:RNASEQ:BAM_MARKDUPLICATES_PICARD:BAM_STATS_SAMTOOLS:SAMTOOLS_STATS (CONTROL_REP1),COMPLETED,0,-,quay.io/biocontainers/samtools:1.17--h00cdaf9_0,1,14400000,-,6442450944,1,1715242526964,1715242527000,1715242596000,69036,68000,-,158.1,0.0,8187904,166514688,8187904,233082880,1804298698,284390,55292,87,0,290816,861,797,/input/data/work/9d/cac7dc4c8e6b0f4d8641dce47d3b00,true,-
1103,1984068484,hu-worker-c24,ea/f8a448,nf-eaf8a448109c14ab3b9fa4c93d07d2e1,NFCORE_RNASEQ:RNASEQ:BAM_MARKDUPLICATES_PICARD:BAM_STATS_SAMTOOLS:SAMTOOLS_FLAGSTAT,TREATMENT_rhIFNb_1000_REP1,NFCORE_RNASEQ:RNASEQ:BAM_MARKDUPLICATES_PICARD:BAM_STATS_SAMTOOLS:SAMTOOLS_FLAGSTAT (TREATMENT_rhIFNb_1000_REP1),COMPLETED,0,-,quay.io/biocontainers/samtools:1.17--h00cdaf9_0,1,14400000,-,6442450944,1,1715242580580,1715242581000,1715242600000,19420,19000,-,153.8,0.0,6979584,164413440,6979584,231661568,1981735703,5524,60704,19,4194304,12288,139746,61,/input/data/work/ea/f8a448109c14ab3b9fa4c93d07d2e1,true,-
1098,1999193818,hu-worker-c25,f4/ece7b0,nf-f4ece7b0f04a0998cef165a94227f837,NFCORE_RNASEQ:RNASEQ:BAM_MARKDUPLICATES_PICARD:BAM_STATS_SAMTOOLS:SAMTOOLS_FLAGSTAT,TREATMENT_rhIFNb_100000_REP1,NFCORE_RNASEQ:RNASEQ:BAM_MARKDUPLICATES_PICARD:BAM_STATS_SAMTOOLS:SAMTOOLS_FLAGSTAT (TREATMENT_rhIFNb_100000_REP1),COMPLETED,0,-,quay.io/biocontainers/samtools:1.17--h00cdaf9_0,1,14400000,-,6442450944,1,1715242580705,1715242581000,1715242600000,19295,19000,-,157.5,0.0,6914048,164413440,6914048,231661568,1996891191,5530,61167,19,4194304,12288,141032,96,/input/data/work/f4/ece7b0f04a0998cef165a94227f837,true,-
1119,1837762125,hu-worker-c35,ce/74650b,nf-ce74650bd9bc1f31338a05b7071405a0,NFCORE_RNASEQ:RNASEQ:BAM_MARKDUPLICATES_PICARD:BAM_STATS_SAMTOOLS:SAMTOOLS_FLAGSTAT,TREATMENT_mIFNa11_10000_REP3,NFCORE_RNASEQ:RNASEQ:BAM_MARKDUPLICATES_PICARD:BAM_STATS_SAMTOOLS:SAMTOOLS_FLAGSTAT (TREATMENT_mIFNa11_10000_REP3),COMPLETED,0,-,quay.io/biocontainers/samtools:1.17--h00cdaf9_0,1,14400000,-,6442450944,1,1715242581367,1715242582000,1715242599000,17633,17000,-,150.9,0.0,6754304,164413440,6754304,231661568,1835470999,5526,56239,19,7827456,12288,144955,93,/input/data/work/ce/74650bd9bc1f31338a05b7071405a0,true,-
1120,1880673875,hu-worker-c42,47/b52abb,nf-47b52abb21f993ea4b61ba9ce1adfcf5,NFCORE_RNASEQ:RNASEQ:BAM_MARKDUPLICATES_PICARD:BAM_STATS_SAMTOOLS:SAMTOOLS_IDXSTATS,TREATMENT_mIFNa11_100000_REP1,NFCORE_RNASEQ:RNASEQ:BAM_MARKDUPLICATES_PICARD:BAM_STATS_SAMTOOLS:SAMTOOLS_IDXSTATS (TREATMENT_mIFNa11_100000_REP1),COMPLETED,0,-,quay.io/biocontainers/samtools:1.17--h00cdaf9_0,1,14400000,-,6442450944,1,1715242581631,1715242582000,1715242582000,369,0,-,46.4,0.0,3293184,5640192,3293184,5644288,2611449,5511,267,19,4198400,12288,3,3,/input/data/work/47/b52abb21f993ea4b61ba9ce1adfcf5,true,-
463,2314250606,hu-worker-c28,57/1c4be9,nf-571c4be9d21c3a0c393362778213edd3,NFCORE_RNASEQ:RNASEQ:BAM_RSEQC:RSEQC_JUNCTIONSATURATION,TREATMENT_rhIFNb_100_REP1,NFCORE_RNASEQ:RNASEQ:BAM_RSEQC:RSEQC_JUNCTIONSATURATION (TREATMENT_rhIFNb_100_REP1),COMPLETED,0,-,quay.io/biocontainers/rseqc:3.0.1--py37h516909a_1,6,28800000,-,38654705664,1,1715238285439,1715242481000,1715242602000,4316561,120000,-,108.2,0.5,1277812736,2636017664,1277812736,2636021760,2328739300,18435,74481,35,8192,32768,16,673,/input/data/work/57/1c4be9d21c3a0c393362778213edd3,true,-
466,2314250606,hu-worker-c41,ab/ee547f,nf-abee547f40f65e15b7fb484dbd532f1b,NFCORE_RNASEQ:RNASEQ:BAM_RSEQC:RSEQC_JUNCTIONANNOTATION,TREATMENT_rhIFNb_100_REP1,NFCORE_RNASEQ:RNASEQ:BAM_RSEQC:RSEQC_JUNCTIONANNOTATION (TREATMENT_rhIFNb_100_REP1),COMPLETED,0,-,quay.io/biocontainers/rseqc:3.0.1--py37h516909a_1,6,28800000,-,38654705664,1,1715238285612,1715242491000,1715242593000,4307388,101000,-,109.8,0.0,128126976,1485725696,130539520,1488355328,2343870066,60229066,76330,7344,0,60260352,13,1578,/input/data/work/ab/ee547f40f65e15b7fb484dbd532f1b,true,-
548,2314291177,hu-worker-c42,4f/adc3a2,nf-4fadc3a2a36b46da0c5012046470a5c4,NFCORE_RNASEQ:RNASEQ:BAM_RSEQC:RSEQC_JUNCTIONSATURATION,TREATMENT_mIFNa11_1000_REP3,NFCORE_RNASEQ:RNASEQ:BAM_RSEQC:RSEQC_JUNCTIONSATURATION (TREATMENT_mIFNa11_1000_REP3),COMPLETED,0,-,quay.io/biocontainers/rseqc:3.0.1--py37h516909a_1,6,28800000,-,38654705664,1,1715238377928,1715242481000,1715242597000,4219072,115000,-,108.0,0.5,1290182656,2660749312,1290182656,2660753408,2328779384,18428,74480,35,0,32768,5,1187,/input/data/work/4f/adc3a2a36b46da0c5012046470a5c4,true,-
1129,5047627435,hu-worker-c28,fc/21d4cf,nf-fc21d4cf5b9f4bc2b7d588c8eea32a62,NFCORE_RNASEQ:RNASEQ:BAM_MARKDUPLICATES_PICARD:BAM_STATS_SAMTOOLS:SAMTOOLS_STATS,TREATMENT_rhIFNb_10000_REP1,NFCORE_RNASEQ:RNASEQ:BAM_MARKDUPLICATES_PICARD:BAM_STATS_SAMTOOLS:SAMTOOLS_STATS (TREATMENT_rhIFNb_10000_REP1),COMPLETED,0,-,quay.io/biocontainers/samtools:1.17--h00cdaf9_0,1,14400000,-,6442450944,1,1715242537329,1715242538000,1715242605000,67671,67000,-,161.8,0.0,8175616,166514688,8175616,232898560,1898057095,284118,58149,87,98304,290816,903,271,/input/data/work/fc/21d4cf5b9f4bc2b7d588c8eea32a62,true,-
1091,2116276050,hu-worker-c34,cf/9c037d,nf-cf9c037d21e140af9737ebe289f90154,NFCORE_RNASEQ:RNASEQ:BAM_MARKDUPLICATES_PICARD:BAM_STATS_SAMTOOLS:SAMTOOLS_FLAGSTAT,TREATMENT_rhIFNa2b_1000_REP3,NFCORE_RNASEQ:RNASEQ:BAM_MARKDUPLICATES_PICARD:BAM_STATS_SAMTOOLS:SAMTOOLS_FLAGSTAT (TREATMENT_rhIFNa2b_1000_REP3),COMPLETED,0,-,quay.io/biocontainers/samtools:1.17--h00cdaf9_0,1,14400000,-,6442450944,1,1715242580834,1715242581000,1715242604000,23166,23000,-,145.8,0.0,6971392,164413440,6971392,231661568,2113889523,5509,64734,19,0,12288,170532,151,/input/data/work/cf/9c037d21e140af9737ebe289f90154,true,-
1109,1951338544,hu-worker-c34,29/b1afe1,nf-29b1afe14bee7d854d246e76c3231fd0,NFCORE_RNASEQ:RNASEQ:BAM_MARKDUPLICATES_PICARD:BAM_STATS_SAMTOOLS:SAMTOOLS_FLAGSTAT,TREATMENT_rhIFNa2b_1000_REP1,NFCORE_RNASEQ:RNASEQ:BAM_MARKDUPLICATES_PICARD:BAM_STATS_SAMTOOLS:SAMTOOLS_FLAGSTAT (TREATMENT_rhIFNa2b_1000_REP1),COMPLETED,0,-,quay.io/biocontainers/samtools:1.17--h00cdaf9_0,1,14400000,-,6442450944,1,1715242591362,1715242592000,1715242609000,17638,17000,-,156.6,0.0,6893568,164413440,6893568,231661568,1949018659,5527,59704,19,4198400,12288,149734,121,/input/data/work/29/b1afe14bee7d854d246e76c3231fd0,true,-
1124,1880673875,hu-worker-c35,c5/ddfdbd,nf-c5ddfdbde5edd8d22ca1ecd8175c550f,NFCORE_RNASEQ:RNASEQ:BAM_MARKDUPLICATES_PICARD:BAM_STATS_SAMTOOLS:SAMTOOLS_FLAGSTAT,TREATMENT_mIFNa11_100000_REP1,NFCORE_RNASEQ:RNASEQ:BAM_MARKDUPLICATES_PICARD:BAM_STATS_SAMTOOLS:SAMTOOLS_FLAGSTAT (TREATMENT_mIFNa11_100000_REP1),COMPLETED,0,-,quay.io/biocontainers/samtools:1.17--h00cdaf9_0,1,14400000,-,6442450944,1,1715242591733,1715242592000,1715242610000,18267,17000,-,155.8,0.0,6860800,164413440,6860800,231661568,1878365651,5508,57548,19,8392704,12288,148637,69,/input/data/work/c5/ddfdbde5edd8d22ca1ecd8175c550f,true,-
1089,2015535407,hu-worker-c25,e2/959007,nf-e2959007ce96aba6b2fe5fe3e22c8038,NFCORE_RNASEQ:RNASEQ:BAM_MARKDUPLICATES_PICARD:BAM_STATS_SAMTOOLS:SAMTOOLS_IDXSTATS,TREATMENT_mIFNa11_100_REP2,NFCORE_RNASEQ:RNASEQ:BAM_MARKDUPLICATES_PICARD:BAM_STATS_SAMTOOLS:SAMTOOLS_IDXSTATS (TREATMENT_mIFNa11_100_REP2),COMPLETED,0,-,quay.io/biocontainers/samtools:1.17--h00cdaf9_0,1,14400000,-,6442450944,1,1715242602615,1715242603000,1715242603000,385,0,-,59.3,0.0,3182592,5640192,3182592,5644288,2636576,5516,267,19,0,12288,2,2,/input/data/work/e2/959007ce96aba6b2fe5fe3e22c8038,true,-
482,2327372988,hu-worker-c27,f9/b03fc5,nf-f9b03fc5fb63ed73f29e5a61a2b6c629,NFCORE_RNASEQ:RNASEQ:BAM_RSEQC:RSEQC_READDISTRIBUTION,TREATMENT_rhIFNb_10000_REP2,NFCORE_RNASEQ:RNASEQ:BAM_RSEQC:RSEQC_READDISTRIBUTION (TREATMENT_rhIFNb_10000_REP2),COMPLETED,0,-,quay.io/biocontainers/rseqc:3.0.1--py37h516909a_1,6,28800000,-,38654705664,1,1715238301131,1715242425000,1715242605000,4303869,179000,-,103.7,0.4,1025150976,2389684224,1144930304,2509225984,2567153761,2968,102748,19,12288,16384,12,1180,/input/data/work/f9/b03fc5fb63ed73f29e5a61a2b6c629,true,-
579,2279555697,hu-worker-c28,13/0ec640,nf-130ec6404f5dc123e2bcc01a58198797,NFCORE_RNASEQ:RNASEQ:BAM_RSEQC:RSEQC_INFEREXPERIMENT,TREATMENT_rhIFNb_100_REP3,NFCORE_RNASEQ:RNASEQ:BAM_RSEQC:RSEQC_INFEREXPERIMENT (TREATMENT_rhIFNb_100_REP3),COMPLETED,0,-,quay.io/biocontainers/rseqc:3.0.1--py37h516909a_1,6,28800000,-,38654705664,1,1715238399304,1715242604000,1715242607000,4207696,2000,-,397.2,0.0,62959616,1420783616,62959616,1424986112,52379884,2028,4812,19,0,16384,16,23,/input/data/work/13/0ec6404f5dc123e2bcc01a58198797,true,-
1087,5294963744,hu-worker-c35,7e/65c1a8,nf-7e65c1a842eeb95dbf4ee451dc4c3341,NFCORE_RNASEQ:RNASEQ:BAM_MARKDUPLICATES_PICARD:BAM_STATS_SAMTOOLS:SAMTOOLS_STATS,TREATMENT_rhIFNb_1000_REP3,NFCORE_RNASEQ:RNASEQ:BAM_MARKDUPLICATES_PICARD:BAM_STATS_SAMTOOLS:SAMTOOLS_STATS (TREATMENT_rhIFNb_1000_REP3),COMPLETED,0,-,quay.io/biocontainers/samtools:1.17--h00cdaf9_0,1,14400000,-,6442450944,1,1715242537144,1715242538000,1715242622000,84856,84000,-,156.8,0.0,8224768,166514688,8224768,232898560,2145304748,286320,65693,87,4198400,290816,1055,850,/input/data/work/7e/65c1a842eeb95dbf4ee451dc4c3341,true,-
1092,2087573343,hu-worker-c24,86/cb4a2e,nf-86cb4a2e1870592f89593b6e77b22869,NFCORE_RNASEQ:RNASEQ:BAM_MARKDUPLICATES_PICARD:BAM_STATS_SAMTOOLS:SAMTOOLS_FLAGSTAT,TREATMENT_rhINFa2b_10000_REP1,NFCORE_RNASEQ:RNASEQ:BAM_MARKDUPLICATES_PICARD:BAM_STATS_SAMTOOLS:SAMTOOLS_FLAGSTAT (TREATMENT_rhINFa2b_10000_REP1),COMPLETED,0,-,quay.io/biocontainers/samtools:1.17--h00cdaf9_0,1,14400000,-,6442450944,1,1715242602521,1715242603000,1715242621000,18479,18000,-,161.7,0.0,6922240,164413440,6922240,231661568,2085140442,5506,63859,19,4194304,12288,155699,72,/input/data/work/86/cb4a2e1870592f89593b6e77b22869,true,-
1073,2256461524,hu-worker-c35,5a/a3a61b,nf-5aa3a61bd7ba7e41b1ae8f484c83eeb1,NFCORE_RNASEQ:RNASEQ:BAM_MARKDUPLICATES_PICARD:BAM_STATS_SAMTOOLS:SAMTOOLS_IDXSTATS,TREATMENT_rhIFNb_100_REP3,NFCORE_RNASEQ:RNASEQ:BAM_MARKDUPLICATES_PICARD:BAM_STATS_SAMTOOLS:SAMTOOLS_IDXSTATS (TREATMENT_rhIFNb_100_REP3),COMPLETED,0,-,quay.io/biocontainers/samtools:1.17--h00cdaf9_0,1,14400000,-,6442450944,1,1715242602846,1715242603000,1715242604000,1154,1000,-,50.0,0.0,3117056,5640192,3117056,5644288,2771983,5532,269,19,0,12288,3,3,/input/data/work/5a/a3a61bd7ba7e41b1ae8f484c83eeb1,true,-
1133,1808849035,hu-worker-c28,5b/7a757b,nf-5b7a757b343c99d181a6cab35f201185,NFCORE_RNASEQ:RNASEQ:BAM_MARKDUPLICATES_PICARD:BAM_STATS_SAMTOOLS:SAMTOOLS_FLAGSTAT,TREATMENT_rhIFNa2b_100_REP3,NFCORE_RNASEQ:RNASEQ:BAM_MARKDUPLICATES_PICARD:BAM_STATS_SAMTOOLS:SAMTOOLS_FLAGSTAT (TREATMENT_rhIFNa2b_100_REP3),COMPLETED,0,-,quay.io/biocontainers/samtools:1.17--h00cdaf9_0,1,14400000,-,6442450944,1,1715242602990,1715242603000,1715242620000,17010,16000,-,155.8,0.0,6950912,164413440,6950912,231661568,1806579938,5530,55358,19,12587008,12288,147188,82,/input/data/work/5b/7a757b343c99d181a6cab35f201185,true,-
1131,1806525193,hu-worker-c34,48/bcef8d,nf-48bcef8dda6c501ce18ab099697e0c31,NFCORE_RNASEQ:RNASEQ:BAM_MARKDUPLICATES_PICARD:BAM_STATS_SAMTOOLS:SAMTOOLS_IDXSTATS,CONTROL_REP3,NFCORE_RNASEQ:RNASEQ:BAM_MARKDUPLICATES_PICARD:BAM_STATS_SAMTOOLS:SAMTOOLS_IDXSTATS (CONTROL_REP3),COMPLETED,0,-,quay.io/biocontainers/samtools:1.17--h00cdaf9_0,1,14400000,-,6442450944,1,1715242612495,1715242613000,1715242613000,505,0,-,36.0,0.0,3260416,5640192,3260416,5644288,2551958,5511,266,19,0,12288,3,3,/input/data/work/48/bcef8dda6c501ce18ab099697e0c31,true,-
1062,2720156816,hu-worker-c35,39/5c0a34,nf-395c0a34010675b2b3a2f558f13d618c,NFCORE_RNASEQ:RNASEQ:BAM_MARKDUPLICATES_PICARD:BAM_STATS_SAMTOOLS:SAMTOOLS_IDXSTATS,TREATMENT_rhINFa2b_10000_REP2,NFCORE_RNASEQ:RNASEQ:BAM_MARKDUPLICATES_PICARD:BAM_STATS_SAMTOOLS:SAMTOOLS_IDXSTATS (TREATMENT_rhINFa2b_10000_REP2),COMPLETED,0,-,quay.io/biocontainers/samtools:1.17--h00cdaf9_0,1,14400000,-,6442450944,1,1715242612690,1715242613000,1715242613000,310,0,-,54.9,0.0,3198976,5640192,3198976,5644288,2892471,5518,271,19,0,12288,3,3,/input/data/work/39/5c0a34010675b2b3a2f558f13d618c,true,-
550,2314291177,hu-worker-c34,3a/448889,nf-3a448889a941241fc9c244c3fa458e69,NFCORE_RNASEQ:RNASEQ:BAM_RSEQC:RSEQC_READDISTRIBUTION,TREATMENT_mIFNa11_1000_REP3,NFCORE_RNASEQ:RNASEQ:BAM_RSEQC:RSEQC_READDISTRIBUTION (TREATMENT_mIFNa11_1000_REP3),COMPLETED,0,-,quay.io/biocontainers/rseqc:3.0.1--py37h516909a_1,6,28800000,-,38654705664,1,1715238377715,1715242439000,1715242614000,4236285,174000,-,103.8,0.4,1032183808,2395389952,1146273792,2509225984,2554071323,2967,102346,19,0,16384,5,700,/input/data/work/3a/448889a941241fc9c244c3fa458e69,true,-
1132,4985051107,hu-worker-c42,1d/369630,nf-1d369630b165c6c12bfe6a0a8d33d3d5,NFCORE_RNASEQ:RNASEQ:BAM_MARKDUPLICATES_PICARD:BAM_STATS_SAMTOOLS:SAMTOOLS_STATS,TREATMENT_mIFNa11_10000_REP3,NFCORE_RNASEQ:RNASEQ:BAM_MARKDUPLICATES_PICARD:BAM_STATS_SAMTOOLS:SAMTOOLS_STATS (TREATMENT_mIFNa11_10000_REP3),COMPLETED,0,-,quay.io/biocontainers/samtools:1.17--h00cdaf9_0,1,14400000,-,6442450944,1,1715242559334,1715242560000,1715242624000,64666,64000,-,158.5,0.0,8425472,166514688,8425472,232898560,1835484483,284141,56239,87,4194304,290816,709,274,/input/data/work/1d/369630b165c6c12bfe6a0a8d33d3d5,true,-
1097,5162824389,hu-worker-c24,66/f975e0,nf-66f975e09c47bf88aa978d558c3dd2a6,NFCORE_RNASEQ:RNASEQ:BAM_MARKDUPLICATES_PICARD:BAM_STATS_SAMTOOLS:SAMTOOLS_STATS,TREATMENT_mIFNa11_100_REP2,NFCORE_RNASEQ:RNASEQ:BAM_MARKDUPLICATES_PICARD:BAM_STATS_SAMTOOLS:SAMTOOLS_STATS (TREATMENT_mIFNa11_100_REP2),COMPLETED,0,-,quay.io/biocontainers/samtools:1.17--h00cdaf9_0,1,14400000,-,6442450944,1,1715242559830,1715242560000,1715242633000,73170,73000,-,158.4,0.0,8290304,166514688,8290304,232898560,2013215789,286270,61663,87,4198400,290816,1249,882,/input/data/work/66/f975e09c47bf88aa978d558c3dd2a6,true,-
1074,2233345193,hu-worker-c25,9d/a10ad7,nf-9da10ad7cca39125bb6ab610a6660b26,NFCORE_RNASEQ:RNASEQ:BAM_MARKDUPLICATES_PICARD:BAM_STATS_SAMTOOLS:SAMTOOLS_FLAGSTAT,TREATMENT_mIFNa11_1000_REP1,NFCORE_RNASEQ:RNASEQ:BAM_MARKDUPLICATES_PICARD:BAM_STATS_SAMTOOLS:SAMTOOLS_FLAGSTAT (TREATMENT_mIFNa11_1000_REP1),COMPLETED,0,-,quay.io/biocontainers/samtools:1.17--h00cdaf9_0,1,14400000,-,6442450944,1,1715242603133,1715242605000,1715242627000,23867,22000,-,157.9,0.0,6819840,164413440,6819840,231661568,2230944976,5530,68309,19,8392704,12288,187633,104,/input/data/work/9d/a10ad7cca39125bb6ab610a6660b26,true,-
1130,1817760372,hu-worker-c34,b9/500bc1,nf-b9500bc1594588290c307a72d09e9a89,NFCORE_RNASEQ:RNASEQ:BAM_MARKDUPLICATES_PICARD:BAM_STATS_SAMTOOLS:SAMTOOLS_FLAGSTAT,TREATMENT_rhIFNa2b_100_REP1,NFCORE_RNASEQ:RNASEQ:BAM_MARKDUPLICATES_PICARD:BAM_STATS_SAMTOOLS:SAMTOOLS_FLAGSTAT (TREATMENT_rhIFNa2b_100_REP1),COMPLETED,0,-,quay.io/biocontainers/samtools:1.17--h00cdaf9_0,1,14400000,-,6442450944,1,1715242612894,1715242613000,1715242629000,16106,15000,-,152.3,0.0,6983680,164413440,6983680,231661568,1815503497,5508,55629,19,8392704,12288,108651,33,/input/data/work/b9/500bc1594588290c307a72d09e9a89,true,-
1104,1943854816,hu-worker-c35,d7/f02922,nf-d7f029227652fe81184155a7ecd71bc5,NFCORE_RNASEQ:RNASEQ:BAM_MARKDUPLICATES_PICARD:BAM_STATS_SAMTOOLS:SAMTOOLS_FLAGSTAT,TREATMENT_mIFNa11_10000_REP2,NFCORE_RNASEQ:RNASEQ:BAM_MARKDUPLICATES_PICARD:BAM_STATS_SAMTOOLS:SAMTOOLS_FLAGSTAT (TREATMENT_mIFNa11_10000_REP2),COMPLETED,0,-,quay.io/biocontainers/samtools:1.17--h00cdaf9_0,1,14400000,-,6442450944,1,1715242613014,1715242614000,1715242631000,17986,17000,-,156.7,0.0,6758400,164413440,6758400,231661568,1941514998,5509,59476,19,4194304,12288,151796,70,/input/data/work/d7/f029227652fe81184155a7ecd71bc5,true,-
1099,1943854816,hu-worker-c28,a5/28da39,nf-a528da398518797b441f670e6bb64a5c,NFCORE_RNASEQ:RNASEQ:BAM_MARKDUPLICATES_PICARD:BAM_STATS_SAMTOOLS:SAMTOOLS_IDXSTATS,TREATMENT_mIFNa11_10000_REP2,NFCORE_RNASEQ:RNASEQ:BAM_MARKDUPLICATES_PICARD:BAM_STATS_SAMTOOLS:SAMTOOLS_IDXSTATS (TREATMENT_mIFNa11_10000_REP2),COMPLETED,0,-,quay.io/biocontainers/samtools:1.17--h00cdaf9_0,1,14400000,-,6442450944,1,1715242613303,1715242614000,1715242614000,697,0,-,53.1,0.0,3174400,5640192,3174400,5644288,2642700,5513,267,19,0,12288,3,3,/input/data/work/a5/28da398518797b441f670e6bb64a5c,true,-
1101,1951338544,hu-worker-c34,86/c543e1,nf-86c543e188ce71ce5b68c8fbdcae2105,NFCORE_RNASEQ:RNASEQ:BAM_MARKDUPLICATES_PICARD:BAM_STATS_SAMTOOLS:SAMTOOLS_IDXSTATS,TREATMENT_rhIFNa2b_1000_REP1,NFCORE_RNASEQ:RNASEQ:BAM_MARKDUPLICATES_PICARD:BAM_STATS_SAMTOOLS:SAMTOOLS_IDXSTATS (TREATMENT_rhIFNa2b_1000_REP1),COMPLETED,0,-,quay.io/biocontainers/samtools:1.17--h00cdaf9_0,1,14400000,-,6442450944,1,1715242613488,1715242615000,1715242616000,2512,0,-,100.8,0.0,3219456,5640192,3219456,5644288,2622615,5532,267,19,0,12288,3,3,/input/data/work/86/c543e188ce71ce5b68c8fbdcae2105,true,-
1137,1043328893,hu-worker-c34,a4/844433,nf-a48444334c619efac6c3bcb090cec3c8,NFCORE_RNASEQ:RNASEQ:BAM_MARKDUPLICATES_PICARD:BAM_STATS_SAMTOOLS:SAMTOOLS_IDXSTATS,TREATMENT_rhIFNb_100000_REP3,NFCORE_RNASEQ:RNASEQ:BAM_MARKDUPLICATES_PICARD:BAM_STATS_SAMTOOLS:SAMTOOLS_IDXSTATS (TREATMENT_rhIFNb_100000_REP3),COMPLETED,0,-,quay.io/biocontainers/samtools:1.17--h00cdaf9_0,1,14400000,-,6442450944,1,1715242624117,1715242625000,1715242625000,883,0,-,64.0,0.0,3215360,5640192,3215360,5644288,2276743,5523,262,19,4198400,12288,3,3,/input/data/work/a4/8444334c619efac6c3bcb090cec3c8,true,-
1147,1347776494,hu-worker-c42,75/3f8e63,nf-753f8e63fbf3b2ed62dea951fcbcbfdb,NFCORE_RNASEQ:RNASEQ:BAM_MARKDUPLICATES_PICARD:BAM_STATS_SAMTOOLS:SAMTOOLS_IDXSTATS,TREATMENT_rhINFa2b_10000_REP3,NFCORE_RNASEQ:RNASEQ:BAM_MARKDUPLICATES_PICARD:BAM_STATS_SAMTOOLS:SAMTOOLS_IDXSTATS (TREATMENT_rhINFa2b_10000_REP3),COMPLETED,0,-,quay.io/biocontainers/samtools:1.17--h00cdaf9_0,1,14400000,-,6442450944,1,1715242624492,1715242627000,1715242627000,2508,0,-,53.3,0.0,3235840,5640192,3235840,5644288,2413793,5524,264,19,0,12288,1,1,/input/data/work/75/3f8e63fbf3b2ed62dea951fcbcbfdb,true,-
1094,5234862325,hu-worker-c28,72/ca43bc,nf-72ca43bce06d2521b3c6658ae1e64051,NFCORE_RNASEQ:RNASEQ:BAM_MARKDUPLICATES_PICARD:BAM_STATS_SAMTOOLS:SAMTOOLS_STATS,TREATMENT_rhINFa2b_10000_REP1,NFCORE_RNASEQ:RNASEQ:BAM_MARKDUPLICATES_PICARD:BAM_STATS_SAMTOOLS:SAMTOOLS_STATS (TREATMENT_rhINFa2b_10000_REP1),COMPLETED,0,-,quay.io/biocontainers/samtools:1.17--h00cdaf9_0,1,14400000,-,6442450944,1,1715242559624,1715242560000,1715242636000,76376,76000,-,158.5,0.0,8245248,166514688,8245248,232898560,2085153576,285378,63860,87,4198400,290816,970,864,/input/data/work/72/ca43bce06d2521b3c6658ae1e64051,true,-
1142,4965049354,hu-worker-c34,44/6c8ad5,nf-446c8ad59b088bbea925db8077a435ed,NFCORE_RNASEQ:RNASEQ:BAM_MARKDUPLICATES_PICARD:BAM_STATS_SAMTOOLS:SAMTOOLS_STATS,TREATMENT_rhIFNa2b_100_REP1,NFCORE_RNASEQ:RNASEQ:BAM_MARKDUPLICATES_PICARD:BAM_STATS_SAMTOOLS:SAMTOOLS_STATS (TREATMENT_rhIFNa2b_100_REP1),COMPLETED,0,-,quay.io/biocontainers/samtools:1.17--h00cdaf9_0,1,14400000,-,6442450944,1,1715242569808,1715242571000,1715242636000,66192,65000,-,158.1,0.0,8437760,166514688,8437760,232898560,1815516104,284401,55629,87,0,290816,915,1103,/input/data/work/44/6c8ad59b088bbea925db8077a435ed,true,-
1138,5027962857,hu-worker-c42,d7/19afe8,nf-d719afe848a76e8a4e19d87244310c21,NFCORE_RNASEQ:RNASEQ:BAM_MARKDUPLICATES_PICARD:BAM_STATS_SAMTOOLS:SAMTOOLS_STATS,TREATMENT_mIFNa11_100000_REP1,NFCORE_RNASEQ:RNASEQ:BAM_MARKDUPLICATES_PICARD:BAM_STATS_SAMTOOLS:SAMTOOLS_STATS (TREATMENT_mIFNa11_100000_REP1),COMPLETED,0,-,quay.io/biocontainers/samtools:1.17--h00cdaf9_0,1,14400000,-,6442450944,1,1715242569900,1715242571000,1715242638000,68100,67000,-,155.5,0.0,8433664,166514688,8433664,232898560,1878378564,284364,57548,87,0,290816,670,524,/input/data/work/d7/19afe848a76e8a4e19d87244310c21,true,-
1135,5000144132,hu-worker-c25,8f/21f472,nf-8f21f4720b808c39745c6cc992ab71bf,NFCORE_RNASEQ:RNASEQ:BAM_MARKDUPLICATES_PICARD:BAM_STATS_SAMTOOLS:SAMTOOLS_STATS,TREATMENT_rhIFNa2b_1000_REP2,NFCORE_RNASEQ:RNASEQ:BAM_MARKDUPLICATES_PICARD:BAM_STATS_SAMTOOLS:SAMTOOLS_STATS (TREATMENT_rhIFNa2b_1000_REP2),COMPLETED,0,-,quay.io/biocontainers/samtools:1.17--h00cdaf9_0,1,14400000,-,6442450944,1,1715242570190,1715242571000,1715242638000,67810,67000,-,159.5,0.0,8282112,166514688,8282112,232898560,1850598578,284205,56699,87,0,290816,1000,558,/input/data/work/8f/21f4720b808c39745c6cc992ab71bf,true,-
1141,1043328893,hu-worker-c28,fc/78bd8d,nf-fc78bd8d56aee81ce6e9f00d65fbf990,NFCORE_RNASEQ:RNASEQ:BAM_MARKDUPLICATES_PICARD:BAM_STATS_SAMTOOLS:SAMTOOLS_FLAGSTAT,TREATMENT_rhIFNb_100000_REP3,NFCORE_RNASEQ:RNASEQ:BAM_MARKDUPLICATES_PICARD:BAM_STATS_SAMTOOLS:SAMTOOLS_FLAGSTAT (TREATMENT_rhIFNb_100000_REP3),COMPLETED,0,-,quay.io/biocontainers/samtools:1.17--h00cdaf9_0,1,14400000,-,6442450944,1,1715242624383,1715242625000,1715242635000,10617,10000,-,152.3,0.0,6864896,164413440,6864896,231661568,1041354408,5523,32004,19,0,12288,83883,56,/input/data/work/fc/78bd8d56aee81ce6e9f00d65fbf990,true,-
1150,1347776494,hu-worker-c34,f2/5550c3,nf-f25550c38c8c7e692b728a8b11568d74,NFCORE_RNASEQ:RNASEQ:BAM_MARKDUPLICATES_PICARD:BAM_STATS_SAMTOOLS:SAMTOOLS_FLAGSTAT,TREATMENT_rhINFa2b_10000_REP3,NFCORE_RNASEQ:RNASEQ:BAM_MARKDUPLICATES_PICARD:BAM_STATS_SAMTOOLS:SAMTOOLS_FLAGSTAT (TREATMENT_rhINFa2b_10000_REP3),COMPLETED,0,-,quay.io/biocontainers/samtools:1.17--h00cdaf9_0,1,14400000,-,6442450944,1,1715242624729,1715242628000,1715242640000,15271,12000,-,151.5,0.0,6987776,164413440,6987776,231661568,1345664937,5505,41291,19,8388608,12288,100425,50,/input/data/work/f2/5550c38c8c7e692b728a8b11568d74,true,-
1149,1806509010,hu-worker-c34,61/722f54,nf-61722f54d34ef8bd6f37f119721a6548,NFCORE_RNASEQ:RNASEQ:BAM_MARKDUPLICATES_PICARD:BAM_STATS_SAMTOOLS:SAMTOOLS_IDXSTATS,CONTROL_REP2,NFCORE_RNASEQ:RNASEQ:BAM_MARKDUPLICATES_PICARD:BAM_STATS_SAMTOOLS:SAMTOOLS_IDXSTATS (CONTROL_REP2),COMPLETED,0,-,quay.io/biocontainers/samtools:1.17--h00cdaf9_0,1,14400000,-,6442450944,1,1715242635001,1715242635000,1715242636000,999,0,-,69.6,0.0,3272704,5640192,3272704,5644288,2551966,5511,266,19,0,12288,3,3,/input/data/work/61/722f54d34ef8bd6f37f119721a6548,true,-
1155,1647669579,hu-worker-c34,bb/aa874c,nf-bbaa874cbbe3ea78d6efcdf6184019ed,NFCORE_RNASEQ:RNASEQ:BAM_MARKDUPLICATES_PICARD:BAM_STATS_SAMTOOLS:SAMTOOLS_IDXSTATS,TREATMENT_mIFNa11_100_REP3,NFCORE_RNASEQ:RNASEQ:BAM_MARKDUPLICATES_PICARD:BAM_STATS_SAMTOOLS:SAMTOOLS_IDXSTATS (TREATMENT_mIFNa11_100_REP3),COMPLETED,0,-,quay.io/biocontainers/samtools:1.17--h00cdaf9_0,1,14400000,-,6442450944,1,1715242635210,1715242639000,1715242639000,3790,0,-,48.1,0.0,3178496,5640192,3178496,5644288,2494578,5509,265,19,0,12288,3,3,/input/data/work/bb/aa874cbbe3ea78d6efcdf6184019ed,true,-
483,2301681207,hu-worker-c28,69/90acda,nf-6990acda7359d1a08e718d6851e149d1,NFCORE_RNASEQ:RNASEQ:BAM_RSEQC:RSEQC_BAMSTAT,TREATMENT_rhIFNb_10000_REP2,NFCORE_RNASEQ:RNASEQ:BAM_RSEQC:RSEQC_BAMSTAT (TREATMENT_rhIFNb_10000_REP2),COMPLETED,0,-,quay.io/biocontainers/rseqc:3.0.1--py37h516909a_1,6,28800000,-,38654705664,1,1715238301096,1715242535000,1715242642000,4340904,106000,-,106.3,0.0,37441536,1396289536,37441536,1396293632,2310210474,2583,71362,19,4096,16384,11,1127,/input/data/work/69/90acda7359d1a08e718d6851e149d1,true,-
1077,5380634175,hu-worker-c27,77/e1233d,nf-77e1233d53f3294258559fc8993ba803,NFCORE_RNASEQ:RNASEQ:BAM_MARKDUPLICATES_PICARD:BAM_STATS_SAMTOOLS:SAMTOOLS_STATS,TREATMENT_mIFNa11_1000_REP1,NFCORE_RNASEQ:RNASEQ:BAM_MARKDUPLICATES_PICARD:BAM_STATS_SAMTOOLS:SAMTOOLS_STATS (TREATMENT_mIFNa11_1000_REP1),COMPLETED,0,-,quay.io/biocontainers/samtools:1.17--h00cdaf9_0,1,14400000,-,6442450944,1,1715242559474,1715242560000,1715242645000,85526,85000,-,158.4,0.0,8155136,166514688,8155136,232898560,2230958532,286277,68312,87,4198400,290816,949,764,/input/data/work/77/e1233d53f3294258559fc8993ba803,true,-
1151,1806509010,hu-worker-c35,44/c97e2a,nf-44c97e2a6aa751ba84c7512df50f6046,NFCORE_RNASEQ:RNASEQ:BAM_MARKDUPLICATES_PICARD:BAM_STATS_SAMTOOLS:SAMTOOLS_FLAGSTAT,CONTROL_REP2,NFCORE_RNASEQ:RNASEQ:BAM_MARKDUPLICATES_PICARD:BAM_STATS_SAMTOOLS:SAMTOOLS_FLAGSTAT (CONTROL_REP2),COMPLETED,0,-,quay.io/biocontainers/samtools:1.17--h00cdaf9_0,1,14400000,-,6442450944,1,1715242634545,1715242635000,1715242652000,17455,17000,-,151.7,0.0,6819840,164413440,6819840,231661568,1804259800,5526,55293,19,4198400,12288,138519,59,/input/data/work/44/c97e2a6aa751ba84c7512df50f6046,true,-
1152,1647669579,hu-worker-c34,0e/a8e3d7,nf-0ea8e3d70e8982c852550e68304fb771,NFCORE_RNASEQ:RNASEQ:BAM_MARKDUPLICATES_PICARD:BAM_STATS_SAMTOOLS:SAMTOOLS_FLAGSTAT,TREATMENT_mIFNa11_100_REP3,NFCORE_RNASEQ:RNASEQ:BAM_MARKDUPLICATES_PICARD:BAM_STATS_SAMTOOLS:SAMTOOLS_FLAGSTAT (TREATMENT_mIFNa11_100_REP3),COMPLETED,0,-,quay.io/biocontainers/samtools:1.17--h00cdaf9_0,1,14400000,-,6442450944,1,1715242635277,1715242639000,1715242654000,18723,15000,-,154.9,0.0,7020544,164413440,7020544,231661568,1645476660,5526,50440,19,8392704,12288,97557,34,/input/data/work/0e/a8e3d70e8982c852550e68304fb771,true,-
1158,1737849896,hu-worker-c28,31/759849,nf-31759849c813455330fdfb82c52ec7cb,NFCORE_RNASEQ:RNASEQ:BAM_MARKDUPLICATES_PICARD:BAM_STATS_SAMTOOLS:SAMTOOLS_FLAGSTAT,TREATMENT_rhIFNb_100000_REP2,NFCORE_RNASEQ:RNASEQ:BAM_MARKDUPLICATES_PICARD:BAM_STATS_SAMTOOLS:SAMTOOLS_FLAGSTAT (TREATMENT_rhIFNb_100000_REP2),COMPLETED,0,-,quay.io/biocontainers/samtools:1.17--h00cdaf9_0,1,14400000,-,6442450944,1,1715242635462,1715242638000,1715242655000,19538,16000,-,147.7,0.0,6868992,164413440,6868992,231661568,1735620314,5508,53192,19,0,12288,139363,162,/input/data/work/31/759849c813455330fdfb82c52ec7cb,true,-
1156,1737849896,hu-worker-c42,6c/4a8cb3,nf-6c4a8cb3e984ba8d92ee875c93d176ed,NFCORE_RNASEQ:RNASEQ:BAM_MARKDUPLICATES_PICARD:BAM_STATS_SAMTOOLS:SAMTOOLS_IDXSTATS,TREATMENT_rhIFNb_100000_REP2,NFCORE_RNASEQ:RNASEQ:BAM_MARKDUPLICATES_PICARD:BAM_STATS_SAMTOOLS:SAMTOOLS_IDXSTATS (TREATMENT_rhIFNb_100000_REP2),COMPLETED,0,-,quay.io/biocontainers/samtools:1.17--h00cdaf9_0,1,14400000,-,6442450944,1,1715242645430,1715242646000,1715242646000,570,0,-,70.6,0.0,3182592,5640192,3182592,5644288,2531591,5529,265,19,0,12288,3,3,/input/data/work/6c/4a8cb3e984ba8d92ee875c93d176ed,true,-
1163,1278746289,hu-worker-c25,bb/be143a,nf-bbbe143a01827cedad82952c6eb550f5,NFCORE_RNASEQ:RNASEQ:BAM_MARKDUPLICATES_PICARD:BAM_STATS_SAMTOOLS:SAMTOOLS_IDXSTATS,TREATMENT_mIFNa11_100000_REP2,NFCORE_RNASEQ:RNASEQ:BAM_MARKDUPLICATES_PICARD:BAM_STATS_SAMTOOLS:SAMTOOLS_IDXSTATS (TREATMENT_mIFNa11_100000_REP2),COMPLETED,0,-,quay.io/biocontainers/samtools:1.17--h00cdaf9_0,1,14400000,-,6442450944,1,1715242645505,1715242646000,1715242646000,495,0,-,48.7,0.0,3170304,5640192,3170304,5644288,2363774,5527,263,19,4198400,12288,3,3,/input/data/work/bb/be143a01827cedad82952c6eb550f5,true,-
1162,1586742036,hu-worker-c42,39/f6f85f,nf-39f6f85f62218995aae5ee86b38135f3,NFCORE_RNASEQ:RNASEQ:BAM_MARKDUPLICATES_PICARD:BAM_STATS_SAMTOOLS:SAMTOOLS_IDXSTATS,TREATMENT_mIFNa11_100000_REP3,NFCORE_RNASEQ:RNASEQ:BAM_MARKDUPLICATES_PICARD:BAM_STATS_SAMTOOLS:SAMTOOLS_IDXSTATS (TREATMENT_mIFNa11_100000_REP3),COMPLETED,0,-,quay.io/biocontainers/samtools:1.17--h00cdaf9_0,1,14400000,-,6442450944,1,1715242645966,1715242649000,1715242649000,3034,0,-,85.3,0.0,3207168,5640192,3207168,5644288,2505313,5509,265,19,4198400,12288,3,3,/input/data/work/39/f6f85f62218995aae5ee86b38135f3,true,-
1165,31283004,hu-worker-c35,af/616237,nf-af6162376fac7d09396ee61ad163e0f4,NFCORE_RNASEQ:RNASEQ:MULTIQC_CUSTOM_BIOTYPE,TREATMENT_mIFNa11_100000_REP2,NFCORE_RNASEQ:RNASEQ:MULTIQC_CUSTOM_BIOTYPE (TREATMENT_mIFNa11_100000_REP2),COMPLETED,0,-,quay.io/biocontainers/python:3.9--1,1,14400000,-,6442450944,1,1715242646356,1715242655000,1715242655000,8644,0,-,94.9,0.0,5619712,10874880,5619712,10878976,32138582,2907,4149,24,0,16384,7,8,/input/data/work/af/6162376fac7d09396ee61ad163e0f4,true,-
1117,5098627526,hu-worker-c27,85/5e3b41,nf-855e3b413800d6abc6c6122f54fe9e14,NFCORE_RNASEQ:RNASEQ:BAM_MARKDUPLICATES_PICARD:BAM_STATS_SAMTOOLS:SAMTOOLS_STATS,TREATMENT_rhIFNa2b_1000_REP1,NFCORE_RNASEQ:RNASEQ:BAM_MARKDUPLICATES_PICARD:BAM_STATS_SAMTOOLS:SAMTOOLS_STATS (TREATMENT_rhIFNa2b_1000_REP1),COMPLETED,0,-,quay.io/biocontainers/samtools:1.17--h00cdaf9_0,1,14400000,-,6442450944,1,1715242580985,1715242582000,1715242657000,76015,75000,-,159.6,0.0,8216576,166514688,8216576,233082880,1949032582,285267,59704,87,0,290816,859,985,/input/data/work/85/5e3b413800d6abc6c6122f54fe9e14,true,-
1107,5131357466,hu-worker-c25,df/11e0f9,nf-df11e0f93f4766211e06b9148c1b0fd3,NFCORE_RNASEQ:RNASEQ:BAM_MARKDUPLICATES_PICARD:BAM_STATS_SAMTOOLS:SAMTOOLS_STATS,TREATMENT_rhIFNb_1000_REP1,NFCORE_RNASEQ:RNASEQ:BAM_MARKDUPLICATES_PICARD:BAM_STATS_SAMTOOLS:SAMTOOLS_STATS (TREATMENT_rhIFNb_1000_REP1),COMPLETED,0,-,quay.io/biocontainers/samtools:1.17--h00cdaf9_0,1,14400000,-,6442450944,1,1715242581243,1715242582000,1715242658000,76757,76000,-,159.4,0.0,8310784,166514688,8310784,232898560,1981749716,285190,60704,87,4198400,290816,1035,1233,/input/data/work/df/11e0f93f4766211e06b9148c1b0fd3,true,-
1146,4190617875,hu-worker-c35,43/55979c,nf-4355979c993001829399ca3ab34ab695,NFCORE_RNASEQ:RNASEQ:BAM_MARKDUPLICATES_PICARD:BAM_STATS_SAMTOOLS:SAMTOOLS_STATS,TREATMENT_rhIFNb_100000_REP3,NFCORE_RNASEQ:RNASEQ:BAM_MARKDUPLICATES_PICARD:BAM_STATS_SAMTOOLS:SAMTOOLS_STATS (TREATMENT_rhIFNb_100000_REP3),COMPLETED,0,-,quay.io/biocontainers/samtools:1.17--h00cdaf9_0,1,14400000,-,6442450944,1,1715242624229,1715242625000,1715242664000,39771,39000,-,156.6,0.0,8298496,166514688,8298496,232898560,1041368160,277112,32006,85,0,282624,364,180,/input/data/work/43/55979c993001829399ca3ab34ab695,true,-
1159,1586742036,hu-worker-c34,a1/e21743,nf-a1e217432f1648e5c4701f83d92c6843,NFCORE_RNASEQ:RNASEQ:BAM_MARKDUPLICATES_PICARD:BAM_STATS_SAMTOOLS:SAMTOOLS_FLAGSTAT,TREATMENT_mIFNa11_100000_REP3,NFCORE_RNASEQ:RNASEQ:BAM_MARKDUPLICATES_PICARD:BAM_STATS_SAMTOOLS:SAMTOOLS_FLAGSTAT (TREATMENT_mIFNa11_100000_REP3),COMPLETED,0,-,quay.io/biocontainers/samtools:1.17--h00cdaf9_0,1,14400000,-,6442450944,1,1715242645363,1715242646000,1715242660000,14637,14000,-,151.6,0.0,7028736,164413440,7028736,231661568,1584539057,5508,48580,19,4198400,12288,95470,55,/input/data/work/a1/e217432f1648e5c4701f83d92c6843,true,-
1160,1278746289,hu-worker-c34,6b/d4e932,nf-6bd4e932e8527b97e75c331f38186e5f,NFCORE_RNASEQ:RNASEQ:BAM_MARKDUPLICATES_PICARD:BAM_STATS_SAMTOOLS:SAMTOOLS_FLAGSTAT,TREATMENT_mIFNa11_100000_REP2,NFCORE_RNASEQ:RNASEQ:BAM_MARKDUPLICATES_PICARD:BAM_STATS_SAMTOOLS:SAMTOOLS_FLAGSTAT (TREATMENT_mIFNa11_100000_REP2),COMPLETED,0,-,quay.io/biocontainers/samtools:1.17--h00cdaf9_0,1,14400000,-,6442450944,1,1715242645577,1715242646000,1715242659000,13423,13000,-,151.5,0.0,7012352,164413440,7012352,231661568,1276684807,5505,39185,19,4194304,12288,91743,44,/input/data/work/6b/d4e932e8527b97e75c331f38186e5f,true,-
575,2279555697,hu-worker-c42,0a/c0beab,nf-0ac0beab3524ccc6121f2eb75b221742,NFCORE_RNASEQ:RNASEQ:BAM_RSEQC:RSEQC_INNERDISTANCE,TREATMENT_rhIFNb_100_REP3,NFCORE_RNASEQ:RNASEQ:BAM_RSEQC:RSEQC_INNERDISTANCE (TREATMENT_rhIFNb_100_REP3),COMPLETED,0,-,quay.io/biocontainers/rseqc:3.0.1--py37h516909a_1,6,28800000,-,38654705664,1,1715238399259,1715242600000,1715242662000,4262741,61000,-,114.7,0.3,926179328,2325307392,929984512,2329292800,235788089,52261500,12965,6410,0,52375552,35,361,/input/data/work/0a/c0beab3524ccc6121f2eb75b221742,true,-
1083,5403750506,hu-worker-c24,f1/8bb672,nf-f18bb672e8072dcd88c4f54a034ce93b,NFCORE_RNASEQ:RNASEQ:BAM_MARKDUPLICATES_PICARD:BAM_STATS_SAMTOOLS:SAMTOOLS_STATS,TREATMENT_rhIFNb_100_REP3,NFCORE_RNASEQ:RNASEQ:BAM_MARKDUPLICATES_PICARD:BAM_STATS_SAMTOOLS:SAMTOOLS_STATS (TREATMENT_rhIFNb_100_REP3),COMPLETED,0,-,quay.io/biocontainers/samtools:1.17--h00cdaf9_0,1,14400000,-,6442450944,1,1715242591452,1715242592000,1715242676000,84548,84000,-,160.4,0.0,8208384,166514688,8208384,233082880,2254005841,288223,69012,88,4198400,294912,1177,710,/input/data/work/f1/8bb672e8072dcd88c4f54a034ce93b,true,-
1076,5374018507,hu-worker-c42,84/c84156,nf-84c84156e4d96f26a74ea1cfd9635911,NFCORE_RNASEQ:RNASEQ:BAM_MARKDUPLICATES_PICARD:BAM_STATS_SAMTOOLS:SAMTOOLS_STATS,TREATMENT_rhINFa2b_100000_REP3,NFCORE_RNASEQ:RNASEQ:BAM_MARKDUPLICATES_PICARD:BAM_STATS_SAMTOOLS:SAMTOOLS_STATS (TREATMENT_rhINFa2b_100000_REP3),COMPLETED,0,-,quay.io/biocontainers/samtools:1.17--h00cdaf9_0,1,14400000,-,6442450944,1,1715242591932,1715242592000,1715242670000,78068,77000,-,158.1,0.0,8359936,166514688,8359936,232898560,2224324032,286005,68111,87,0,290816,960,347,/input/data/work/84/c84156e4d96f26a74ea1cfd9635911,true,-
1126,5056146158,hu-worker-c41,ef/73eff8,nf-ef73eff8b6a014242bd9cfdfedb2244a,NFCORE_RNASEQ:RNASEQ:BAM_MARKDUPLICATES_PICARD:BAM_STATS_SAMTOOLS:SAMTOOLS_STATS,TREATMENT_rhIFNb_100_REP2,NFCORE_RNASEQ:RNASEQ:BAM_MARKDUPLICATES_PICARD:BAM_STATS_SAMTOOLS:SAMTOOLS_STATS (TREATMENT_rhIFNb_100_REP2),COMPLETED,0,-,quay.io/biocontainers/samtools:1.17--h00cdaf9_0,1,14400000,-,6442450944,1,1715242602080,1715242602000,1715242671000,68920,69000,-,161.6,0.0,8400896,166514688,8400896,232898560,1906543139,284969,58411,87,0,290816,1017,604,/input/data/work/ef/73eff8b6a014242bd9cfdfedb2244a,true,-
1111,5091143798,hu-worker-c27,04/e23c63,nf-04e23c63c7d13b6c7af71eba632af0ea,NFCORE_RNASEQ:RNASEQ:BAM_MARKDUPLICATES_PICARD:BAM_STATS_SAMTOOLS:SAMTOOLS_STATS,TREATMENT_mIFNa11_10000_REP2,NFCORE_RNASEQ:RNASEQ:BAM_MARKDUPLICATES_PICARD:BAM_STATS_SAMTOOLS:SAMTOOLS_STATS (TREATMENT_mIFNa11_10000_REP2),COMPLETED,0,-,quay.io/biocontainers/samtools:1.17--h00cdaf9_0,1,14400000,-,6442450944,1,1715242602293,1715242603000,1715242673000,70707,70000,-,160.7,0.0,8105984,166514688,8105984,232898560,1941529366,284790,59476,87,4198400,290816,893,382,/input/data/work/04/e23c63c7d13b6c7af71eba632af0ea,true,-
1143,4956138017,hu-worker-c41,98/dc006e,nf-98dc006e3f3725aaa963605317693763,NFCORE_RNASEQ:RNASEQ:BAM_MARKDUPLICATES_PICARD:BAM_STATS_SAMTOOLS:SAMTOOLS_STATS,TREATMENT_rhIFNa2b_100_REP3,NFCORE_RNASEQ:RNASEQ:BAM_MARKDUPLICATES_PICARD:BAM_STATS_SAMTOOLS:SAMTOOLS_STATS (TREATMENT_rhIFNa2b_100_REP3),COMPLETED,0,-,quay.io/biocontainers/samtools:1.17--h00cdaf9_0,1,14400000,-,6442450944,1,1715242602380,1715242603000,1715242670000,67620,67000,-,160.2,0.0,8257536,166514688,8257536,233082880,1806592907,284633,55357,87,0,290816,1074,457,/input/data/work/98/dc006e3f3725aaa963605317693763,true,-
1166,295862096,hu-worker-c42,dd/5da308,nf-dd5da3084628235452673a8f84fb8258,NFCORE_RNASEQ:RNASEQ:BEDGRAPH_BEDCLIP_BEDGRAPHTOBIGWIG_FORWARD:UCSC_BEDGRAPHTOBIGWIG,TREATMENT_rhINFa2b_100000_REP1,NFCORE_RNASEQ:RNASEQ:BEDGRAPH_BEDCLIP_BEDGRAPHTOBIGWIG_FORWARD:UCSC_BEDGRAPHTOBIGWIG (TREATMENT_rhINFa2b_100000_REP1),COMPLETED,0,-,quay.io/biocontainers/ucsc-bedgraphtobigwig:377--h446ed27_1,1,14400000,-,6442450944,1,1715242646642,1715242652000,1715242675000,28358,20000,-,99.6,0.0,8724480,36376576,8794112,36380672,887630322,70468545,13685,14823,0,70483968,11,187,/input/data/work/dd/5da3084628235452673a8f84fb8258,true,-
1172,308193403,hu-worker-c34,7c/7b1d09,nf-7c7b1d09a8eb25ca8f110dd4f1c73aa8,NFCORE_RNASEQ:RNASEQ:BEDGRAPH_BEDCLIP_BEDGRAPHTOBIGWIG_FORWARD:UCSC_BEDGRAPHTOBIGWIG,TREATMENT_rhINFa2b_10000_REP2,NFCORE_RNASEQ:RNASEQ:BEDGRAPH_BEDCLIP_BEDGRAPHTOBIGWIG_FORWARD:UCSC_BEDGRAPHTOBIGWIG (TREATMENT_rhINFa2b_10000_REP2),COMPLETED,0,-,quay.io/biocontainers/ucsc-bedgraphtobigwig:377--h446ed27_1,1,14400000,-,6442450944,1,1715242657268,1715242658000,1715242677000,19732,18000,-,99.8,0.0,27222016,54910976,27295744,54915072,924624152,72925957,14249,15370,8392704,72941568,17,175,/input/data/work/7c/7b1d09a8eb25ca8f110dd4f1c73aa8,true,-
1173,281421821,hu-worker-c35,6a/31c0d7,nf-6a31c0d7f638f76f71191dabf3d3ab32,NFCORE_RNASEQ:RNASEQ:BEDGRAPH_BEDCLIP_BEDGRAPHTOBIGWIG_FORWARD:UCSC_BEDGRAPHTOBIGWIG,TREATMENT_rhIFNb_10000_REP3,NFCORE_RNASEQ:RNASEQ:BEDGRAPH_BEDCLIP_BEDGRAPHTOBIGWIG_FORWARD:UCSC_BEDGRAPHTOBIGWIG (TREATMENT_rhIFNb_10000_REP3),COMPLETED,0,-,quay.io/biocontainers/ucsc-bedgraphtobigwig:377--h446ed27_1,1,14400000,-,6442450944,1,1715242657442,1715242658000,1715242676000,18558,16000,-,99.6,0.0,34807808,62447616,34877440,62586880,844309426,65864984,13022,13899,6156288,65880064,70,99,/input/data/work/6a/31c0d7f638f76f71191dabf3d3ab32,true,-
1174,241865259,hu-worker-c42,83/eea57e,nf-83eea57ea1f8dd798a3edd92672538de,NFCORE_RNASEQ:RNASEQ:BEDGRAPH_BEDCLIP_BEDGRAPHTOBIGWIG_FORWARD:UCSC_BEDCLIP,CONTROL_REP1,NFCORE_RNASEQ:RNASEQ:BEDGRAPH_BEDCLIP_BEDGRAPHTOBIGWIG_FORWARD:UCSC_BEDCLIP (CONTROL_REP1),COMPLETED,0,-,quay.io/biocontainers/ucsc-bedclip:377--h0b8a92a_2,6,28800000,-,38654705664,1,1715242657603,1715242664000,1715242667000,9397,3000,-,99.4,0.0,8138752,19369984,8138752,19439616,241929006,241865352,3851,59065,0,241876992,8,57,/input/data/work/83/eea57ea1f8dd798a3edd92672538de,true,-
1176,193146510,hu-worker-c25,73/a4732c,nf-73a4732ca09f044fd6c698634c9c29ab,NFCORE_RNASEQ:RNASEQ:BEDGRAPH_BEDCLIP_BEDGRAPHTOBIGWIG_FORWARD:UCSC_BEDCLIP,TREATMENT_rhINFa2b_10000_REP3,NFCORE_RNASEQ:RNASEQ:BEDGRAPH_BEDCLIP_BEDGRAPHTOBIGWIG_FORWARD:UCSC_BEDCLIP (TREATMENT_rhINFa2b_10000_REP3),COMPLETED,0,-,quay.io/biocontainers/ucsc-bedclip:377--h0b8a92a_2,6,28800000,-,38654705664,1,1715242668114,1715242672000,1715242675000,6886,3000,-,99.5,0.0,8093696,19369984,8093696,19439616,193210865,193146606,3107,47170,0,193155072,20,52,/input/data/work/73/a4732ca09f044fd6c698634c9c29ab,true,-
1179,241865259,hu-worker-c42,ae/b167bd,nf-aeb167bd19264a5099e141350ddd58ac,NFCORE_RNASEQ:RNASEQ:BEDGRAPH_BEDCLIP_BEDGRAPHTOBIGWIG_FORWARD:UCSC_BEDCLIP,CONTROL_REP2,NFCORE_RNASEQ:RNASEQ:BEDGRAPH_BEDCLIP_BEDGRAPHTOBIGWIG_FORWARD:UCSC_BEDCLIP (CONTROL_REP2),COMPLETED,0,-,quay.io/biocontainers/ucsc-bedclip:377--h0b8a92a_2,6,28800000,-,38654705664,1,1715242668363,1715242670000,1715242674000,5637,4000,-,99.0,0.0,8081408,19369984,8081408,19439616,241929031,241865370,3851,59065,4194304,241876992,16,87,/input/data/work/ae/b167bd19264a5099e141350ddd58ac,true,-
551,2288599396,hu-worker-c25,a7/a72c41,nf-a7a72c4130dba7c07f5486c0fe2a5386,NFCORE_RNASEQ:RNASEQ:BAM_RSEQC:RSEQC_BAMSTAT,TREATMENT_mIFNa11_1000_REP3,NFCORE_RNASEQ:RNASEQ:BAM_RSEQC:RSEQC_BAMSTAT (TREATMENT_mIFNa11_1000_REP3),COMPLETED,0,-,quay.io/biocontainers/rseqc:3.0.1--py37h516909a_1,6,28800000,-,38654705664,1,1715238377824,1715242556000,1715242669000,4291176,112000,-,106.3,0.0,38293504,1396289536,38293504,1396293632,2297128664,2586,70960,19,4194304,16384,13,1517,/input/data/work/a7/a72c4130dba7c07f5486c0fe2a5386,true,-
568,2270861066,hu-worker-c42,49/7706a0,nf-497706a0e6b545a763c4c95047cd2e36,NFCORE_RNASEQ:RNASEQ:BAM_RSEQC:RSEQC_INFEREXPERIMENT,TREATMENT_rhIFNb_1000_REP2,NFCORE_RNASEQ:RNASEQ:BAM_RSEQC:RSEQC_INFEREXPERIMENT (TREATMENT_rhIFNb_1000_REP2),COMPLETED,0,-,quay.io/biocontainers/rseqc:3.0.1--py37h516909a_1,6,28800000,-,38654705664,1,1715238393611,1715242676000,1715242679000,4285389,2000,-,476.4,0.0,63979520,1420783616,63979520,1424986112,53034697,2028,4832,19,0,16384,13,39,/input/data/work/49/7706a0e6b545a763c4c95047cd2e36,true,-
1144,4953814175,hu-worker-c35,32/e0a0b2,nf-32e0a0b2759e3c5fded46b9163a73d35,NFCORE_RNASEQ:RNASEQ:BAM_MARKDUPLICATES_PICARD:BAM_STATS_SAMTOOLS:SAMTOOLS_STATS,CONTROL_REP3,NFCORE_RNASEQ:RNASEQ:BAM_MARKDUPLICATES_PICARD:BAM_STATS_SAMTOOLS:SAMTOOLS_STATS (CONTROL_REP3),COMPLETED,0,-,quay.io/biocontainers/samtools:1.17--h00cdaf9_0,1,14400000,-,6442450944,1,1715242614454,1715242615000,1715242681000,66546,65000,-,155.9,0.0,8265728,166514688,8265728,232898560,1804289133,284386,55293,87,8392704,290816,839,276,/input/data/work/32/e0a0b2759e3c5fded46b9163a73d35,true,-
1148,4495065476,hu-worker-c25,42/db3c64,nf-42db3c64099a468641003d900cd9a090,NFCORE_RNASEQ:RNASEQ:BAM_MARKDUPLICATES_PICARD:BAM_STATS_SAMTOOLS:SAMTOOLS_STATS,TREATMENT_rhINFa2b_10000_REP3,NFCORE_RNASEQ:RNASEQ:BAM_MARKDUPLICATES_PICARD:BAM_STATS_SAMTOOLS:SAMTOOLS_STATS (TREATMENT_rhINFa2b_10000_REP3),COMPLETED,0,-,quay.io/biocontainers/samtools:1.17--h00cdaf9_0,1,14400000,-,6442450944,1,1715242634660,1715242635000,1715242684000,49340,49000,-,159.8,0.0,8237056,166514688,8237056,233082880,1345679433,279379,41292,85,8396800,282624,623,643,/input/data/work/42/db3c64099a468641003d900cd9a090,true,-
1178,289520614,hu-worker-c34,1c/09367c,nf-1c09367cd3b3cc1233f0de296b401954,NFCORE_RNASEQ:RNASEQ:BEDGRAPH_BEDCLIP_BEDGRAPHTOBIGWIG_FORWARD:UCSC_BEDGRAPHTOBIGWIG,TREATMENT_mIFNa11_1000_REP2,NFCORE_RNASEQ:RNASEQ:BEDGRAPH_BEDCLIP_BEDGRAPHTOBIGWIG_FORWARD:UCSC_BEDGRAPHTOBIGWIG (TREATMENT_mIFNa11_1000_REP2),COMPLETED,0,-,quay.io/biocontainers/ucsc-bedgraphtobigwig:377--h446ed27_1,1,14400000,-,6442450944,1,1715242668273,1715242669000,1715242687000,18727,17000,-,99.6,0.0,33693696,61337600,33800192,61595648,868605780,68581615,13394,14421,0,68595712,15,189,/input/data/work/1c/09367cd3b3cc1233f0de296b401954,true,-
1182,227019650,hu-worker-c42,5c/f6c8e7,nf-5cf6c8e7593e9845d44450a6e0f3e4c0,NFCORE_RNASEQ:RNASEQ:BEDGRAPH_BEDCLIP_BEDGRAPHTOBIGWIG_FORWARD:UCSC_BEDCLIP,TREATMENT_mIFNa11_100_REP3,NFCORE_RNASEQ:RNASEQ:BEDGRAPH_BEDCLIP_BEDGRAPHTOBIGWIG_FORWARD:UCSC_BEDCLIP (TREATMENT_mIFNa11_100_REP3),COMPLETED,0,-,quay.io/biocontainers/ucsc-bedclip:377--h0b8a92a_2,6,28800000,-,38654705664,1,1715242678360,1715242681000,1715242685000,6640,4000,-,100.2,0.0,8208384,19369984,8208384,19439616,227083426,227019744,3624,55440,8392704,227028992,31,218,/input/data/work/5c/f6c8e7593e9845d44450a6e0f3e4c0,true,-
1185,222653719,hu-worker-c42,78/a739d6,nf-78a739d6be6948ea7952d91085faa946,NFCORE_RNASEQ:RNASEQ:BEDGRAPH_BEDCLIP_BEDGRAPHTOBIGWIG_FORWARD:UCSC_BEDCLIP,TREATMENT_rhIFNb_100000_REP2,NFCORE_RNASEQ:RNASEQ:BEDGRAPH_BEDCLIP_BEDGRAPHTOBIGWIG_FORWARD:UCSC_BEDCLIP (TREATMENT_rhIFNb_100000_REP2),COMPLETED,0,-,quay.io/biocontainers/ucsc-bedclip:377--h0b8a92a_2,6,28800000,-,38654705664,1,1715242679847,1715242687000,1715242691000,11153,3000,-,99.6,0.0,8024064,19369984,8024064,19439616,222717499,222653812,3558,54374,0,222662656,19,214,/input/data/work/78/a739d6be6948ea7952d91085faa946,true,-
462,2314250606,hu-worker-c25,62/c9dd31,nf-62c9dd31fea3c3ac07c7a1a2f4c23518,NFCORE_RNASEQ:RNASEQ:BAM_RSEQC:RSEQC_READDISTRIBUTION,TREATMENT_rhIFNb_100_REP1,NFCORE_RNASEQ:RNASEQ:BAM_RSEQC:RSEQC_READDISTRIBUTION (TREATMENT_rhIFNb_100_REP1),COMPLETED,0,-,quay.io/biocontainers/rseqc:3.0.1--py37h516909a_1,6,28800000,-,38654705664,1,1715238285578,1715242491000,1715242691000,4405422,199000,-,103.1,0.4,1028038656,2391781376,1145827328,2509225984,2554031388,2968,102347,19,0,16384,86,107775,/input/data/work/62/c9dd31fea3c3ac07c7a1a2f4c23518,true,-
1090,5263565032,hu-worker-c24,39/266f7e,nf-39266f7ee35a1a0406b4b81f8c6477a8,NFCORE_RNASEQ:RNASEQ:BAM_MARKDUPLICATES_PICARD:BAM_STATS_SAMTOOLS:SAMTOOLS_STATS,TREATMENT_rhIFNa2b_1000_REP3,NFCORE_RNASEQ:RNASEQ:BAM_MARKDUPLICATES_PICARD:BAM_STATS_SAMTOOLS:SAMTOOLS_STATS (TREATMENT_rhIFNa2b_1000_REP3),COMPLETED,0,-,quay.io/biocontainers/samtools:1.17--h00cdaf9_0,1,14400000,-,6442450944,1,1715242624006,1715242625000,1715242702000,77994,77000,-,161.9,0.0,8310784,166514688,8310784,233082880,2113902716,285728,64737,87,4198400,290816,1136,598,/input/data/work/39/266f7ee35a1a0406b4b81f8c6477a8,true,-
1153,4953797992,hu-worker-c42,ef/6d2dc7,nf-ef6d2dc71d118dfb8652cf706b4f6a94,NFCORE_RNASEQ:RNASEQ:BAM_MARKDUPLICATES_PICARD:BAM_STATS_SAMTOOLS:SAMTOOLS_STATS,CONTROL_REP2,NFCORE_RNASEQ:RNASEQ:BAM_MARKDUPLICATES_PICARD:BAM_STATS_SAMTOOLS:SAMTOOLS_STATS (CONTROL_REP2),COMPLETED,0,-,quay.io/biocontainers/samtools:1.17--h00cdaf9_0,1,14400000,-,6442450944,1,1715242634930,1715242635000,1715242699000,64070,64000,-,155.5,0.0,8392704,166514688,8392704,232898560,1804273047,284403,55292,87,0,290816,731,240,/input/data/work/ef/6d2dc71d118dfb8652cf706b4f6a94,true,-
1154,4794958561,hu-worker-c24,fd/545a47,nf-fd545a4713a893ff25329647c5e656fd,NFCORE_RNASEQ:RNASEQ:BAM_MARKDUPLICATES_PICARD:BAM_STATS_SAMTOOLS:SAMTOOLS_STATS,TREATMENT_mIFNa11_100_REP3,NFCORE_RNASEQ:RNASEQ:BAM_MARKDUPLICATES_PICARD:BAM_STATS_SAMTOOLS:SAMTOOLS_STATS (TREATMENT_mIFNa11_100_REP3),COMPLETED,0,-,quay.io/biocontainers/samtools:1.17--h00cdaf9_0,1,14400000,-,6442450944,1,1715242635106,1715242636000,1715242696000,60894,60000,-,160.7,0.0,8302592,166514688,8302592,233082880,1645491296,282738,50442,86,8392704,286720,771,525,/input/data/work/fd/545a4713a893ff25329647c5e656fd,true,-
1157,4885138878,hu-worker-c28,a1/a9f54a,nf-a1a9f54a04e5b673374396e0d631c0ef,NFCORE_RNASEQ:RNASEQ:BAM_MARKDUPLICATES_PICARD:BAM_STATS_SAMTOOLS:SAMTOOLS_STATS,TREATMENT_rhIFNb_100000_REP2,NFCORE_RNASEQ:RNASEQ:BAM_MARKDUPLICATES_PICARD:BAM_STATS_SAMTOOLS:SAMTOOLS_STATS (TREATMENT_rhIFNb_100000_REP2),COMPLETED,0,-,quay.io/biocontainers/samtools:1.17--h00cdaf9_0,1,14400000,-,6442450944,1,1715242635616,1715242637000,1715242701000,65384,63000,-,161.5,0.0,8392704,166514688,8392704,232898560,1735635047,283266,53193,86,0,286720,737,562,/input/data/work/a1/a9f54a04e5b673374396e0d631c0ef,true,-
1164,4426035271,hu-worker-c25,c8/b5ab63,nf-c8b5ab631216ed885861d2a1ad2f2dd1,NFCORE_RNASEQ:RNASEQ:BAM_MARKDUPLICATES_PICARD:BAM_STATS_SAMTOOLS:SAMTOOLS_STATS,TREATMENT_mIFNa11_100000_REP2,NFCORE_RNASEQ:RNASEQ:BAM_MARKDUPLICATES_PICARD:BAM_STATS_SAMTOOLS:SAMTOOLS_STATS (TREATMENT_mIFNa11_100000_REP2),COMPLETED,0,-,quay.io/biocontainers/samtools:1.17--h00cdaf9_0,1,14400000,-,6442450944,1,1715242645866,1715242649000,1715242694000,48134,45000,-,159.6,0.0,8163328,166514688,8163328,232898560,1276699820,279739,39186,86,0,286720,558,393,/input/data/work/c8/b5ab631216ed885861d2a1ad2f2dd1,true,-
1183,282099125,hu-worker-c42,0e/891692,nf-0e891692531c4dacc79839096ca224db,NFCORE_RNASEQ:RNASEQ:BEDGRAPH_BEDCLIP_BEDGRAPHTOBIGWIG_FORWARD:UCSC_BEDGRAPHTOBIGWIG,TREATMENT_rhIFNb_100_REP1,NFCORE_RNASEQ:RNASEQ:BEDGRAPH_BEDCLIP_BEDGRAPHTOBIGWIG_FORWARD:UCSC_BEDGRAPHTOBIGWIG (TREATMENT_rhIFNb_100_REP1),COMPLETED,0,-,quay.io/biocontainers/ucsc-bedgraphtobigwig:377--h446ed27_1,1,14400000,-,6442450944,1,1715242679562,1715242680000,1715242701000,21438,20000,-,93.1,0.0,27770880,55296000,27840512,55300096,846341399,68271106,13055,14278,8192,68284416,506,884,/input/data/work/0e/891692531c4dacc79839096ca224db,true,-
1184,278971734,hu-worker-c34,ed/f767f5,nf-edf767f58307105b57703fbc3f9ee402,NFCORE_RNASEQ:RNASEQ:BEDGRAPH_BEDCLIP_BEDGRAPHTOBIGWIG_FORWARD:UCSC_BEDGRAPHTOBIGWIG,TREATMENT_rhIFNb_100_REP3,NFCORE_RNASEQ:RNASEQ:BEDGRAPH_BEDCLIP_BEDGRAPHTOBIGWIG_FORWARD:UCSC_BEDGRAPHTOBIGWIG (TREATMENT_rhIFNb_100_REP3),COMPLETED,0,-,quay.io/biocontainers/ucsc-bedgraphtobigwig:377--h446ed27_1,1,14400000,-,6442450944,1,1715242679611,1715242680000,1715242698000,18389,17000,-,99.7,0.0,35540992,63238144,35610624,63242240,836959160,67740446,12911,14142,8392704,67756032,14,148,/input/data/work/ed/f767f58307105b57703fbc3f9ee402,true,-
1187,183485733,hu-worker-c25,67/3ed860,nf-673ed860d8f681008269dd8a68a329c4,NFCORE_RNASEQ:RNASEQ:BEDGRAPH_BEDCLIP_BEDGRAPHTOBIGWIG_FORWARD:UCSC_BEDCLIP,TREATMENT_mIFNa11_100000_REP2,NFCORE_RNASEQ:RNASEQ:BEDGRAPH_BEDCLIP_BEDGRAPHTOBIGWIG_FORWARD:UCSC_BEDCLIP (TREATMENT_mIFNa11_100000_REP2),COMPLETED,0,-,quay.io/biocontainers/ucsc-bedclip:377--h0b8a92a_2,6,28800000,-,38654705664,1,1715242680100,1715242694000,1715242697000,16900,3000,-,99.3,0.0,7962624,19369984,7962624,19439616,183550087,183485829,2960,44812,0,183496704,23,55,/input/data/work/67/3ed860d8f681008269dd8a68a329c4,true,-
1189,276808277,hu-worker-c35,09/cf5989,nf-09cf59898ca61cf8b087706b0d721b01,NFCORE_RNASEQ:RNASEQ:BEDGRAPH_BEDCLIP_BEDGRAPHTOBIGWIG_FORWARD:UCSC_BEDGRAPHTOBIGWIG,TREATMENT_mIFNa11_1000_REP3,NFCORE_RNASEQ:RNASEQ:BEDGRAPH_BEDCLIP_BEDGRAPHTOBIGWIG_FORWARD:UCSC_BEDGRAPHTOBIGWIG (TREATMENT_mIFNa11_1000_REP3),COMPLETED,0,-,quay.io/biocontainers/ucsc-bedgraphtobigwig:377--h446ed27_1,1,14400000,-,6442450944,1,1715242680255,1715242681000,1715242698000,17745,16000,-,99.7,0.0,24608768,52600832,37793792,65515520,830468777,66043575,12812,13848,8392704,66056192,10,147,/input/data/work/09/cf59898ca61cf8b087706b0d721b01,true,-
1190,268446632,hu-worker-c27,de/315260,nf-de315260de576c5e5579c40b6e8d162a,NFCORE_RNASEQ:RNASEQ:BEDGRAPH_BEDCLIP_BEDGRAPHTOBIGWIG_FORWARD:UCSC_BEDGRAPHTOBIGWIG,TREATMENT_rhIFNb_10000_REP2,NFCORE_RNASEQ:RNASEQ:BEDGRAPH_BEDCLIP_BEDGRAPHTOBIGWIG_FORWARD:UCSC_BEDGRAPHTOBIGWIG (TREATMENT_rhIFNb_10000_REP2),COMPLETED,0,-,quay.io/biocontainers/ucsc-bedgraphtobigwig:377--h446ed27_1,1,14400000,-,6442450944,1,1715242680492,1715242681000,1715242699000,18508,17000,-,99.8,0.0,33288192,60829696,33357824,60968960,805384484,63079465,12428,13270,10301440,63094784,63,148,/input/data/work/de/315260de576c5e5579c40b6e8d162a,true,-
1191,271629186,hu-worker-c41,42/e1aaf0,nf-42e1aaf01910abaad233b8af8bd44d25,NFCORE_RNASEQ:RNASEQ:BEDGRAPH_BEDCLIP_BEDGRAPHTOBIGWIG_FORWARD:UCSC_BEDGRAPHTOBIGWIG,TREATMENT_rhINFa2b_100000_REP3,NFCORE_RNASEQ:RNASEQ:BEDGRAPH_BEDCLIP_BEDGRAPHTOBIGWIG_FORWARD:UCSC_BEDGRAPHTOBIGWIG (TREATMENT_rhINFa2b_100000_REP3),COMPLETED,0,-,quay.io/biocontainers/ucsc-bedgraphtobigwig:377--h446ed27_1,1,14400000,-,6442450944,1,1715242680606,1715242681000,1715242698000,17394,16000,-,99.8,0.0,25800704,53592064,39698432,67350528,814931644,65933178,12575,13783,5722112,65945600,47,341,/input/data/work/42/e1aaf01910abaad233b8af8bd44d25,true,-
1192,275488268,hu-worker-c42,d0/802d4a,nf-d0802d4a527a4713676c2980a41a2cf3,NFCORE_RNASEQ:RNASEQ:BEDGRAPH_BEDCLIP_BEDGRAPHTOBIGWIG_FORWARD:UCSC_BEDGRAPHTOBIGWIG,TREATMENT_mIFNa11_1000_REP1,NFCORE_RNASEQ:RNASEQ:BEDGRAPH_BEDCLIP_BEDGRAPHTOBIGWIG_FORWARD:UCSC_BEDGRAPHTOBIGWIG (TREATMENT_mIFNa11_1000_REP1),COMPLETED,0,-,quay.io/biocontainers/ucsc-bedgraphtobigwig:377--h446ed27_1,1,14400000,-,6442450944,1,1715242680787,1715242681000,1715242703000,22213,21000,-,92.7,0.0,33394688,60977152,37924864,65478656,826508831,65556850,12752,13755,16384,65568768,2791,3266,/input/data/work/d0/802d4a527a4713676c2980a41a2cf3,true,-
1193,215617480,hu-worker-c42,79/4ae2c0,nf-794ae2c05600aab4b19e2501d932e8d4,NFCORE_RNASEQ:RNASEQ:BEDGRAPH_BEDCLIP_BEDGRAPHTOBIGWIG_FORWARD:UCSC_BEDCLIP,TREATMENT_mIFNa11_100000_REP3,NFCORE_RNASEQ:RNASEQ:BEDGRAPH_BEDCLIP_BEDGRAPHTOBIGWIG_FORWARD:UCSC_BEDCLIP (TREATMENT_mIFNa11_100000_REP3),COMPLETED,0,-,quay.io/biocontainers/ucsc-bedclip:377--h0b8a92a_2,6,28800000,-,38654705664,1,1715242690737,1715242693000,1715242697000,6263,4000,-,98.3,0.0,8134656,19369984,8134656,19439616,215681262,215617573,3450,52656,4198400,215625728,130,267,/input/data/work/79/4ae2c05600aab4b19e2501d932e8d4,true,-
465,2288558825,hu-worker-c41,21/3bd452,nf-213bd45243c10713bbb83d1f88fde02a,NFCORE_RNASEQ:RNASEQ:BAM_RSEQC:RSEQC_BAMSTAT,TREATMENT_rhIFNb_100_REP1,NFCORE_RNASEQ:RNASEQ:BAM_RSEQC:RSEQC_BAMSTAT (TREATMENT_rhIFNb_100_REP1),COMPLETED,0,-,quay.io/biocontainers/rseqc:3.0.1--py37h516909a_1,6,28800000,-,38654705664,1,1715238285475,1715242595000,1715242700000,4414525,104000,-,106.5,0.0,38227968,1396289536,38227968,1396293632,2297087601,2587,70961,19,0,16384,11,886,/input/data/work/21/3bd45243c10713bbb83d1f88fde02a,true,-
1086,5298841926,hu-worker-c28,29/cd6bed,nf-29cd6bed536d5c4db4f647d6450322cf,NFCORE_RNASEQ:RNASEQ:BAM_MARKDUPLICATES_PICARD:BAM_STATS_SAMTOOLS:SAMTOOLS_STATS,TREATMENT_mIFNa11_10000_REP1,NFCORE_RNASEQ:RNASEQ:BAM_MARKDUPLICATES_PICARD:BAM_STATS_SAMTOOLS:SAMTOOLS_STATS (TREATMENT_mIFNa11_10000_REP1),COMPLETED,0,-,quay.io/biocontainers/samtools:1.17--h00cdaf9_0,1,14400000,-,6442450944,1,1715242623674,1715242624000,1715242703000,79326,79000,-,158.4,0.0,8351744,166514688,8351744,232898560,2149177168,286266,65811,87,4198400,290816,1155,735,/input/data/work/29/cd6bed536d5c4db4f647d6450322cf,true,-
1161,4734031018,hu-worker-c27,8c/3ecf52,nf-8c3ecf5226eb9c8ab73fbb418a767c0e,NFCORE_RNASEQ:RNASEQ:BAM_MARKDUPLICATES_PICARD:BAM_STATS_SAMTOOLS:SAMTOOLS_STATS,TREATMENT_mIFNa11_100000_REP3,NFCORE_RNASEQ:RNASEQ:BAM_MARKDUPLICATES_PICARD:BAM_STATS_SAMTOOLS:SAMTOOLS_STATS (TREATMENT_mIFNa11_100000_REP3),COMPLETED,0,-,quay.io/biocontainers/samtools:1.17--h00cdaf9_0,1,14400000,-,6442450944,1,1715242646187,1715242648000,1715242706000,59813,58000,-,157.5,0.0,8253440,166514688,8253440,233082880,1584553418,282209,48583,86,0,286720,785,428,/input/data/work/8c/3ecf5226eb9c8ab73fbb418a767c0e,true,-
1195,270478553,hu-worker-c34,0f/56d803,nf-0f56d803891f4a188233bc71b71038f5,NFCORE_RNASEQ:RNASEQ:BEDGRAPH_BEDCLIP_BEDGRAPHTOBIGWIG_FORWARD:UCSC_BEDGRAPHTOBIGWIG,TREATMENT_rhIFNb_1000_REP2,NFCORE_RNASEQ:RNASEQ:BEDGRAPH_BEDCLIP_BEDGRAPHTOBIGWIG_FORWARD:UCSC_BEDGRAPHTOBIGWIG (TREATMENT_rhIFNb_1000_REP2),COMPLETED,0,-,quay.io/biocontainers/ucsc-bedgraphtobigwig:377--h446ed27_1,1,14400000,-,6442450944,1,1715242691160,1715242692000,1715242709000,17840,16000,-,99.6,0.0,25669632,53129216,39133184,66523136,811479595,65402749,12521,13672,4194304,65417216,12,151,/input/data/work/0f/56d803891f4a188233bc71b71038f5,true,-
1196,262095974,hu-worker-c35,3f/86d465,nf-3f86d46580ca0c3347a32c69e9e55872,NFCORE_RNASEQ:RNASEQ:BEDGRAPH_BEDCLIP_BEDGRAPHTOBIGWIG_FORWARD:UCSC_BEDGRAPHTOBIGWIG,TREATMENT_mIFNa11_10000_REP1,NFCORE_RNASEQ:RNASEQ:BEDGRAPH_BEDCLIP_BEDGRAPHTOBIGWIG_FORWARD:UCSC_BEDGRAPHTOBIGWIG (TREATMENT_mIFNa11_10000_REP1),COMPLETED,0,-,quay.io/biocontainers/ucsc-bedgraphtobigwig:377--h446ed27_1,1,14400000,-,6442450944,1,1715242692353,1715242693000,1715242709000,16647,15000,-,99.6,0.0,33202176,60915712,37494784,65146880,786331893,63414762,12137,13243,4194304,63426560,14,136,/input/data/work/3f/86d46580ca0c3347a32c69e9e55872,true,-
1197,257904174,hu-worker-c25,ee/2fe5d9,nf-ee2fe5d9ea1b17223a73ae203e075499,NFCORE_RNASEQ:RNASEQ:BEDGRAPH_BEDCLIP_BEDGRAPHTOBIGWIG_FORWARD:UCSC_BEDGRAPHTOBIGWIG,TREATMENT_mIFNa11_100_REP2,NFCORE_RNASEQ:RNASEQ:BEDGRAPH_BEDCLIP_BEDGRAPHTOBIGWIG_FORWARD:UCSC_BEDGRAPHTOBIGWIG (TREATMENT_mIFNa11_100_REP2),COMPLETED,0,-,quay.io/biocontainers/ucsc-bedgraphtobigwig:377--h446ed27_1,1,14400000,-,6442450944,1,1715242693125,1715242694000,1715242711000,17875,15000,-,99.8,0.0,32051200,60022784,36360192,64110592,773757122,62207931,11948,12973,6045696,62222336,73,155,/input/data/work/ee/2fe5d9ea1b17223a73ae203e075499,true,-
1198,266684798,hu-worker-c27,71/47b99e,nf-7147b99eb667cebe0541cb2896368d6c,NFCORE_RNASEQ:RNASEQ:BEDGRAPH_BEDCLIP_BEDGRAPHTOBIGWIG_FORWARD:UCSC_BEDGRAPHTOBIGWIG,TREATMENT_rhIFNa2b_1000_REP3,NFCORE_RNASEQ:RNASEQ:BEDGRAPH_BEDCLIP_BEDGRAPHTOBIGWIG_FORWARD:UCSC_BEDGRAPHTOBIGWIG (TREATMENT_rhIFNa2b_1000_REP3),COMPLETED,0,-,quay.io/biocontainers/ucsc-bedgraphtobigwig:377--h446ed27_1,1,14400000,-,6442450944,1,1715242693728,1715242694000,1715242712000,18272,17000,-,99.7,0.0,36093952,63713280,36167680,63856640,800098982,64121454,12350,13395,4194304,64135168,17,148,/input/data/work/71/47b99eb667cebe0541cb2896368d6c,true,-
1199,265301751,hu-worker-c34,4f/4582a0,nf-4f4582a0afd495c647940ae774d1cc54,NFCORE_RNASEQ:RNASEQ:BEDGRAPH_BEDCLIP_BEDGRAPHTOBIGWIG_FORWARD:UCSC_BEDGRAPHTOBIGWIG,TREATMENT_rhINFa2b_10000_REP1,NFCORE_RNASEQ:RNASEQ:BEDGRAPH_BEDCLIP_BEDGRAPHTOBIGWIG_FORWARD:UCSC_BEDGRAPHTOBIGWIG (TREATMENT_rhINFa2b_10000_REP1),COMPLETED,0,-,quay.io/biocontainers/ucsc-bedgraphtobigwig:377--h446ed27_1,1,14400000,-,6442450944,1,1715242693990,1715242695000,1715242711000,17010,15000,-,99.5,0.0,28049408,55635968,43810816,71237632,795949196,67005980,12284,13870,0,67018752,14,112,/input/data/work/4f/4582a0afd495c647940ae774d1cc54,true,-
1200,260413929,hu-worker-c24,f2/315e0f,nf-f2315e0f6e8d49b757d9065d8f11f1ec,NFCORE_RNASEQ:RNASEQ:BEDGRAPH_BEDCLIP_BEDGRAPHTOBIGWIG_FORWARD:UCSC_BEDGRAPHTOBIGWIG,TREATMENT_rhIFNb_1000_REP3,NFCORE_RNASEQ:RNASEQ:BEDGRAPH_BEDCLIP_BEDGRAPHTOBIGWIG_FORWARD:UCSC_BEDGRAPHTOBIGWIG (TREATMENT_rhIFNb_1000_REP3),COMPLETED,0,-,quay.io/biocontainers/ucsc-bedgraphtobigwig:377--h446ed27_1,1,14400000,-,6442450944,1,1715242703603,1715242704000,1715242721000,17397,16000,-,99.7,0.0,30134272,57884672,36847616,64585728,781286050,62778730,12062,13114,9965568,62791680,63,210,/input/data/work/f2/315e0f6e8d49b757d9065d8f11f1ec,true,-
1206,246505731,hu-worker-c42,78/6abe7f,nf-786abe7f38cf3876906e661ec5e92daf,NFCORE_RNASEQ:RNASEQ:BEDGRAPH_BEDCLIP_BEDGRAPHTOBIGWIG_FORWARD:UCSC_BEDGRAPHTOBIGWIG,TREATMENT_rhIFNb_100000_REP1,NFCORE_RNASEQ:RNASEQ:BEDGRAPH_BEDCLIP_BEDGRAPHTOBIGWIG_FORWARD:UCSC_BEDGRAPHTOBIGWIG (TREATMENT_rhIFNb_100000_REP1),COMPLETED,0,-,quay.io/biocontainers/ucsc-bedgraphtobigwig:377--h446ed27_1,1,14400000,-,6442450944,1,1715242706285,1715242707000,1715242722000,15715,14000,-,99.4,0.0,8822784,36327424,8892416,36331520,739561223,59120923,11426,12348,8392704,59133952,10,115,/input/data/work/78/6abe7f38cf3876906e661ec5e92daf,true,-
1207,249798950,hu-worker-c28,67/3cbf42,nf-673cbf42a4b7151b86bbf60ae6618b7c,NFCORE_RNASEQ:RNASEQ:BEDGRAPH_BEDCLIP_BEDGRAPHTOBIGWIG_FORWARD:UCSC_BEDGRAPHTOBIGWIG,TREATMENT_rhIFNb_1000_REP1,NFCORE_RNASEQ:RNASEQ:BEDGRAPH_BEDCLIP_BEDGRAPHTOBIGWIG_FORWARD:UCSC_BEDGRAPHTOBIGWIG (TREATMENT_rhIFNb_1000_REP1),COMPLETED,0,-,quay.io/biocontainers/ucsc-bedgraphtobigwig:377--h446ed27_1,1,14400000,-,6442450944,1,1715242706418,1715242707000,1715242723000,16582,15000,-,99.8,0.0,8544256,36331520,8544256,36335616,749441457,60910936,11576,12675,14327808,60923904,64,122,/input/data/work/67/3cbf42a4b7151b86bbf60ae6618b7c,true,-
1210,244733556,hu-worker-c25,01/4fdbc9,nf-014fdbc9e3eb71e23db52a1a0c3c1b06,NFCORE_RNASEQ:RNASEQ:BEDGRAPH_BEDCLIP_BEDGRAPHTOBIGWIG_FORWARD:UCSC_BEDGRAPHTOBIGWIG,TREATMENT_rhINFa2b_100000_REP2,NFCORE_RNASEQ:RNASEQ:BEDGRAPH_BEDCLIP_BEDGRAPHTOBIGWIG_FORWARD:UCSC_BEDGRAPHTOBIGWIG (TREATMENT_rhINFa2b_100000_REP2),COMPLETED,0,-,quay.io/biocontainers/ucsc-bedgraphtobigwig:377--h446ed27_1,1,14400000,-,6442450944,1,1715242707278,1715242708000,1715242724000,16722,15000,-,99.6,0.0,8441856,36327424,8511488,36331520,734245275,59618753,11342,12406,4194304,59633664,14,130,/input/data/work/01/4fdbc9e3eb71e23db52a1a0c3c1b06,true,-
1211,251213526,hu-worker-c35,5b/edcaca,nf-5bedcacadd6e3966bb8190b07f24fa30,NFCORE_RNASEQ:RNASEQ:BEDGRAPH_BEDCLIP_BEDGRAPHTOBIGWIG_FORWARD:UCSC_BEDGRAPHTOBIGWIG,TREATMENT_mIFNa11_100_REP1,NFCORE_RNASEQ:RNASEQ:BEDGRAPH_BEDCLIP_BEDGRAPHTOBIGWIG_FORWARD:UCSC_BEDGRAPHTOBIGWIG (TREATMENT_mIFNa11_100_REP1),COMPLETED,0,-,quay.io/biocontainers/ucsc-bedgraphtobigwig:377--h446ed27_1,1,14400000,-,6442450944,1,1715242707360,1715242708000,1715242724000,16640,15000,-,99.6,0.0,8478720,36331520,8548352,36335616,753684521,60917901,11639,12688,4198400,60932096,12,109,/input/data/work/5b/edcacadd6e3966bb8190b07f24fa30,true,-
573,2279555697,hu-worker-c27,1e/d56ce2,nf-1ed56ce280bf0f804d8ae20c8574305a,NFCORE_RNASEQ:RNASEQ:BAM_RSEQC:RSEQC_JUNCTIONANNOTATION,TREATMENT_rhIFNb_100_REP3,NFCORE_RNASEQ:RNASEQ:BAM_RSEQC:RSEQC_JUNCTIONANNOTATION (TREATMENT_rhIFNb_100_REP3),COMPLETED,0,-,quay.io/biocontainers/rseqc:3.0.1--py37h516909a_1,6,28800000,-,38654705664,1,1715238399339,1715242608000,1715242709000,4309661,100000,-,109.6,0.0,127500288,1485717504,129904640,1488347136,2308950953,59347686,75244,7237,0,59383808,16,1189,/input/data/work/1e/d56ce280bf0f804d8ae20c8574305a,true,-
811,2720241713,hu-worker-c24,39/946209,nf-39946209688a4ec3e482c9cee84b300c,NFCORE_RNASEQ:RNASEQ:QUALIMAP_RNASEQ,CONTROL_REP3,NFCORE_RNASEQ:RNASEQ:QUALIMAP_RNASEQ (CONTROL_REP3),COMPLETED,0,-,quay.io/biocontainers/qualimap:2.2.2d--1,6,28800000,-,38654705664,1,1715239513298,1715241773000,1715242718000,3204702,943000,-,107.8,3.3,8789458944,38401236992,8789458944,38401241088,15618688064,12876589553,509631,2344180,52367360,12878790656,12,2,/input/data/work/39/946209688a4ec3e482c9cee84b300c,true,-
1208,245893791,hu-worker-c41,98/8753cb,nf-988753cb4710ebf8cca518c19aede7db,NFCORE_RNASEQ:RNASEQ:BEDGRAPH_BEDCLIP_BEDGRAPHTOBIGWIG_FORWARD:UCSC_BEDGRAPHTOBIGWIG,TREATMENT_mIFNa11_10000_REP2,NFCORE_RNASEQ:RNASEQ:BEDGRAPH_BEDCLIP_BEDGRAPHTOBIGWIG_FORWARD:UCSC_BEDGRAPHTOBIGWIG (TREATMENT_mIFNa11_10000_REP2),COMPLETED,0,-,quay.io/biocontainers/ucsc-bedgraphtobigwig:377--h446ed27_1,1,14400000,-,6442450944,1,1715242707012,1715242707000,1715242724000,16988,16000,-,100.1,0.0,25034752,52781056,37941248,65658880,737725455,61055391,11396,12657,0,61067264,2,149,/input/data/work/98/8753cb4710ebf8cca518c19aede7db,true,-
1209,254831606,hu-worker-c24,56/c4bd11,nf-56c4bd115dba4cf848e330f75f82779c,NFCORE_RNASEQ:RNASEQ:BEDGRAPH_BEDCLIP_BEDGRAPHTOBIGWIG_FORWARD:UCSC_BEDGRAPHTOBIGWIG,TREATMENT_rhIFNa2b_1000_REP1,NFCORE_RNASEQ:RNASEQ:BEDGRAPH_BEDCLIP_BEDGRAPHTOBIGWIG_FORWARD:UCSC_BEDGRAPHTOBIGWIG (TREATMENT_rhIFNa2b_1000_REP1),COMPLETED,0,-,quay.io/biocontainers/ucsc-bedgraphtobigwig:377--h446ed27_1,1,14400000,-,6442450944,1,1715242707184,1715242708000,1715242724000,16816,15000,-,99.7,0.0,33951744,61988864,37654528,65458176,764539083,62272373,11807,12949,4194304,62287872,18,185,/input/data/work/56/c4bd115dba4cf848e330f75f82779c,true,-
1212,249575535,hu-worker-c42,e7/4f7c5b,nf-e74f7c5b2570c132fd53ed47b564d444,NFCORE_RNASEQ:RNASEQ:BEDGRAPH_BEDCLIP_BEDGRAPHTOBIGWIG_FORWARD:UCSC_BEDGRAPHTOBIGWIG,TREATMENT_rhIFNb_100_REP2,NFCORE_RNASEQ:RNASEQ:BEDGRAPH_BEDCLIP_BEDGRAPHTOBIGWIG_FORWARD:UCSC_BEDGRAPHTOBIGWIG (TREATMENT_rhIFNb_100_REP2),COMPLETED,0,-,quay.io/biocontainers/ucsc-bedgraphtobigwig:377--h446ed27_1,1,14400000,-,6442450944,1,1715242707899,1715242708000,1715242725000,17101,16000,-,99.4,0.0,30846976,58540032,38150144,65638400,748770629,61406904,11564,12744,0,61419520,85,206,/input/data/work/e7/4f7c5b2570c132fd53ed47b564d444,true,-
1213,237906398,hu-worker-c28,1a/d45924,nf-1ad459241f7668a1ac079866b4e0d402,NFCORE_RNASEQ:RNASEQ:BEDGRAPH_BEDCLIP_BEDGRAPHTOBIGWIG_FORWARD:UCSC_BEDGRAPHTOBIGWIG,TREATMENT_rhIFNb_10000_REP1,NFCORE_RNASEQ:RNASEQ:BEDGRAPH_BEDCLIP_BEDGRAPHTOBIGWIG_FORWARD:UCSC_BEDGRAPHTOBIGWIG (TREATMENT_rhIFNb_10000_REP1),COMPLETED,0,-,quay.io/biocontainers/ucsc-bedgraphtobigwig:377--h446ed27_1,1,14400000,-,6442450944,1,1715242708412,1715242709000,1715242724000,15588,14000,-,99.7,0.0,8564736,36319232,8634368,36323328,713763779,57635887,11030,12002,4194304,57651200,11,82,/input/data/work/1a/d459241f7668a1ac079866b4e0d402,true,-
1214,239870398,hu-worker-c27,ea/e0676f,nf-eae0676f1df4c8484d2c65134dbbcbff,NFCORE_RNASEQ:RNASEQ:BEDGRAPH_BEDCLIP_BEDGRAPHTOBIGWIG_FORWARD:UCSC_BEDGRAPHTOBIGWIG,TREATMENT_mIFNa11_100000_REP1,NFCORE_RNASEQ:RNASEQ:BEDGRAPH_BEDCLIP_BEDGRAPHTOBIGWIG_FORWARD:UCSC_BEDGRAPHTOBIGWIG (TREATMENT_mIFNa11_100000_REP1),COMPLETED,0,-,quay.io/biocontainers/ucsc-bedgraphtobigwig:377--h446ed27_1,1,14400000,-,6442450944,1,1715242718085,1715242719000,1715242735000,16915,15000,-,99.7,0.0,8441856,36323328,8511488,36327424,719655785,59034482,11120,12250,4194304,59047936,16,1143,/input/data/work/ea/e0676f1df4c8484d2c65134dbbcbff,true,-
487,2301681207,hu-worker-c27,2a/0b2461,nf-2a0b2461229d46c3d089417edbbd1047,NFCORE_RNASEQ:RNASEQ:BAM_RSEQC:RSEQC_READDUPLICATION,TREATMENT_rhIFNb_10000_REP2,NFCORE_RNASEQ:RNASEQ:BAM_RSEQC:RSEQC_READDUPLICATION (TREATMENT_rhIFNb_10000_REP2),COMPLETED,0,-,quay.io/biocontainers/rseqc:3.0.1--py37h516909a_1,6,28800000,-,38654705664,1,1715238301061,1715242530000,1715242726000,4424939,195000,-,104.3,3.2,8623095808,9996959744,8695226368,10078121984,2316235489,102519,71744,55,73728,126976,10,1389,/input/data/work/2a/0b2461229d46c3d089417edbbd1047,true,-
578,2279555697,hu-worker-c28,59/d52922,nf-59d52922e792742c5e5d6e07a2b6e2ef,NFCORE_RNASEQ:RNASEQ:BAM_RSEQC:RSEQC_JUNCTIONSATURATION,TREATMENT_rhIFNb_100_REP3,NFCORE_RNASEQ:RNASEQ:BAM_RSEQC:RSEQC_JUNCTIONSATURATION (TREATMENT_rhIFNb_100_REP3),COMPLETED,0,-,quay.io/biocontainers/rseqc:3.0.1--py37h516909a_1,6,28800000,-,38654705664,1,1715238399410,1715242610000,1715242733000,4333590,122000,-,108.1,0.5,1277509632,2636017664,1277739008,2636283904,2294044392,18427,73423,35,4194304,32768,10,1258,/input/data/work/59/d52922e792742c5e5d6e07a2b6e2ef,true,-
1215,243283016,hu-worker-c34,35/109034,nf-3510903401d8a47f0fad643c453dbf5c,NFCORE_RNASEQ:RNASEQ:BEDGRAPH_BEDCLIP_BEDGRAPHTOBIGWIG_FORWARD:UCSC_BEDGRAPHTOBIGWIG,TREATMENT_rhIFNa2b_1000_REP2,NFCORE_RNASEQ:RNASEQ:BEDGRAPH_BEDCLIP_BEDGRAPHTOBIGWIG_FORWARD:UCSC_BEDGRAPHTOBIGWIG (TREATMENT_rhIFNa2b_1000_REP2),COMPLETED,0,-,quay.io/biocontainers/ucsc-bedgraphtobigwig:377--h446ed27_1,1,14400000,-,6442450944,1,1715242718525,1715242719000,1715242735000,16475,15000,-,99.7,0.0,8654848,36327424,8724480,36331520,729892989,59521936,11276,12366,4194304,59535360,12,120,/input/data/work/35/10903401d8a47f0fad643c453dbf5c,true,-
1216,236571178,hu-worker-c35,c4/033b6b,nf-c4033b6ba0d3796e80d53e80d89503b9,NFCORE_RNASEQ:RNASEQ:BEDGRAPH_BEDCLIP_BEDGRAPHTOBIGWIG_FORWARD:UCSC_BEDGRAPHTOBIGWIG,TREATMENT_mIFNa11_10000_REP3,NFCORE_RNASEQ:RNASEQ:BEDGRAPH_BEDCLIP_BEDGRAPHTOBIGWIG_FORWARD:UCSC_BEDGRAPHTOBIGWIG (TREATMENT_mIFNa11_10000_REP3),COMPLETED,0,-,quay.io/biocontainers/ucsc-bedgraphtobigwig:377--h446ed27_1,1,14400000,-,6442450944,1,1715242721036,1715242722000,1715242737000,15964,14000,-,99.6,0.0,8577024,36319232,8646656,36323328,709757482,58209266,10970,12076,0,58224640,98,201,/input/data/work/c4/033b6ba0d3796e80d53e80d89503b9,true,-
1217,242370425,hu-worker-c27,f5/d2054a,nf-f5d2054abff36a94353bb8992dfae162,NFCORE_RNASEQ:RNASEQ:BEDGRAPH_BEDCLIP_BEDGRAPHTOBIGWIG_FORWARD:UCSC_BEDGRAPHTOBIGWIG,TREATMENT_rhIFNa2b_100_REP2,NFCORE_RNASEQ:RNASEQ:BEDGRAPH_BEDCLIP_BEDGRAPHTOBIGWIG_FORWARD:UCSC_BEDGRAPHTOBIGWIG (TREATMENT_rhIFNa2b_100_REP2),COMPLETED,0,-,quay.io/biocontainers/ucsc-bedgraphtobigwig:377--h446ed27_1,1,14400000,-,6442450944,1,1715242721880,1715242722000,1715242739000,17120,16000,-,99.6,0.0,8372224,36323328,8441856,36327424,727155862,59367024,11234,12330,4194304,59379712,15,143,/input/data/work/f5/d2054abff36a94353bb8992dfae162,true,-
1218,241865259,hu-worker-c34,2d/a5dcce,nf-2da5dcce34d3f2179c049be842ba0358,NFCORE_RNASEQ:RNASEQ:BEDGRAPH_BEDCLIP_BEDGRAPHTOBIGWIG_FORWARD:UCSC_BEDGRAPHTOBIGWIG,TREATMENT_rhIFNa2b_100_REP1,NFCORE_RNASEQ:RNASEQ:BEDGRAPH_BEDCLIP_BEDGRAPHTOBIGWIG_FORWARD:UCSC_BEDGRAPHTOBIGWIG (TREATMENT_rhIFNa2b_100_REP1),COMPLETED,0,-,quay.io/biocontainers/ucsc-bedgraphtobigwig:377--h446ed27_1,1,14400000,-,6442450944,1,1715242722617,1715242723000,1715242739000,16383,14000,-,99.5,0.0,8658944,36323328,8728576,36327424,725639716,59573772,11213,12354,8388608,59588608,9,89,/input/data/work/2d/a5dcce34d3f2179c049be842ba0358,true,-
1219,241714799,hu-worker-c24,e3/c470b1,nf-e3c470b11e54562242ae9946f9e791df,NFCORE_RNASEQ:RNASEQ:BEDGRAPH_BEDCLIP_BEDGRAPHTOBIGWIG_FORWARD:UCSC_BEDGRAPHTOBIGWIG,TREATMENT_rhIFNa2b_100_REP3,NFCORE_RNASEQ:RNASEQ:BEDGRAPH_BEDCLIP_BEDGRAPHTOBIGWIG_FORWARD:UCSC_BEDGRAPHTOBIGWIG (TREATMENT_rhIFNa2b_100_REP3),COMPLETED,0,-,quay.io/biocontainers/ucsc-bedgraphtobigwig:377--h446ed27_1,1,14400000,-,6442450944,1,1715242722995,1715242724000,1715242740000,17005,14000,-,99.8,0.0,8523776,36323328,8593408,36327424,725188661,59657870,11204,12357,0,59670528,16,169,/input/data/work/e3/c470b11e54562242ae9946f9e791df,true,-
1220,241865259,hu-worker-c25,ec/9e5b05,nf-ec9e5b0522e31150ce7f42f4b76e813e,NFCORE_RNASEQ:RNASEQ:BEDGRAPH_BEDCLIP_BEDGRAPHTOBIGWIG_FORWARD:UCSC_BEDGRAPHTOBIGWIG,CONTROL_REP3,NFCORE_RNASEQ:RNASEQ:BEDGRAPH_BEDCLIP_BEDGRAPHTOBIGWIG_FORWARD:UCSC_BEDGRAPHTOBIGWIG (CONTROL_REP3),COMPLETED,0,-,quay.io/biocontainers/ucsc-bedgraphtobigwig:377--h446ed27_1,1,14400000,-,6442450944,1,1715242723287,1715242724000,1715242740000,16713,15000,-,99.6,0.0,8445952,36323328,8515584,36327424,725640372,59573793,11213,12354,4194304,59588608,12,161,/input/data/work/ec/9e5b0522e31150ce7f42f4b76e813e,true,-
1221,157577820,hu-worker-c24,6f/4a88b2,nf-6f4a88b2f8fb75604552bb42a3113036,NFCORE_RNASEQ:RNASEQ:BEDGRAPH_BEDCLIP_BEDGRAPHTOBIGWIG_FORWARD:UCSC_BEDGRAPHTOBIGWIG,TREATMENT_rhIFNb_100000_REP3,NFCORE_RNASEQ:RNASEQ:BEDGRAPH_BEDCLIP_BEDGRAPHTOBIGWIG_FORWARD:UCSC_BEDGRAPHTOBIGWIG (TREATMENT_rhIFNb_100000_REP3),COMPLETED,0,-,quay.io/biocontainers/ucsc-bedgraphtobigwig:377--h446ed27_1,1,14400000,-,6442450944,1,1715242723818,1715242724000,1715242736000,12182,11000,-,99.7,0.0,28397568,56086528,28467200,56090624,472777724,41410148,7352,8372,0,41422848,13,111,/input/data/work/6f/4a88b2f8fb75604552bb42a3113036,true,-
1222,241865259,hu-worker-c25,d8/d711d8,nf-d8d711d83cdfca68d76f6d1323f5469e,NFCORE_RNASEQ:RNASEQ:BEDGRAPH_BEDCLIP_BEDGRAPHTOBIGWIG_FORWARD:UCSC_BEDGRAPHTOBIGWIG,CONTROL_REP1,NFCORE_RNASEQ:RNASEQ:BEDGRAPH_BEDCLIP_BEDGRAPHTOBIGWIG_FORWARD:UCSC_BEDGRAPHTOBIGWIG (CONTROL_REP1),COMPLETED,0,-,quay.io/biocontainers/ucsc-bedgraphtobigwig:377--h446ed27_1,1,14400000,-,6442450944,1,1715242724141,1715242725000,1715242740000,15859,14000,-,99.3,0.0,8540160,36323328,8609792,36327424,725640348,59573775,11213,12354,0,59588608,68,186,/input/data/work/d8/d711d83cdfca68d76f6d1323f5469e,true,-
1223,193146510,hu-worker-c27,f1/344ecc,nf-f1344ecc068dce8baef360676eb9e20f,NFCORE_RNASEQ:RNASEQ:BEDGRAPH_BEDCLIP_BEDGRAPHTOBIGWIG_FORWARD:UCSC_BEDGRAPHTOBIGWIG,TREATMENT_rhINFa2b_10000_REP3,NFCORE_RNASEQ:RNASEQ:BEDGRAPH_BEDCLIP_BEDGRAPHTOBIGWIG_FORWARD:UCSC_BEDGRAPHTOBIGWIG (TREATMENT_rhINFa2b_10000_REP3),COMPLETED,0,-,quay.io/biocontainers/ucsc-bedgraphtobigwig:377--h446ed27_1,1,14400000,-,6442450944,1,1715242724251,1715242725000,1715242739000,14749,12000,-,99.6,0.0,24354816,52043776,24424448,52183040,579484121,49066088,8981,10048,4194304,49078272,16,928,/input/data/work/f1/344ecc068dce8baef360676eb9e20f,true,-
1224,241865259,hu-worker-c41,51/16ab67,nf-5116ab67e53610ea662f0c1fd097e949,NFCORE_RNASEQ:RNASEQ:BEDGRAPH_BEDCLIP_BEDGRAPHTOBIGWIG_FORWARD:UCSC_BEDGRAPHTOBIGWIG,CONTROL_REP2,NFCORE_RNASEQ:RNASEQ:BEDGRAPH_BEDCLIP_BEDGRAPHTOBIGWIG_FORWARD:UCSC_BEDGRAPHTOBIGWIG (CONTROL_REP2),COMPLETED,0,-,quay.io/biocontainers/ucsc-bedgraphtobigwig:377--h446ed27_1,1,14400000,-,6442450944,1,1715242724438,1715242725000,1715242741000,16562,15000,-,100.1,0.0,32489472,60284928,36773888,64536576,725639827,59573777,11213,12354,0,59588608,4,157,/input/data/work/51/16ab67e53610ea662f0c1fd097e949,true,-
1225,227019650,hu-worker-c35,eb/2563ef,nf-eb2563efed756f4adeac7a5f2310037d,NFCORE_RNASEQ:RNASEQ:BEDGRAPH_BEDCLIP_BEDGRAPHTOBIGWIG_FORWARD:UCSC_BEDGRAPHTOBIGWIG,TREATMENT_mIFNa11_100_REP3,NFCORE_RNASEQ:RNASEQ:BEDGRAPH_BEDCLIP_BEDGRAPHTOBIGWIG_FORWARD:UCSC_BEDGRAPHTOBIGWIG (TREATMENT_mIFNa11_100_REP3),COMPLETED,0,-,quay.io/biocontainers/ucsc-bedgraphtobigwig:377--h446ed27_1,1,14400000,-,6442450944,1,1715242724547,1715242725000,1715242740000,15453,14000,-,99.5,0.0,8335360,36311040,8404992,36315136,681102918,55680636,10532,11531,0,55693312,10,95,/input/data/work/eb/2563efed756f4adeac7a5f2310037d,true,-
1226,222653719,hu-worker-c42,db/fc9916,nf-dbfc99167228f585dd92e31eb8e57c14,NFCORE_RNASEQ:RNASEQ:BEDGRAPH_BEDCLIP_BEDGRAPHTOBIGWIG_FORWARD:UCSC_BEDGRAPHTOBIGWIG,TREATMENT_rhIFNb_100000_REP2,NFCORE_RNASEQ:RNASEQ:BEDGRAPH_BEDCLIP_BEDGRAPHTOBIGWIG_FORWARD:UCSC_BEDGRAPHTOBIGWIG (TREATMENT_rhIFNb_100000_REP2),COMPLETED,0,-,quay.io/biocontainers/ucsc-bedgraphtobigwig:377--h446ed27_1,1,14400000,-,6442450944,1,1715242725267,1715242726000,1715242741000,15733,14000,-,99.5,0.0,8839168,36306944,8908800,36311040,668005186,54229425,10334,11260,4194304,54243328,11,149,/input/data/work/db/fc99167228f585dd92e31eb8e57c14,true,-
1227,183485733,hu-worker-c28,ae/6fcdec,nf-ae6fcdecabb195f3f973f226d59eca15,NFCORE_RNASEQ:RNASEQ:BEDGRAPH_BEDCLIP_BEDGRAPHTOBIGWIG_FORWARD:UCSC_BEDGRAPHTOBIGWIG,TREATMENT_mIFNa11_100000_REP2,NFCORE_RNASEQ:RNASEQ:BEDGRAPH_BEDCLIP_BEDGRAPHTOBIGWIG_FORWARD:UCSC_BEDGRAPHTOBIGWIG (TREATMENT_mIFNa11_100000_REP2),COMPLETED,0,-,quay.io/biocontainers/ucsc-bedgraphtobigwig:377--h446ed27_1,1,14400000,-,6442450944,1,1715242729583,1715242730000,1715242743000,13417,12000,-,99.7,0.0,27095040,54681600,27168768,54824960,550501788,46763222,8540,9550,0,46776320,13,121,/input/data/work/ae/6fcdecabb195f3f973f226d59eca15,true,-
1228,215617480,hu-worker-c42,53/5b5658,nf-535b565800037d906655f2feafe23837,NFCORE_RNASEQ:RNASEQ:BEDGRAPH_BEDCLIP_BEDGRAPHTOBIGWIG_FORWARD:UCSC_BEDGRAPHTOBIGWIG,TREATMENT_mIFNa11_100000_REP3,NFCORE_RNASEQ:RNASEQ:BEDGRAPH_BEDCLIP_BEDGRAPHTOBIGWIG_FORWARD:UCSC_BEDGRAPHTOBIGWIG (TREATMENT_mIFNa11_100000_REP3),COMPLETED,0,-,quay.io/biocontainers/ucsc-bedgraphtobigwig:377--h446ed27_1,1,14400000,-,6442450944,1,1715242734907,1715242735000,1715242749000,14093,13000,-,99.4,0.0,25866240,53567488,25935872,53571584,646896472,53732188,10010,11084,4194304,53747712,10,108,/input/data/work/53/5b565800037d906655f2feafe23837,true,-
467,2288558825,hu-worker-c41,00/7053bc,nf-007053bcbbee11046bcdf6c49c861e9b,NFCORE_RNASEQ:RNASEQ:BAM_RSEQC:RSEQC_READDUPLICATION,TREATMENT_rhIFNb_100_REP1,NFCORE_RNASEQ:RNASEQ:BAM_RSEQC:RSEQC_READDUPLICATION (TREATMENT_rhIFNb_100_REP1),COMPLETED,0,-,quay.io/biocontainers/rseqc:3.0.1--py37h516909a_1,6,28800000,-,38654705664,1,1715238285405,1715242579000,1715242771000,4485595,191000,-,105.3,3.2,8667926528,10041716736,8737148928,10119790592,2303113246,103011,71343,55,0,126976,14,1322,/input/data/work/00/7053bcbbee11046bcdf6c49c861e9b,true,-
549,2288599396,hu-worker-c35,da/b00e8d,nf-dab00e8d61872449dbf5713bf6ccbb01,NFCORE_RNASEQ:RNASEQ:BAM_RSEQC:RSEQC_READDUPLICATION,TREATMENT_mIFNa11_1000_REP3,NFCORE_RNASEQ:RNASEQ:BAM_RSEQC:RSEQC_READDUPLICATION (TREATMENT_mIFNa11_1000_REP3),COMPLETED,0,-,quay.io/biocontainers/rseqc:3.0.1--py37h516909a_1,6,28800000,-,38654705664,1,1715238377892,1715242562000,1715242752000,4374108,189000,-,105.3,3.2,8553177088,9911148544,8750637056,10133397504,2303154088,103186,71342,55,0,126976,9,795,/input/data/work/da/b00e8d61872449dbf5713bf6ccbb01,true,-
559,2256508062,hu-worker-c25,4d/2bb10d,nf-4d2bb10dc0aa19a8c11c8efdf691bdf8,NFCORE_RNASEQ:RNASEQ:BAM_RSEQC:RSEQC_INFEREXPERIMENT,TREATMENT_mIFNa11_1000_REP1,NFCORE_RNASEQ:RNASEQ:BAM_RSEQC:RSEQC_INFEREXPERIMENT (TREATMENT_mIFNa11_1000_REP1),COMPLETED,0,-,quay.io/biocontainers/rseqc:3.0.1--py37h516909a_1,6,28800000,-,38654705664,1,1715238388594,1715242762000,1715242765000,4376406,2000,-,433.9,0.0,63258624,1420677120,63258624,1424879616,52707571,2031,4822,19,0,16384,5,12,/input/data/work/4d/2bb10dc0aa19a8c11c8efdf691bdf8,true,-
572,2270861066,hu-worker-c25,54/764b49,nf-54764b49d22d7ce0c68433076f4c5bd3,NFCORE_RNASEQ:RNASEQ:BAM_RSEQC:RSEQC_INNERDISTANCE,TREATMENT_rhIFNb_1000_REP2,NFCORE_RNASEQ:RNASEQ:BAM_RSEQC:RSEQC_INNERDISTANCE (TREATMENT_rhIFNb_1000_REP2),COMPLETED,0,-,quay.io/biocontainers/rseqc:3.0.1--py37h516909a_1,6,28800000,-,38654705664,1,1715238393756,1715242700000,1715242760000,4366244,58000,-,116.8,0.3,912715776,2312790016,929017856,2329047040,239213275,54471413,13070,6678,0,54538240,19,489,/input/data/work/54/764b49d22d7ce0c68433076f4c5bd3,true,-
560,2256508062,hu-worker-c24,ef/67de62,nf-ef67de6241c747e5014ab1967fb6e1df,NFCORE_RNASEQ:RNASEQ:BAM_RSEQC:RSEQC_INNERDISTANCE,TREATMENT_mIFNa11_1000_REP1,NFCORE_RNASEQ:RNASEQ:BAM_RSEQC:RSEQC_INNERDISTANCE (TREATMENT_mIFNa11_1000_REP1),COMPLETED,0,-,quay.io/biocontainers/rseqc:3.0.1--py37h516909a_1,6,28800000,-,38654705664,1,1715238388420,1715242721000,1715242780000,4391580,58000,-,117.4,0.3,916836352,2316455936,929456128,2329042944,239378329,55557298,13076,6810,4571136,55623680,104,381,/input/data/work/ef/67de6241c747e5014ab1967fb6e1df,true,-
836,2261631326,hu-worker-c41,70/ca6717,nf-70ca6717805bb2c615118e4d86a2c1c4,NFCORE_RNASEQ:RNASEQ:STRINGTIE_STRINGTIE,TREATMENT_rhINFa2b_10000_REP3,NFCORE_RNASEQ:RNASEQ:STRINGTIE_STRINGTIE (TREATMENT_rhINFa2b_10000_REP3),COMPLETED,0,-,quay.io/biocontainers/stringtie:2.2.1--hecb563c_2,6,28800000,-,38654705664,1,1715239634529,1715242703000,1715242779000,3144471,76000,-,231.6,0.3,779730944,996397056,866459648,1089912832,2468090626,607588459,203453,182574,24576,605708288,44690,1709,/input/data/work/70/ca6717805bb2c615118e4d86a2c1c4,true,-
566,2270861066,hu-worker-c25,62/25c823,nf-6225c8236a97c305e9617cde5d2e7b7d,NFCORE_RNASEQ:RNASEQ:BAM_RSEQC:RSEQC_JUNCTIONSATURATION,TREATMENT_rhIFNb_1000_REP2,NFCORE_RNASEQ:RNASEQ:BAM_RSEQC:RSEQC_JUNCTIONSATURATION (TREATMENT_rhIFNb_1000_REP2),COMPLETED,0,-,quay.io/biocontainers/rseqc:3.0.1--py37h516909a_1,6,28800000,-,38654705664,1,1715238393637,1715242678000,1715242789000,4395363,110000,-,108.9,0.5,1226694656,2589880320,1226694656,2589884416,2285349817,18442,73161,35,0,32768,11,1348,/input/data/work/62/25c8236a97c305e9617cde5d2e7b7d,true,-
569,2270861066,hu-worker-c42,4a/88eeb7,nf-4a88eeb7b2d79d3c64e453bb11b7a328,NFCORE_RNASEQ:RNASEQ:BAM_RSEQC:RSEQC_JUNCTIONANNOTATION,TREATMENT_rhIFNb_1000_REP2,NFCORE_RNASEQ:RNASEQ:BAM_RSEQC:RSEQC_JUNCTIONANNOTATION (TREATMENT_rhIFNb_1000_REP2),COMPLETED,0,-,quay.io/biocontainers/rseqc:3.0.1--py37h516909a_1,6,28800000,-,38654705664,1,1715238393691,1715242699000,1715242791000,4397309,91000,-,110.5,0.0,128659456,1485459456,131321856,1488351232,2300457557,60119284,75008,7331,0,60153856,125,9430,/input/data/work/4a/88eeb7b2d79d3c64e453bb11b7a328,true,-
574,2279555697,hu-worker-c34,ec/cda7be,nf-eccda7be41545a3d24333172c716ff92,NFCORE_RNASEQ:RNASEQ:BAM_RSEQC:RSEQC_READDISTRIBUTION,TREATMENT_rhIFNb_100_REP3,NFCORE_RNASEQ:RNASEQ:BAM_RSEQC:RSEQC_READDISTRIBUTION (TREATMENT_rhIFNb_100_REP3),COMPLETED,0,-,quay.io/biocontainers/rseqc:3.0.1--py37h516909a_1,6,28800000,-,38654705664,1,1715238399444,1715242617000,1715242788000,4388556,170000,-,103.8,0.4,1142304768,2504568832,1146404864,2508505088,2519335840,2965,101289,19,0,16384,12,789,/input/data/work/ec/cda7be41545a3d24333172c716ff92,true,-
558,2249874114,hu-worker-c25,c5/3e1876,nf-c53e187609c18655768aba471522d7d5,NFCORE_RNASEQ:RNASEQ:BAM_RSEQC:RSEQC_INFEREXPERIMENT,TREATMENT_rhINFa2b_100000_REP3,NFCORE_RNASEQ:RNASEQ:BAM_RSEQC:RSEQC_INFEREXPERIMENT (TREATMENT_rhINFa2b_100000_REP3),COMPLETED,0,-,quay.io/biocontainers/rseqc:3.0.1--py37h516909a_1,6,28800000,-,38654705664,1,1715238388144,1715242791000,1715242794000,4405856,2000,-,421.9,0.0,63557632,1420677120,63557632,1424879616,53035256,2031,4832,19,0,16384,15,22,/input/data/work/c5/3e187609c18655768aba471522d7d5,true,-
570,2270861066,hu-worker-c28,36/ab58f2,nf-36ab58f2fa426734eb5f9b45aac83054,NFCORE_RNASEQ:RNASEQ:BAM_RSEQC:RSEQC_READDISTRIBUTION,TREATMENT_rhIFNb_1000_REP2,NFCORE_RNASEQ:RNASEQ:BAM_RSEQC:RSEQC_READDISTRIBUTION (TREATMENT_rhIFNb_1000_REP2),COMPLETED,0,-,quay.io/biocontainers/rseqc:3.0.1--py37h516909a_1,6,28800000,-,38654705664,1,1715238393585,1715242644000,1715242816000,4422415,170000,-,103.6,0.4,1112801280,2476978176,1145303040,2509225984,2510641848,2966,101027,19,0,16384,6,1331,/input/data/work/36/ab58f2fa426734eb5f9b45aac83054,true,-
564,2256508062,hu-worker-c28,bd/dc49c5,nf-bddc49c5fdafc8cd4391f07a6e4870a6,NFCORE_RNASEQ:RNASEQ:BAM_RSEQC:RSEQC_JUNCTIONSATURATION,TREATMENT_mIFNa11_1000_REP1,NFCORE_RNASEQ:RNASEQ:BAM_RSEQC:RSEQC_JUNCTIONSATURATION (TREATMENT_mIFNa11_1000_REP1),COMPLETED,0,-,quay.io/biocontainers/rseqc:3.0.1--py37h516909a_1,6,28800000,-,38654705664,1,1715238388539,1715242736000,1715242843000,4454461,106000,-,108.6,0.5,1259642880,2620026880,1302990848,4044238848,2270996818,18417,72722,35,0,32768,52,1354,/input/data/work/bd/dc49c5fdafc8cd4391f07a6e4870a6,true,-
561,2256508062,hu-worker-c35,fe/d1c8de,nf-fed1c8deede106436fc03c0be33b2b20,NFCORE_RNASEQ:RNASEQ:BAM_RSEQC:RSEQC_JUNCTIONANNOTATION,TREATMENT_mIFNa11_1000_REP1,NFCORE_RNASEQ:RNASEQ:BAM_RSEQC:RSEQC_JUNCTIONANNOTATION (TREATMENT_mIFNa11_1000_REP1),COMPLETED,0,-,quay.io/biocontainers/rseqc:3.0.1--py37h516909a_1,6,28800000,-,38654705664,1,1715238388566,1715242755000,1715242841000,4452434,85000,-,111.5,0.0,128106496,1485459456,130772992,1488351232,2285962449,59579948,74551,7266,8192,59609088,123,682,/input/data/work/fe/d1c8deede106436fc03c0be33b2b20,true,-
556,2249874114,hu-worker-c42,b5/f6d711,nf-b5f6d711c0f43a05d142e4a4b14bd196,NFCORE_RNASEQ:RNASEQ:BAM_RSEQC:RSEQC_INNERDISTANCE,TREATMENT_rhINFa2b_100000_REP3,NFCORE_RNASEQ:RNASEQ:BAM_RSEQC:RSEQC_INNERDISTANCE (TREATMENT_rhINFa2b_100000_REP3),COMPLETED,0,-,quay.io/biocontainers/rseqc:3.0.1--py37h516909a_1,6,28800000,-,38654705664,1,1715238388259,1715242794000,1715242851000,4462741,56000,-,118.0,0.3,922685440,2321965056,929808384,2329047040,241310647,56042109,13134,6868,0,56082432,17,228,/input/data/work/b5/f6d711c0f43a05d142e4a4b14bd196,true,-
577,2253863916,hu-worker-c25,20/1e0840,nf-201e08400f424d68485392c243c259cc,NFCORE_RNASEQ:RNASEQ:BAM_RSEQC:RSEQC_BAMSTAT,TREATMENT_rhIFNb_100_REP3,NFCORE_RNASEQ:RNASEQ:BAM_RSEQC:RSEQC_BAMSTAT (TREATMENT_rhIFNb_100_REP3),COMPLETED,0,-,quay.io/biocontainers/rseqc:3.0.1--py37h516909a_1,6,28800000,-,38654705664,1,1715238399374,1715242768000,1715242868000,4468626,99000,-,106.3,0.0,38252544,1396289536,38252544,1396293632,2262393180,2586,69903,19,0,16384,15,1077,/input/data/work/20/1e08400f424d68485392c243c259cc,true,-
557,2249874114,hu-worker-c34,b6/11d37f,nf-b611d37f78fdf4338836586d35de0079,NFCORE_RNASEQ:RNASEQ:BAM_RSEQC:RSEQC_JUNCTIONANNOTATION,TREATMENT_rhINFa2b_100000_REP3,NFCORE_RNASEQ:RNASEQ:BAM_RSEQC:RSEQC_JUNCTIONANNOTATION (TREATMENT_rhINFa2b_100000_REP3),COMPLETED,0,-,quay.io/biocontainers/rseqc:3.0.1--py37h516909a_1,6,28800000,-,38654705664,1,1715238388181,1715242791000,1715242879000,4490819,87000,-,111.4,0.0,127995904,1485197312,130924544,1488351232,2279395053,59825692,74358,7296,0,59858944,39,1123,/input/data/work/b6/11d37f78fdf4338836586d35de0079,true,-
552,2249874114,hu-worker-c41,1b/a2e6a2,nf-1ba2e6a2fa119ac38f62ed428988b3c4,NFCORE_RNASEQ:RNASEQ:BAM_RSEQC:RSEQC_JUNCTIONSATURATION,TREATMENT_rhINFa2b_100000_REP3,NFCORE_RNASEQ:RNASEQ:BAM_RSEQC:RSEQC_JUNCTIONSATURATION (TREATMENT_rhINFa2b_100000_REP3),COMPLETED,0,-,quay.io/biocontainers/rseqc:3.0.1--py37h516909a_1,6,28800000,-,38654705664,1,1715238388082,1715242782000,1715242893000,4504918,110000,-,109.2,0.4,1194508288,2560778240,1194508288,2560782336,2264362404,18451,72521,35,0,32768,9,1840,/input/data/work/1b/a2e6a2fa119ac38f62ed428988b3c4,true,-
565,2256508062,hu-worker-c27,60/69b19a,nf-6069b19a52112ebed23c24207dca8021,NFCORE_RNASEQ:RNASEQ:BAM_RSEQC:RSEQC_READDISTRIBUTION,TREATMENT_mIFNa11_1000_REP1,NFCORE_RNASEQ:RNASEQ:BAM_RSEQC:RSEQC_READDISTRIBUTION (TREATMENT_mIFNa11_1000_REP1),COMPLETED,0,-,quay.io/biocontainers/rseqc:3.0.1--py37h516909a_1,6,28800000,-,38654705664,1,1715238388497,1715242729000,1715242896000,4507503,166000,-,103.5,0.4,1018478592,2389159936,1144803328,2509225984,2496288835,2968,100588,19,3477504,16384,408,10064,/input/data/work/60/69b19a52112ebed23c24207dca8021,true,-
571,2245169285,hu-worker-c25,c2/2b6742,nf-c22b6742f1ba21d2230e46af170d5c33,NFCORE_RNASEQ:RNASEQ:BAM_RSEQC:RSEQC_BAMSTAT,TREATMENT_rhIFNb_1000_REP2,NFCORE_RNASEQ:RNASEQ:BAM_RSEQC:RSEQC_BAMSTAT (TREATMENT_rhIFNb_1000_REP2),COMPLETED,0,-,quay.io/biocontainers/rseqc:3.0.1--py37h516909a_1,6,28800000,-,38654705664,1,1715238393666,1715242797000,1715242889000,4495334,91000,-,106.8,0.0,38252544,1396289536,38252544,1396293632,2253698550,2585,69641,19,0,16384,6,377,/input/data/work/c2/2b6742f1ba21d2230e46af170d5c33,true,-
588,2174726669,hu-worker-c27,5a/fe9058,nf-5afe9058e4fea8b2ba670b5195a8ceef,NFCORE_RNASEQ:RNASEQ:BAM_RSEQC:RSEQC_INFEREXPERIMENT,TREATMENT_mIFNa11_10000_REP1,NFCORE_RNASEQ:RNASEQ:BAM_RSEQC:RSEQC_INFEREXPERIMENT (TREATMENT_mIFNa11_10000_REP1),COMPLETED,0,-,quay.io/biocontainers/rseqc:3.0.1--py37h516909a_1,6,28800000,-,38654705664,1,1715238525708,1715242898000,1715242901000,4375292,2000,-,413.9,0.0,62480384,1420783616,62480384,1424986112,52969703,2029,4830,19,16384,16384,54,2646,/input/data/work/5a/fe9058e4fea8b2ba670b5195a8ceef,true,-
563,2230816281,hu-worker-c35,21/616058,nf-21616058d7c19257896dc1c1a4cc0a4e,NFCORE_RNASEQ:RNASEQ:BAM_RSEQC:RSEQC_BAMSTAT,TREATMENT_mIFNa11_1000_REP1,NFCORE_RNASEQ:RNASEQ:BAM_RSEQC:RSEQC_BAMSTAT (TREATMENT_mIFNa11_1000_REP1),COMPLETED,0,-,quay.io/biocontainers/rseqc:3.0.1--py37h516909a_1,6,28800000,-,38654705664,1,1715238388446,1715242843000,1715242932000,4543554,88000,-,107.6,0.0,38137856,1396289536,38137856,1396293632,2239344914,2582,69202,19,0,16384,9,306,/input/data/work/21/616058d7c19257896dc1c1a4cc0a4e,true,-
553,2249874114,hu-worker-c24,19/52d065,nf-1952d065538e8846cc0306ded7329256,NFCORE_RNASEQ:RNASEQ:BAM_RSEQC:RSEQC_READDISTRIBUTION,TREATMENT_rhINFa2b_100000_REP3,NFCORE_RNASEQ:RNASEQ:BAM_RSEQC:RSEQC_READDISTRIBUTION (TREATMENT_rhINFa2b_100000_REP3),COMPLETED,0,-,quay.io/biocontainers/rseqc:3.0.1--py37h516909a_1,6,28800000,-,38654705664,1,1715238388111,1715242783000,1715242948000,4559889,164000,-,103.6,0.4,1081802752,2445258752,1145913344,2509225984,2489654570,2967,100387,19,12288,16384,65,99043,/input/data/work/19/52d065538e8846cc0306ded7329256,true,-
576,2253863916,hu-worker-c41,42/0b4d24,nf-420b4d24374ba8dfeac12858e4f1c1fe,NFCORE_RNASEQ:RNASEQ:BAM_RSEQC:RSEQC_READDUPLICATION,TREATMENT_rhIFNb_100_REP3,NFCORE_RNASEQ:RNASEQ:BAM_RSEQC:RSEQC_READDUPLICATION (TREATMENT_rhIFNb_100_REP3),COMPLETED,0,-,quay.io/biocontainers/rseqc:3.0.1--py37h516909a_1,6,28800000,-,38654705664,1,1715238399478,1715242773000,1715242959000,4559522,185000,-,105.1,3.2,8521236480,9879367680,8717656064,10100523008,2268415549,101035,70285,55,4194304,126976,62,90515,/input/data/work/42/0b4d24374ba8dfeac12858e4f1c1fe,true,-
591,2174726669,hu-worker-c41,52/49ffcf,nf-5249ffcf99970eee9ae52fdbe2b11b13,NFCORE_RNASEQ:RNASEQ:BAM_RSEQC:RSEQC_INNERDISTANCE,TREATMENT_mIFNa11_10000_REP1,NFCORE_RNASEQ:RNASEQ:BAM_RSEQC:RSEQC_INNERDISTANCE (TREATMENT_mIFNa11_10000_REP1),COMPLETED,0,-,quay.io/biocontainers/rseqc:3.0.1--py37h516909a_1,6,28800000,-,38654705664,1,1715238525680,1715242895000,1715242955000,4429320,57000,-,117.5,0.3,916439040,2316189696,929316864,2329038848,241669842,54755498,13145,6713,0,54796288,12,1910,/input/data/work/52/49ffcf99970eee9ae52fdbe2b11b13,true,-
600,2170854895,hu-worker-c34,e7/11a0fb,nf-e711a0fb94cbb366e1c76dc7c5dc0f06,NFCORE_RNASEQ:RNASEQ:BAM_RSEQC:RSEQC_INFEREXPERIMENT,TREATMENT_rhIFNb_1000_REP3,NFCORE_RNASEQ:RNASEQ:BAM_RSEQC:RSEQC_INFEREXPERIMENT (TREATMENT_rhIFNb_1000_REP3),COMPLETED,0,-,quay.io/biocontainers/rseqc:3.0.1--py37h516909a_1,6,28800000,-,38654705664,1,1715238556590,1715242955000,1715242958000,4401410,2000,-,435.4,0.0,63983616,1420783616,63983616,1424986112,52903536,2028,4828,19,0,16384,13,16,/input/data/work/e7/11a0fb94cbb366e1c76dc7c5dc0f06,true,-
850,2651586928,hu-worker-c35,ad/c4bbca,nf-adc4bbca051dfcd8b0421b82389cf202,NFCORE_RNASEQ:RNASEQ:QUALIMAP_RNASEQ,TREATMENT_rhIFNb_100000_REP2,NFCORE_RNASEQ:RNASEQ:QUALIMAP_RNASEQ (TREATMENT_rhIFNb_100000_REP2),COMPLETED,0,-,quay.io/biocontainers/qualimap:2.2.2d--1,6,28800000,-,38654705664,1,1715239698875,1715242065000,1715242962000,3263125,895000,-,109.5,2.9,7707467776,38673883136,7707467776,38740996096,15456445843,12782999937,509244,2345069,0,12785123328,13,1,/input/data/work/ad/c4bbca051dfcd8b0421b82389cf202,true,-
864,2192651713,hu-worker-c34,3f/e24bbf,nf-3fe24bbfe3931510ad0599fd080049fb,NFCORE_RNASEQ:RNASEQ:STRINGTIE_STRINGTIE,TREATMENT_mIFNa11_100000_REP2,NFCORE_RNASEQ:RNASEQ:STRINGTIE_STRINGTIE (TREATMENT_mIFNa11_100000_REP2),COMPLETED,0,-,quay.io/biocontainers/stringtie:2.2.1--hecb563c_2,6,28800000,-,38654705664,1,1715239727693,1715242881000,1715242952000,3224307,71000,-,244.6,0.3,791605248,1011572736,913612800,1081991168,2398323420,606196913,201157,182660,0,604295168,43100,178,/input/data/work/3f/e24bbfe3931510ad0599fd080049fb,true,-
555,2224182333,hu-worker-c25,ee/62fd43,nf-ee62fd437867d34fbcd971c466f59d10,NFCORE_RNASEQ:RNASEQ:BAM_RSEQC:RSEQC_BAMSTAT,TREATMENT_rhINFa2b_100000_REP3,NFCORE_RNASEQ:RNASEQ:BAM_RSEQC:RSEQC_BAMSTAT (TREATMENT_rhINFa2b_100000_REP3),COMPLETED,0,-,quay.io/biocontainers/rseqc:3.0.1--py37h516909a_1,6,28800000,-,38654705664,1,1715238388294,1715242870000,1715242967000,4578706,96000,-,106.8,0.0,37986304,1396289536,37986304,1396293632,2232711608,2586,69001,19,4980736,16384,11,1242,/input/data/work/ee/62fd437867d34fbcd971c466f59d10,true,-
841,2720225522,hu-worker-c24,1b/d02426,nf-1bd024266815c2025c56fc2ef024ba4c,NFCORE_RNASEQ:RNASEQ:QUALIMAP_RNASEQ,CONTROL_REP2,NFCORE_RNASEQ:RNASEQ:QUALIMAP_RNASEQ (CONTROL_REP2),COMPLETED,0,-,quay.io/biocontainers/qualimap:2.2.2d--1,6,28800000,-,38654705664,1,1715239653755,1715242018000,1715242971000,3317245,952000,-,106.7,3.2,8697872384,38060429312,8719548416,38127542272,15618669647,12876587268,509614,2344180,175079424,12878807040,12,3,/input/data/work/1b/d024266815c2025c56fc2ef024ba4c,true,-
567,2245169285,hu-worker-c28,ea/c0c2d6,nf-eac0c2d66747561f0071a283a075e5f6,NFCORE_RNASEQ:RNASEQ:BAM_RSEQC:RSEQC_READDUPLICATION,TREATMENT_rhIFNb_1000_REP2,NFCORE_RNASEQ:RNASEQ:BAM_RSEQC:RSEQC_READDUPLICATION (TREATMENT_rhIFNb_1000_REP2),COMPLETED,0,-,quay.io/biocontainers/rseqc:3.0.1--py37h516909a_1,6,28800000,-,38654705664,1,1715238393722,1715242819000,1715242990000,4596278,170000,-,106.0,3.1,8456257536,9968074752,8609808384,9984856064,2259720821,97693,70022,53,4096,118784,8,681,/input/data/work/ea/c0c2d66747561f0071a283a075e5f6,true,-
592,2174726669,hu-worker-c27,47/f69344,nf-47f693441c7eecb8fd173bfd0dea2d70,NFCORE_RNASEQ:RNASEQ:BAM_RSEQC:RSEQC_JUNCTIONANNOTATION,TREATMENT_mIFNa11_10000_REP1,NFCORE_RNASEQ:RNASEQ:BAM_RSEQC:RSEQC_JUNCTIONANNOTATION (TREATMENT_mIFNa11_10000_REP1),COMPLETED,0,-,quay.io/biocontainers/rseqc:3.0.1--py37h516909a_1,6,28800000,-,38654705664,1,1715238525734,1715242904000,1715242991000,4465266,86000,-,111.6,0.0,126853120,1485197312,129781760,1488351232,2204103357,59271555,72040,7229,1683456,59305984,16,1725,/input/data/work/47/f693441c7eecb8fd173bfd0dea2d70,true,-
562,2230816281,hu-worker-c28,de/ca6cc3,nf-deca6cc34d6822c6c925068dceeaafe7,NFCORE_RNASEQ:RNASEQ:BAM_RSEQC:RSEQC_READDUPLICATION,TREATMENT_mIFNa11_1000_REP1,NFCORE_RNASEQ:RNASEQ:BAM_RSEQC:RSEQC_READDUPLICATION (TREATMENT_mIFNa11_1000_REP1),COMPLETED,0,-,quay.io/biocontainers/rseqc:3.0.1--py37h516909a_1,6,28800000,-,38654705664,1,1715238388471,1715242845000,1715243014000,4625529,168000,-,106.1,3.1,8367091712,9726009344,8635842560,9994715136,2245368477,101056,69584,55,0,126976,7,798,/input/data/work/de/ca6cc34d6822c6c925068dceeaafe7,true,-
599,2170854895,hu-worker-c34,e1/75111c,nf-e175111c62abc87980814503f59b2bc3,NFCORE_RNASEQ:RNASEQ:BAM_RSEQC:RSEQC_INNERDISTANCE,TREATMENT_rhIFNb_1000_REP3,NFCORE_RNASEQ:RNASEQ:BAM_RSEQC:RSEQC_INNERDISTANCE (TREATMENT_rhIFNb_1000_REP3),COMPLETED,0,-,quay.io/biocontainers/rseqc:3.0.1--py37h516909a_1,6,28800000,-,38654705664,1,1715238556657,1715242961000,1715243015000,4458343,53000,-,119.0,0.3,912797696,2312523776,929370112,2329042944,239097274,54174435,13066,6642,0,54214656,18,182,/input/data/work/e1/75111c62abc87980814503f59b2bc3,true,-
554,2224182333,hu-worker-c42,3d/bb6404,nf-3dbb64049dd1dd1fb0d3a495696e993c,NFCORE_RNASEQ:RNASEQ:BAM_RSEQC:RSEQC_READDUPLICATION,TREATMENT_rhINFa2b_100000_REP3,NFCORE_RNASEQ:RNASEQ:BAM_RSEQC:RSEQC_READDUPLICATION (TREATMENT_rhINFa2b_100000_REP3),COMPLETED,0,-,quay.io/biocontainers/rseqc:3.0.1--py37h516909a_1,6,28800000,-,38654705664,1,1715238388228,1715242854000,1715243018000,4629772,163000,-,106.3,3.1,8292093952,9649725440,8626085888,9983967232,2238732360,97155,69382,53,0,118784,11,577,/input/data/work/3d/bb64049dd1dd1fb0d3a495696e993c,true,-
618,2139452567,hu-worker-c34,3d/221aa8,nf-3d221aa8f5637586ab44eeab8e5fcc8c,NFCORE_RNASEQ:RNASEQ:BAM_RSEQC:RSEQC_INFEREXPERIMENT,TREATMENT_rhIFNa2b_1000_REP3,NFCORE_RNASEQ:RNASEQ:BAM_RSEQC:RSEQC_INFEREXPERIMENT (TREATMENT_rhIFNa2b_1000_REP3),COMPLETED,0,-,quay.io/biocontainers/rseqc:3.0.1--py37h516909a_1,6,28800000,-,38654705664,1,1715238589378,1715243018000,1715243021000,4431622,2000,-,430.6,0.0,63913984,1420677120,63913984,1424879616,52280948,2028,4809,19,0,16384,6,11,/input/data/work/3d/221aa8f5637586ab44eeab8e5fcc8c,true,-
847,2561443507,hu-worker-c34,44/ab1076,nf-44ab10761f8444491a17362dfdbbb6a3,NFCORE_RNASEQ:RNASEQ:QUALIMAP_RNASEQ,TREATMENT_mIFNa11_100_REP3,NFCORE_RNASEQ:RNASEQ:QUALIMAP_RNASEQ (TREATMENT_mIFNa11_100_REP3),COMPLETED,0,-,quay.io/biocontainers/qualimap:2.2.2d--1,6,28800000,-,38654705664,1,1715239679872,1715242178000,1715243032000,3352128,853000,-,107.6,3.0,7971434496,37855944704,8033488896,37923057664,14530236005,11946940887,483217,2188001,0,11949408256,13,2,/input/data/work/44/ab10761f8444491a17362dfdbbb6a3,true,-
587,2174726669,hu-worker-c35,7d/5a2604,nf-7d5a2604e9b0f863dfcfd95bff872ad2,NFCORE_RNASEQ:RNASEQ:BAM_RSEQC:RSEQC_JUNCTIONSATURATION,TREATMENT_mIFNa11_10000_REP1,NFCORE_RNASEQ:RNASEQ:BAM_RSEQC:RSEQC_JUNCTIONSATURATION (TREATMENT_mIFNa11_10000_REP1),COMPLETED,0,-,quay.io/biocontainers/rseqc:3.0.1--py37h516909a_1,6,28800000,-,38654705664,1,1715238525781,1715242935000,1715243037000,4511219,101000,-,109.4,0.4,1186508800,2552651776,1197330432,2563407872,2189214799,18441,70221,35,8192,32768,12,1195,/input/data/work/7d/5a2604e9b0f863dfcfd95bff872ad2,true,-
604,2170854895,hu-worker-c41,32/efdf10,nf-32efdf105abc8aac7348f8363347c409,NFCORE_RNASEQ:RNASEQ:BAM_RSEQC:RSEQC_JUNCTIONANNOTATION,TREATMENT_rhIFNb_1000_REP3,NFCORE_RNASEQ:RNASEQ:BAM_RSEQC:RSEQC_JUNCTIONANNOTATION (TREATMENT_rhIFNb_1000_REP3),COMPLETED,0,-,quay.io/biocontainers/rseqc:3.0.1--py37h516909a_1,6,28800000,-,38654705664,1,1715238556746,1715242961000,1715243050000,4493254,88000,-,111.2,0.0,128299008,1485463552,130965504,1488355328,2200099970,58756381,71907,7166,0,58789888,14,544,/input/data/work/32/efdf105abc8aac7348f8363347c409,true,-
589,2149034888,hu-worker-c24,48/2f6841,nf-482f68412899e151f2a4ff1e4aebf3f7,NFCORE_RNASEQ:RNASEQ:BAM_RSEQC:RSEQC_BAMSTAT,TREATMENT_mIFNa11_10000_REP1,NFCORE_RNASEQ:RNASEQ:BAM_RSEQC:RSEQC_BAMSTAT (TREATMENT_mIFNa11_10000_REP1),COMPLETED,0,-,quay.io/biocontainers/rseqc:3.0.1--py37h516909a_1,6,28800000,-,38654705664,1,1715238525845,1715242974000,1715243062000,4536155,87000,-,107.3,0.0,38068224,1396293632,38068224,1396297728,2157563819,2579,66701,19,4096,16384,8,1009,/input/data/work/48/2f68412899e151f2a4ff1e4aebf3f7,true,-
605,2170854895,hu-worker-c35,70/47ed85,nf-7047ed85e743836d74e6e601eeed1f45,NFCORE_RNASEQ:RNASEQ:BAM_RSEQC:RSEQC_JUNCTIONSATURATION,TREATMENT_rhIFNb_1000_REP3,NFCORE_RNASEQ:RNASEQ:BAM_RSEQC:RSEQC_JUNCTIONSATURATION (TREATMENT_rhIFNb_1000_REP3),COMPLETED,0,-,quay.io/biocontainers/rseqc:3.0.1--py37h516909a_1,6,28800000,-,38654705664,1,1715238556773,1715242965000,1715243068000,4511227,102000,-,109.4,0.4,1176965120,2543738880,1187622912,2554494976,2185343014,18425,70104,35,0,32768,10,470,/input/data/work/70/47ed85e743836d74e6e601eeed1f45,true,-
627,2110703076,hu-worker-c24,7c/76302e,nf-7c76302e6cf2ac12dc3d60a4e1e6a4a0,NFCORE_RNASEQ:RNASEQ:BAM_RSEQC:RSEQC_INFEREXPERIMENT,TREATMENT_rhINFa2b_10000_REP1,NFCORE_RNASEQ:RNASEQ:BAM_RSEQC:RSEQC_INFEREXPERIMENT (TREATMENT_rhINFa2b_10000_REP1),COMPLETED,0,-,quay.io/biocontainers/rseqc:3.0.1--py37h516909a_1,6,28800000,-,38654705664,1,1715238644018,1715243064000,1715243067000,4422982,2000,-,427.9,0.0,63324160,1420677120,63324160,1424879616,52740005,2025,4823,19,0,16384,4,16,/input/data/work/7c/76302e6cf2ac12dc3d60a4e1e6a4a0,true,-
860,2500505324,hu-worker-c42,1b/4b1bcf,nf-1b4b1bcfaf1a793df90f93a076b49de9,NFCORE_RNASEQ:RNASEQ:QUALIMAP_RNASEQ,TREATMENT_mIFNa11_100000_REP3,NFCORE_RNASEQ:RNASEQ:QUALIMAP_RNASEQ (TREATMENT_mIFNa11_100000_REP3),COMPLETED,0,-,quay.io/biocontainers/qualimap:2.2.2d--1,6,28800000,-,38654705664,1,1715239722133,1715242271000,1715243066000,3343867,794000,-,111.0,3.4,9126981632,38810206208,9136852992,38810210304,14151771998,11629407476,474288,2135514,95739904,11631853568,13,2,/input/data/work/1b/4b1bcfaf1a793df90f93a076b49de9,true,-
616,2139452567,hu-worker-c34,bb/fba58e,nf-bbfba58effa11dc94005102b10719b9e,NFCORE_RNASEQ:RNASEQ:BAM_RSEQC:RSEQC_INNERDISTANCE,TREATMENT_rhIFNa2b_1000_REP3,NFCORE_RNASEQ:RNASEQ:BAM_RSEQC:RSEQC_INNERDISTANCE (TREATMENT_rhIFNa2b_1000_REP3),COMPLETED,0,-,quay.io/biocontainers/rseqc:3.0.1--py37h516909a_1,6,28800000,-,38654705664,1,1715238589439,1715243024000,1715243078000,4488561,53000,-,118.6,0.3,914915328,2314362880,929652736,2329047040,237508460,53291732,13018,6535,0,53342208,17,146,/input/data/work/bb/fba58effa11dc94005102b10719b9e,true,-
601,2145163114,hu-worker-c28,4d/82863e,nf-4d82863e7042ae026ab31c89e673f66c,NFCORE_RNASEQ:RNASEQ:BAM_RSEQC:RSEQC_BAMSTAT,TREATMENT_rhIFNb_1000_REP3,NFCORE_RNASEQ:RNASEQ:BAM_RSEQC:RSEQC_BAMSTAT (TREATMENT_rhIFNb_1000_REP3),COMPLETED,0,-,quay.io/biocontainers/rseqc:3.0.1--py37h516909a_1,6,28800000,-,38654705664,1,1715238556685,1715242993000,1715243085000,4528315,91000,-,107.0,0.0,37675008,1396289536,37675008,1396293632,2153692377,2582,66584,19,0,16384,11,1102,/input/data/work/4d/82863e7042ae026ab31c89e673f66c,true,-
614,2139452567,hu-worker-c42,e6/d22d51,nf-e6d22d51a9bf988db986938a749c2acd,NFCORE_RNASEQ:RNASEQ:BAM_RSEQC:RSEQC_JUNCTIONANNOTATION,TREATMENT_rhIFNa2b_1000_REP3,NFCORE_RNASEQ:RNASEQ:BAM_RSEQC:RSEQC_JUNCTIONANNOTATION (TREATMENT_rhIFNa2b_1000_REP3),COMPLETED,0,-,quay.io/biocontainers/rseqc:3.0.1--py37h516909a_1,6,28800000,-,38654705664,1,1715238589413,1715243021000,1715243106000,4516587,84000,-,112.0,0.0,127602688,2405433344,182784000,2920448000,2168583538,58330841,70936,7114,0,58363904,57,983,/input/data/work/e6/d22d51a9bf988db986938a749c2acd,true,-
590,2174726669,hu-worker-c24,bd/15bc80,nf-bd15bc80a072d14dbd7f54e7fc457507,NFCORE_RNASEQ:RNASEQ:BAM_RSEQC:RSEQC_READDISTRIBUTION,TREATMENT_mIFNa11_10000_REP1,NFCORE_RNASEQ:RNASEQ:BAM_RSEQC:RSEQC_READDISTRIBUTION (TREATMENT_mIFNa11_10000_REP1),COMPLETED,0,-,quay.io/biocontainers/rseqc:3.0.1--py37h516909a_1,6,28800000,-,38654705664,1,1715238525810,1715242951000,1715243106000,4580190,154000,-,103.9,0.4,1067704320,2431365120,1145860096,2509225984,2414507120,2965,98087,19,0,16384,10,799,/input/data/work/bd/15bc80a072d14dbd7f54e7fc457507,true,-
602,2170854895,hu-worker-c41,85/a25c28,nf-85a25c28d8e397e60e1b259dd38b1c8e,NFCORE_RNASEQ:RNASEQ:BAM_RSEQC:RSEQC_READDISTRIBUTION,TREATMENT_rhIFNb_1000_REP3,NFCORE_RNASEQ:RNASEQ:BAM_RSEQC:RSEQC_READDISTRIBUTION (TREATMENT_rhIFNb_1000_REP3),COMPLETED,0,-,quay.io/biocontainers/rseqc:3.0.1--py37h516909a_1,6,28800000,-,38654705664,1,1715238556621,1715242957000,1715243121000,4564379,163000,-,104.0,0.4,1011191808,2374479872,1146068992,2509225984,2410635191,2970,97970,19,12288,16384,12,1114,/input/data/work/85/a25c28d8e397e60e1b259dd38b1c8e,true,-
617,2113760786,hu-worker-c35,d5/4c9a81,nf-d54c9a819089b899f2c6aef3d144cc3d,NFCORE_RNASEQ:RNASEQ:BAM_RSEQC:RSEQC_BAMSTAT,TREATMENT_rhIFNa2b_1000_REP3,NFCORE_RNASEQ:RNASEQ:BAM_RSEQC:RSEQC_BAMSTAT (TREATMENT_rhIFNa2b_1000_REP3),COMPLETED,0,-,quay.io/biocontainers/rseqc:3.0.1--py37h516909a_1,6,28800000,-,38654705664,1,1715238589317,1715243040000,1715243126000,4536683,85000,-,107.4,0.0,37974016,1396289536,37974016,1396293632,2122289422,2582,65627,19,0,16384,11,745,/input/data/work/d5/4c9a819089b899f2c6aef3d144cc3d,true,-
648,2038765620,hu-worker-c35,f4/6071c2,nf-f46071c232790297da934bc3961bbf21,NFCORE_RNASEQ:RNASEQ:BAM_RSEQC:RSEQC_INFEREXPERIMENT,TREATMENT_mIFNa11_100_REP2,NFCORE_RNASEQ:RNASEQ:BAM_RSEQC:RSEQC_INFEREXPERIMENT (TREATMENT_mIFNa11_100_REP2),COMPLETED,0,-,quay.io/biocontainers/rseqc:3.0.1--py37h516909a_1,6,28800000,-,38654705664,1,1715238781611,1715243128000,1715243132000,4350389,2000,-,417.4,0.0,63205376,1423536128,63205376,1424879616,52346488,2028,4811,19,8192,16384,15,18,/input/data/work/f4/6071c232790297da934bc3961bbf21,true,-
586,2149034888,hu-worker-c25,83/7805ea,nf-837805eaa90fc4e8fe3f04426c3558ef,NFCORE_RNASEQ:RNASEQ:BAM_RSEQC:RSEQC_READDUPLICATION,TREATMENT_mIFNa11_10000_REP1,NFCORE_RNASEQ:RNASEQ:BAM_RSEQC:RSEQC_READDUPLICATION (TREATMENT_mIFNa11_10000_REP1),COMPLETED,0,-,quay.io/biocontainers/rseqc:3.0.1--py37h516909a_1,6,28800000,-,38654705664,1,1715238525760,1715242970000,1715243137000,4611240,166000,-,105.8,3.1,8294125568,9666928640,8621346816,9979248640,2163584275,96232,67082,53,2027520,118784,413,16738,/input/data/work/83/7805eaa90fc4e8fe3f04426c3558ef,true,-
613,2139452567,hu-worker-c34,3c/daeaa6,nf-3cdaeaa620c29e3975129ecf4f9f696e,NFCORE_RNASEQ:RNASEQ:BAM_RSEQC:RSEQC_JUNCTIONSATURATION,TREATMENT_rhIFNa2b_1000_REP3,NFCORE_RNASEQ:RNASEQ:BAM_RSEQC:RSEQC_JUNCTIONSATURATION (TREATMENT_rhIFNa2b_1000_REP3),COMPLETED,0,-,quay.io/biocontainers/rseqc:3.0.1--py37h516909a_1,6,28800000,-,38654705664,1,1715238589491,1715243034000,1715243135000,4545509,100000,-,109.7,0.4,1207668736,2572316672,1207668736,2572320768,2153940689,18433,69147,35,0,32768,13,356,/input/data/work/3c/daeaa620c29e3975129ecf4f9f696e,true,-
626,2110703076,hu-worker-c34,4b/0dd5b9,nf-4b0dd5b9f7ef02506d8a028244b9f1e1,NFCORE_RNASEQ:RNASEQ:BAM_RSEQC:RSEQC_INNERDISTANCE,TREATMENT_rhINFa2b_10000_REP1,NFCORE_RNASEQ:RNASEQ:BAM_RSEQC:RSEQC_INNERDISTANCE (TREATMENT_rhINFa2b_10000_REP1),COMPLETED,0,-,quay.io/biocontainers/rseqc:3.0.1--py37h516909a_1,6,28800000,-,38654705664,1,1715238644229,1715243080000,1715243135000,4490771,54000,-,118.0,0.3,911683584,2311479296,929300480,2329047040,239507006,54358482,13079,6664,0,54394880,18,159,/input/data/work/4b/0dd5b9f7ef02506d8a028244b9f1e1,true,-
652,2022453935,hu-worker-c25,5f/e8e242,nf-5fe8e24258a689fcfe69a8ca50d03410,NFCORE_RNASEQ:RNASEQ:BAM_RSEQC:RSEQC_INFEREXPERIMENT,TREATMENT_rhIFNb_100000_REP1,NFCORE_RNASEQ:RNASEQ:BAM_RSEQC:RSEQC_INFEREXPERIMENT (TREATMENT_rhIFNb_100000_REP1),COMPLETED,0,-,quay.io/biocontainers/rseqc:3.0.1--py37h516909a_1,6,28800000,-,38654705664,1,1715238789187,1715243139000,1715243142000,4352813,2000,-,421.4,0.0,63238144,1423798272,63238144,1424879616,52871413,2031,4827,19,8192,16384,17,38,/input/data/work/5f/e8e24258a689fcfe69a8ca50d03410,true,-
629,2110703076,hu-worker-c24,4c/100509,nf-4c10050903e5c80d39b6816994ac6be7,NFCORE_RNASEQ:RNASEQ:BAM_RSEQC:RSEQC_JUNCTIONANNOTATION,TREATMENT_rhINFa2b_10000_REP1,NFCORE_RNASEQ:RNASEQ:BAM_RSEQC:RSEQC_JUNCTIONANNOTATION (TREATMENT_rhINFa2b_10000_REP1),COMPLETED,0,-,quay.io/biocontainers/rseqc:3.0.1--py37h516909a_1,6,28800000,-,38654705664,1,1715238644162,1715243070000,1715243154000,4509838,83000,-,111.9,0.0,127107072,1484673024,130568192,1488351232,2139782696,58127545,70051,7090,0,58159104,18,269,/input/data/work/4c/10050903e5c80d39b6816994ac6be7,true,-
603,2145163114,hu-worker-c27,6d/d3c45f,nf-6dd3c45f121196ae07a5a757a0845707,NFCORE_RNASEQ:RNASEQ:BAM_RSEQC:RSEQC_READDUPLICATION,TREATMENT_rhIFNb_1000_REP3,NFCORE_RNASEQ:RNASEQ:BAM_RSEQC:RSEQC_READDUPLICATION (TREATMENT_rhIFNb_1000_REP3),COMPLETED,0,-,quay.io/biocontainers/rseqc:3.0.1--py37h516909a_1,6,28800000,-,38654705664,1,1715238556711,1715242994000,1715243160000,4603289,165000,-,106.2,3.0,8157085696,9515610112,8603086848,9961787392,2159713571,96885,66965,53,8192,118784,21,3191,/input/data/work/6d/d3c45f121196ae07a5a757a0845707,true,-
615,2139452567,hu-worker-c28,53/40c59b,nf-5340c59be7c0d9c51b5640701e27f967,NFCORE_RNASEQ:RNASEQ:BAM_RSEQC:RSEQC_READDISTRIBUTION,TREATMENT_rhIFNa2b_1000_REP3,NFCORE_RNASEQ:RNASEQ:BAM_RSEQC:RSEQC_READDISTRIBUTION (TREATMENT_rhIFNa2b_1000_REP3),COMPLETED,0,-,quay.io/biocontainers/rseqc:3.0.1--py37h516909a_1,6,28800000,-,38654705664,1,1715238589351,1715243017000,1715243173000,4583649,155000,-,104.0,0.4,1082912768,2447093760,1145401344,2509225984,2379233353,2968,97013,19,0,16384,12,832,/input/data/work/53/40c59be7c0d9c51b5640701e27f967,true,-
631,2110703076,hu-worker-c35,6c/65a849,nf-6c65a849554d204c0215f50f806b6831,NFCORE_RNASEQ:RNASEQ:BAM_RSEQC:RSEQC_JUNCTIONSATURATION,TREATMENT_rhINFa2b_10000_REP1,NFCORE_RNASEQ:RNASEQ:BAM_RSEQC:RSEQC_JUNCTIONSATURATION (TREATMENT_rhINFa2b_10000_REP1),COMPLETED,0,-,quay.io/biocontainers/rseqc:3.0.1--py37h516909a_1,6,28800000,-,38654705664,1,1715238644120,1715243070000,1715243170000,4525880,99000,-,109.4,0.4,1148190720,2506203136,1148190720,2506207232,2125191211,18417,68268,35,0,32768,13,787,/input/data/work/6c/65a849554d204c0215f50f806b6831,true,-
647,2038765620,hu-worker-c41,3b/c371c4,nf-3bc371c4e8079fffdaeb757fa2d9b240,NFCORE_RNASEQ:RNASEQ:BAM_RSEQC:RSEQC_INNERDISTANCE,TREATMENT_mIFNa11_100_REP2,NFCORE_RNASEQ:RNASEQ:BAM_RSEQC:RSEQC_INNERDISTANCE (TREATMENT_mIFNa11_100_REP2),COMPLETED,0,-,quay.io/biocontainers/rseqc:3.0.1--py37h516909a_1,6,28800000,-,38654705664,1,1715238781571,1715243123000,1715243177000,4395429,53000,-,119.3,0.3,916275200,2316197888,929214464,2329047040,237115710,51743875,13006,6347,0,51785728,15,306,/input/data/work/3b/c371c4e8079fffdaeb757fa2d9b240,true,-
625,2085011295,hu-worker-c42,61/4e3b31,nf-614e3b31d8b9addb3073b06de31ca2bd,NFCORE_RNASEQ:RNASEQ:BAM_RSEQC:RSEQC_BAMSTAT,TREATMENT_rhINFa2b_10000_REP1,NFCORE_RNASEQ:RNASEQ:BAM_RSEQC:RSEQC_BAMSTAT (TREATMENT_rhINFa2b_10000_REP1),COMPLETED,0,-,quay.io/biocontainers/rseqc:3.0.1--py37h516909a_1,6,28800000,-,38654705664,1,1715238644196,1715243108000,1715243193000,4548804,84000,-,107.1,0.0,38653952,1396289536,38653952,1396293632,2093540015,2582,64748,19,0,16384,6,612,/input/data/work/61/4e3b31d8b9addb3073b06de31ca2bd,true,-
644,2038765620,hu-worker-c35,c0/3f1ca7,nf-c03f1ca7478cbd9e5ce94b6c658cd0f1,NFCORE_RNASEQ:RNASEQ:BAM_RSEQC:RSEQC_JUNCTIONANNOTATION,TREATMENT_mIFNa11_100_REP2,NFCORE_RNASEQ:RNASEQ:BAM_RSEQC:RSEQC_JUNCTIONANNOTATION (TREATMENT_mIFNa11_100_REP2),COMPLETED,0,-,quay.io/biocontainers/rseqc:3.0.1--py37h516909a_1,6,28800000,-,38654705664,1,1715238781743,1715243134000,1715243217000,4435257,82000,-,111.7,0.0,126947328,1484410880,130662400,1488351232,2067642927,57345031,67832,6994,0,57376768,8,985,/input/data/work/c0/3f1ca7478cbd9e5ce94b6c658cd0f1,true,-
656,2022453935,hu-worker-c24,39/a6e5d3,nf-39a6e5d392b62ed29014e8e748640d2a,NFCORE_RNASEQ:RNASEQ:BAM_RSEQC:RSEQC_INNERDISTANCE,TREATMENT_rhIFNb_100000_REP1,NFCORE_RNASEQ:RNASEQ:BAM_RSEQC:RSEQC_INNERDISTANCE (TREATMENT_rhIFNb_100000_REP1),COMPLETED,0,-,quay.io/biocontainers/rseqc:3.0.1--py37h516909a_1,6,28800000,-,38654705664,1,1715238789299,1715243157000,1715243213000,4423701,55000,-,118.1,0.3,925990912,2326155264,925990912,2326159360,238557521,55081210,13050,6752,0,55123968,10,235,/input/data/work/39/a6e5d392b62ed29014e8e748640d2a,true,-
612,2113760786,hu-worker-c41,f3/8ba06a,nf-f38ba06a45b37a863632256054bfa25c,NFCORE_RNASEQ:RNASEQ:BAM_RSEQC:RSEQC_READDUPLICATION,TREATMENT_rhIFNa2b_1000_REP3,NFCORE_RNASEQ:RNASEQ:BAM_RSEQC:RSEQC_READDUPLICATION (TREATMENT_rhIFNa2b_1000_REP3),COMPLETED,0,-,quay.io/biocontainers/rseqc:3.0.1--py37h516909a_1,6,28800000,-,38654705664,1,1715238589464,1715243053000,1715243219000,4629536,165000,-,106.1,3.0,8219738112,9593171968,8645115904,10003628032,2128313038,101624,66009,55,0,126976,102,1939,/input/data/work/f3/8ba06a45b37a863632256054bfa25c,true,-
630,2110703076,hu-worker-c42,ff/2292d1,nf-ff2292d1a3730041d2fc411e1e5baa34,NFCORE_RNASEQ:RNASEQ:BAM_RSEQC:RSEQC_READDISTRIBUTION,TREATMENT_rhINFa2b_10000_REP1,NFCORE_RNASEQ:RNASEQ:BAM_RSEQC:RSEQC_READDISTRIBUTION (TREATMENT_rhINFa2b_10000_REP1),COMPLETED,0,-,quay.io/biocontainers/rseqc:3.0.1--py37h516909a_1,6,28800000,-,38654705664,1,1715238644085,1715243069000,1715243221000,4576915,151000,-,103.9,0.4,1113677824,2476978176,1146179584,2509225984,2350483315,2969,96134,19,0,16384,9,522,/input/data/work/ff/2292d1a3730041d2fc411e1e5baa34,true,-
657,2022453935,hu-worker-c25,82/cc7b1a,nf-82cc7b1adb9ea31e5701dc7994d9d4c6,NFCORE_RNASEQ:RNASEQ:BAM_RSEQC:RSEQC_JUNCTIONANNOTATION,TREATMENT_rhIFNb_100000_REP1,NFCORE_RNASEQ:RNASEQ:BAM_RSEQC:RSEQC_JUNCTIONANNOTATION (TREATMENT_rhIFNb_100000_REP1),COMPLETED,0,-,quay.io/biocontainers/rseqc:3.0.1--py37h516909a_1,6,28800000,-,38654705664,1,1715238789267,1715243145000,1715243227000,4437733,81000,-,112.5,0.0,127385600,1484935168,130584576,1488089088,2051481665,57908613,67352,7063,4096,57942016,9,527,/input/data/work/82/cc7b1adb9ea31e5701dc7994d9d4c6,true,-
669,2007299233,hu-worker-c41,76/107e0d,nf-76107e0dc9938e56f461a03a329f84c3,NFCORE_RNASEQ:RNASEQ:BAM_RSEQC:RSEQC_INFEREXPERIMENT,TREATMENT_rhIFNb_1000_REP1,NFCORE_RNASEQ:RNASEQ:BAM_RSEQC:RSEQC_INFEREXPERIMENT (TREATMENT_rhIFNb_1000_REP1),COMPLETED,0,-,quay.io/biocontainers/rseqc:3.0.1--py37h516909a_1,6,28800000,-,38654705664,1,1715238822057,1715243221000,1715243225000,4402943,2000,-,425.2,0.0,63471616,1420677120,63471616,1424879616,52625419,2032,4820,19,0,16384,11,24,/input/data/work/76/107e0dc9938e56f461a03a329f84c3,true,-
646,2038765620,hu-worker-c34,7d/e17949,nf-7de17949e9c3ca9d86231c9c8fb8304c,NFCORE_RNASEQ:RNASEQ:BAM_RSEQC:RSEQC_JUNCTIONSATURATION,TREATMENT_mIFNa11_100_REP2,NFCORE_RNASEQ:RNASEQ:BAM_RSEQC:RSEQC_JUNCTIONSATURATION (TREATMENT_mIFNa11_100_REP2),COMPLETED,0,-,quay.io/biocontainers/rseqc:3.0.1--py37h516909a_1,6,28800000,-,38654705664,1,1715238781768,1715243137000,1715243236000,4454232,98000,-,109.7,0.4,1166323712,2535092224,1166323712,2535096320,2053253730,18434,66073,35,0,32768,12,780,/input/data/work/7d/e17949e9c3ca9d86231c9c8fb8304c,true,-
654,2022453935,hu-worker-c34,b1/e063e5,nf-b1e063e5745d583d2ff66cb96823fa69,NFCORE_RNASEQ:RNASEQ:BAM_RSEQC:RSEQC_JUNCTIONSATURATION,TREATMENT_rhIFNb_100000_REP1,NFCORE_RNASEQ:RNASEQ:BAM_RSEQC:RSEQC_JUNCTIONSATURATION (TREATMENT_rhIFNb_100000_REP1),COMPLETED,0,-,quay.io/biocontainers/rseqc:3.0.1--py37h516909a_1,6,28800000,-,38654705664,1,1715238789121,1715243138000,1715243233000,4443879,93000,-,109.9,0.4,1132797952,2492047360,1132797952,2492051456,2036942055,18437,65575,35,0,32768,7,375,/input/data/work/b1/e063e5745d583d2ff66cb96823fa69,true,-
628,2085011295,hu-worker-c28,73/628f8c,nf-73628f8c47d197f59f0ad86b9a70fae5,NFCORE_RNASEQ:RNASEQ:BAM_RSEQC:RSEQC_READDUPLICATION,TREATMENT_rhINFa2b_10000_REP1,NFCORE_RNASEQ:RNASEQ:BAM_RSEQC:RSEQC_READDUPLICATION (TREATMENT_rhINFa2b_10000_REP1),COMPLETED,0,-,quay.io/biocontainers/rseqc:3.0.1--py37h516909a_1,6,28800000,-,38654705664,1,1715238644051,1715243087000,1715243244000,4599949,156000,-,106.4,3.0,8175091712,9556692992,8645738496,10004938752,2099563789,98364,65129,53,0,118784,10,713,/input/data/work/73/628f8c47d197f59f0ad86b9a70fae5,true,-
667,2007299233,hu-worker-c42,8d/954881,nf-8d954881e74d861e2abe043867bf7ceb,NFCORE_RNASEQ:RNASEQ:BAM_RSEQC:RSEQC_INNERDISTANCE,TREATMENT_rhIFNb_1000_REP1,NFCORE_RNASEQ:RNASEQ:BAM_RSEQC:RSEQC_INNERDISTANCE (TREATMENT_rhIFNb_1000_REP1),COMPLETED,0,-,quay.io/biocontainers/rseqc:3.0.1--py37h516909a_1,6,28800000,-,38654705664,1,1715238821978,1715243196000,1715243250000,4428022,53000,-,119.1,0.3,914239488,2313572352,929738752,2329042944,237230787,53348809,13010,6542,0,53395456,18,219,/input/data/work/8d/954881e74d861e2abe043867bf7ceb,true,-
645,2038765620,hu-worker-c24,56/2ee440,nf-562ee440b68247a2289743eaa03ebaa3,NFCORE_RNASEQ:RNASEQ:BAM_RSEQC:RSEQC_READDISTRIBUTION,TREATMENT_mIFNa11_100_REP2,NFCORE_RNASEQ:RNASEQ:BAM_RSEQC:RSEQC_READDISTRIBUTION (TREATMENT_mIFNa11_100_REP2),COMPLETED,0,-,quay.io/biocontainers/rseqc:3.0.1--py37h516909a_1,6,28800000,-,38654705664,1,1715238781541,1715243109000,1715243260000,4478459,150000,-,104.3,0.4,1113210880,2476257280,1145692160,2508505088,2278546068,2963,93939,19,0,16384,8,778,/input/data/work/56/2ee440b68247a2289743eaa03ebaa3,true,-
650,2013073839,hu-worker-c35,60/3e92d0,nf-603e92d0783685822aebfe0d3009ce05,NFCORE_RNASEQ:RNASEQ:BAM_RSEQC:RSEQC_BAMSTAT,TREATMENT_mIFNa11_100_REP2,NFCORE_RNASEQ:RNASEQ:BAM_RSEQC:RSEQC_BAMSTAT (TREATMENT_mIFNa11_100_REP2),COMPLETED,0,-,quay.io/biocontainers/rseqc:3.0.1--py37h516909a_1,6,28800000,-,38654705664,1,1715238781642,1715243172000,1715243256000,4474358,83000,-,107.6,0.0,38301696,1396289536,38301696,1396293632,2021602471,2582,62553,19,0,16384,5,1325,/input/data/work/60/3e92d0783685822aebfe0d3009ce05,true,-
713,1974582085,hu-worker-c42,ce/d3db4c,nf-ced3db4cb72d6485f420764491683cea,NFCORE_RNASEQ:RNASEQ:BAM_RSEQC:RSEQC_INFEREXPERIMENT,TREATMENT_rhIFNa2b_1000_REP1,NFCORE_RNASEQ:RNASEQ:BAM_RSEQC:RSEQC_INFEREXPERIMENT (TREATMENT_rhIFNa2b_1000_REP1),COMPLETED,0,-,quay.io/biocontainers/rseqc:3.0.1--py37h516909a_1,6,28800000,-,38654705664,1,1715238875792,1715243253000,1715243256000,4380208,2000,-,440.5,0.0,63713280,1420677120,63713280,1424879616,52117196,2028,4804,19,0,16384,13,18,/input/data/work/ce/d3db4cb72d6485f420764491683cea,true,-
664,2007299233,hu-worker-c41,ee/df69f6,nf-eedf69f64f31e7a1f0cb1454e9138ccc,NFCORE_RNASEQ:RNASEQ:BAM_RSEQC:RSEQC_JUNCTIONANNOTATION,TREATMENT_rhIFNb_1000_REP1,NFCORE_RNASEQ:RNASEQ:BAM_RSEQC:RSEQC_JUNCTIONANNOTATION (TREATMENT_rhIFNb_1000_REP1),COMPLETED,0,-,quay.io/biocontainers/rseqc:3.0.1--py37h516909a_1,6,28800000,-,38654705664,1,1715238821915,1715243179000,1715243265000,4443085,84000,-,111.8,0.0,128180224,1485201408,130854912,1488093184,2036394225,58186090,66901,7097,0,58216448,15,916,/input/data/work/ee/df69f64f31e7a1f0cb1454e9138ccc,true,-
691,1967078893,hu-worker-c41,c2/1b78bd,nf-c21b78bd91a069909f8751c44c65262b,NFCORE_RNASEQ:RNASEQ:BAM_RSEQC:RSEQC_INFEREXPERIMENT,TREATMENT_mIFNa11_10000_REP2,NFCORE_RNASEQ:RNASEQ:BAM_RSEQC:RSEQC_INFEREXPERIMENT (TREATMENT_mIFNa11_10000_REP2),COMPLETED,0,-,quay.io/biocontainers/rseqc:3.0.1--py37h516909a_1,6,28800000,-,38654705664,1,1715238850516,1715243268000,1715243270000,4419484,1000,-,496.8,0.0,63258624,1420677120,63258624,1424879616,52887508,2032,4828,19,0,16384,16,17,/input/data/work/c2/1b78bd91a069909f8751c44c65262b,true,-
710,1974582085,hu-worker-c28,74/146c77,nf-74146c77d0896b1c6830b87fed519f83,NFCORE_RNASEQ:RNASEQ:BAM_RSEQC:RSEQC_INNERDISTANCE,TREATMENT_rhIFNa2b_1000_REP1,NFCORE_RNASEQ:RNASEQ:BAM_RSEQC:RSEQC_INNERDISTANCE (TREATMENT_rhIFNa2b_1000_REP1),COMPLETED,0,-,quay.io/biocontainers/rseqc:3.0.1--py37h516909a_1,6,28800000,-,38654705664,1,1715238875756,1715243246000,1715243299000,4423244,52000,-,119.5,0.3,917856256,2318553088,928423936,2329042944,235428080,52261413,12954,6410,0,52297728,13,245,/input/data/work/74/146c77d0896b1c6830b87fed519f83,true,-
653,1996762154,hu-worker-c41,ea/d3f256,nf-ead3f2569646d108031e7653e02c6668,NFCORE_RNASEQ:RNASEQ:BAM_RSEQC:RSEQC_BAMSTAT,TREATMENT_rhIFNb_100000_REP1,NFCORE_RNASEQ:RNASEQ:BAM_RSEQC:RSEQC_BAMSTAT (TREATMENT_rhIFNb_100000_REP1),COMPLETED,0,-,quay.io/biocontainers/rseqc:3.0.1--py37h516909a_1,6,28800000,-,38654705664,1,1715238789229,1715243227000,1715243317000,4527771,88000,-,107.5,0.0,38240256,1396391936,38240256,1396396032,2005290934,2586,62055,19,4194304,16384,6,876,/input/data/work/ea/d3f2569646d108031e7653e02c6668,true,-
651,2022453935,hu-worker-c27,ea/01fd36,nf-ea01fd361a47f1ca2ecb437bb0e1e943,NFCORE_RNASEQ:RNASEQ:BAM_RSEQC:RSEQC_READDISTRIBUTION,TREATMENT_rhIFNb_100000_REP1,NFCORE_RNASEQ:RNASEQ:BAM_RSEQC:RSEQC_READDISTRIBUTION (TREATMENT_rhIFNb_100000_REP1),COMPLETED,0,-,quay.io/biocontainers/rseqc:3.0.1--py37h516909a_1,6,28800000,-,38654705664,1,1715238789331,1715243162000,1715243314000,4524669,151000,-,104.3,0.4,1030791168,2395189248,1144938496,2509225984,2262234709,2969,93441,19,0,16384,24,2047,/input/data/work/ea/01fd361a47f1ca2ecb437bb0e1e943,true,-
670,1981607452,hu-worker-c34,64/9bc90f,nf-649bc90f6cb08d7a08d86f266d8a0478,NFCORE_RNASEQ:RNASEQ:BAM_RSEQC:RSEQC_BAMSTAT,TREATMENT_rhIFNb_1000_REP1,NFCORE_RNASEQ:RNASEQ:BAM_RSEQC:RSEQC_BAMSTAT (TREATMENT_rhIFNb_1000_REP1),COMPLETED,0,-,quay.io/biocontainers/rseqc:3.0.1--py37h516909a_1,6,28800000,-,38654705664,1,1715238822084,1715243235000,1715243315000,4492916,79000,-,107.6,0.0,38719488,1396293632,38719488,1396297728,1990136076,2582,61596,19,0,16384,38,978,/input/data/work/64/9bc90f6cb08d7a08d86f266d8a0478,true,-
689,1967078893,hu-worker-c24,cd/224ebc,nf-cd224ebcb4d6ae9cc721a1d6248e6433,NFCORE_RNASEQ:RNASEQ:BAM_RSEQC:RSEQC_INNERDISTANCE,TREATMENT_mIFNa11_10000_REP2,NFCORE_RNASEQ:RNASEQ:BAM_RSEQC:RSEQC_INNERDISTANCE (TREATMENT_mIFNa11_10000_REP2),COMPLETED,0,-,quay.io/biocontainers/rseqc:3.0.1--py37h516909a_1,6,28800000,-,38654705664,1,1715238850446,1715243263000,1715243318000,4467554,54000,-,118.5,0.3,910610432,2310950912,928759808,2329042944,242687955,53947504,13177,6614,0,53989376,18,400,/input/data/work/cd/224ebcb4d6ae9cc721a1d6248e6433,true,-
665,2007299233,hu-worker-c35,ad/5c8b3c,nf-ad5c8b3ce48f8903dbd3f1f3d9ceea06,NFCORE_RNASEQ:RNASEQ:BAM_RSEQC:RSEQC_JUNCTIONSATURATION,TREATMENT_rhIFNb_1000_REP1,NFCORE_RNASEQ:RNASEQ:BAM_RSEQC:RSEQC_JUNCTIONSATURATION (TREATMENT_rhIFNb_1000_REP1),COMPLETED,0,-,quay.io/biocontainers/rseqc:3.0.1--py37h516909a_1,6,28800000,-,38654705664,1,1715238822037,1715243220000,1715243321000,4498963,100000,-,108.5,0.4,1100201984,2461896704,1100201984,2461900800,2021787349,18411,65116,35,0,32768,71,118918,/input/data/work/ad/5c8b3ce48f8903dbd3f1f3d9ceea06,true,-
649,2013073839,hu-worker-c28,9b/d86c4e,nf-9bd86c4e3a2e82206476698f9e17a914,NFCORE_RNASEQ:RNASEQ:BAM_RSEQC:RSEQC_READDUPLICATION,TREATMENT_mIFNa11_100_REP2,NFCORE_RNASEQ:RNASEQ:BAM_RSEQC:RSEQC_READDUPLICATION (TREATMENT_mIFNa11_100_REP2),COMPLETED,0,-,quay.io/biocontainers/rseqc:3.0.1--py37h516909a_1,6,28800000,-,38654705664,1,1715238781672,1715243176000,1715243333000,4551328,156000,-,106.5,2.7,7407550464,8788480000,7407550464,8788484096,2027627208,98964,62934,53,0,118784,37,1258,/input/data/work/9b/d86c4e3a2e82206476698f9e17a914,true,-
711,1974582085,hu-worker-c34,66/45b6d2,nf-6645b6d2f548e35b0ae223effe702d19,NFCORE_RNASEQ:RNASEQ:BAM_RSEQC:RSEQC_JUNCTIONSATURATION,TREATMENT_rhIFNa2b_1000_REP1,NFCORE_RNASEQ:RNASEQ:BAM_RSEQC:RSEQC_JUNCTIONSATURATION (TREATMENT_rhIFNa2b_1000_REP1),COMPLETED,0,-,quay.io/biocontainers/rseqc:3.0.1--py37h516909a_1,6,28800000,-,38654705664,1,1715238875720,1715243239000,1715243336000,4460280,96000,-,109.8,0.4,1139814400,2498076672,1139814400,2498080768,1989070207,18431,64114,35,0,32768,6,509,/input/data/work/66/45b6d2f548e35b0ae223effe702d19,true,-
714,1974582085,hu-worker-c35,c8/d71676,nf-c8d716763df1ece762898c8586948c74,NFCORE_RNASEQ:RNASEQ:BAM_RSEQC:RSEQC_JUNCTIONANNOTATION,TREATMENT_rhIFNa2b_1000_REP1,NFCORE_RNASEQ:RNASEQ:BAM_RSEQC:RSEQC_JUNCTIONANNOTATION (TREATMENT_rhIFNa2b_1000_REP1),COMPLETED,0,-,quay.io/biocontainers/rseqc:3.0.1--py37h516909a_1,6,28800000,-,38654705664,1,1715238875859,1715243259000,1715243340000,4464141,80000,-,112.1,0.0,127291392,1484673024,130748416,1488089088,2003379804,57020780,65863,6956,0,57053184,14,1670,/input/data/work/c8/d716763df1ece762898c8586948c74,true,-
655,1996762154,hu-worker-c42,74/d06947,nf-74d06947a51413a010976479aada0c8e,NFCORE_RNASEQ:RNASEQ:BAM_RSEQC:RSEQC_READDUPLICATION,TREATMENT_rhIFNb_100000_REP1,NFCORE_RNASEQ:RNASEQ:BAM_RSEQC:RSEQC_READDUPLICATION (TREATMENT_rhIFNb_100000_REP1),COMPLETED,0,-,quay.io/biocontainers/rseqc:3.0.1--py37h516909a_1,6,28800000,-,38654705664,1,1715238789156,1715243224000,1715243369000,4579844,144000,-,106.8,2.6,7081758720,8548151296,7237435392,8616300544,2011310785,93101,62436,51,0,106496,14,468,/input/data/work/74/d06947a51413a010976479aada0c8e,true,-
666,2007299233,hu-worker-c24,77/1c190f,nf-771c190fc98feb6906d26ceb958d1b59,NFCORE_RNASEQ:RNASEQ:BAM_RSEQC:RSEQC_READDISTRIBUTION,TREATMENT_rhIFNb_1000_REP1,NFCORE_RNASEQ:RNASEQ:BAM_RSEQC:RSEQC_READDISTRIBUTION (TREATMENT_rhIFNb_1000_REP1),COMPLETED,0,-,quay.io/biocontainers/rseqc:3.0.1--py37h516909a_1,6,28800000,-,38654705664,1,1715238822005,1715243216000,1715243368000,4545995,151000,-,104.2,0.4,1082454016,2445586432,1145774080,2508505088,2247079681,2963,92982,19,0,16384,10,497,/input/data/work/77/1c190fc98feb6906d26ceb958d1b59,true,-
701,1944134478,hu-worker-c24,66/4dac08,nf-664dac088c4b72762d528eb1794b11a8,NFCORE_RNASEQ:RNASEQ:BAM_RSEQC:RSEQC_INFEREXPERIMENT,TREATMENT_rhINFa2b_100000_REP2,NFCORE_RNASEQ:RNASEQ:BAM_RSEQC:RSEQC_INFEREXPERIMENT (TREATMENT_rhINFa2b_100000_REP2),COMPLETED,0,-,quay.io/biocontainers/rseqc:3.0.1--py37h516909a_1,6,28800000,-,38654705664,1,1715238853860,1715243371000,1715243374000,4520140,2000,-,432.2,0.0,63209472,1420783616,63209472,1424986112,52838312,2025,4826,19,0,16384,7,9,/input/data/work/66/4dac088c4b72762d528eb1794b11a8,true,-
668,1981607452,hu-worker-c25,4b/a1ff93,nf-4ba1ff93cb4eadfbdfac0b100a1bd814,NFCORE_RNASEQ:RNASEQ:BAM_RSEQC:RSEQC_READDUPLICATION,TREATMENT_rhIFNb_1000_REP1,NFCORE_RNASEQ:RNASEQ:BAM_RSEQC:RSEQC_READDUPLICATION (TREATMENT_rhIFNb_1000_REP1),COMPLETED,0,-,quay.io/biocontainers/rseqc:3.0.1--py37h516909a_1,6,28800000,-,38654705664,1,1715238821950,1715243229000,1715243380000,4558050,150000,-,106.9,2.7,7182049280,8553947136,7241723904,8621035520,1996156120,92681,61977,51,0,106496,11,949,/input/data/work/4b/a1ff93cb4eadfbdfac0b100a1bd814,true,-
695,1967078893,hu-worker-c28,b2/d595a3,nf-b2d595a377382e09e2fa2d80720a5847,NFCORE_RNASEQ:RNASEQ:BAM_RSEQC:RSEQC_JUNCTIONANNOTATION,TREATMENT_mIFNa11_10000_REP2,NFCORE_RNASEQ:RNASEQ:BAM_RSEQC:RSEQC_JUNCTIONANNOTATION (TREATMENT_mIFNa11_10000_REP2),COMPLETED,0,-,quay.io/biocontainers/rseqc:3.0.1--py37h516909a_1,6,28800000,-,38654705664,1,1715238850583,1715243302000,1715243379000,4528417,76000,-,112.7,0.0,126623744,1484673024,130084864,1488089088,1996158691,58122733,65670,7089,8192,58155008,19,905,/input/data/work/b2/d595a377382e09e2fa2d80720a5847,true,-
827,1957320685,hu-worker-c34,76/220e52,nf-76220e5270d817cc45fff4f71c5d71c3,NFCORE_RNASEQ:RNASEQ:STRINGTIE_STRINGTIE,TREATMENT_rhIFNb_100000_REP3,NFCORE_RNASEQ:RNASEQ:STRINGTIE_STRINGTIE (TREATMENT_rhIFNb_100000_REP3),COMPLETED,0,-,quay.io/biocontainers/stringtie:2.2.1--hecb563c_2,6,28800000,-,38654705664,1,1715239611615,1715243318000,1715243384000,3772385,66000,-,239.3,0.3,800956416,1010655232,803106816,1032073216,2161894446,602539293,193706,183480,0,600547328,38929,824,/input/data/work/76/220e5270d817cc45fff4f71c5d71c3,true,-
700,1944134478,hu-worker-c35,0f/611b47,nf-0f611b47c09803de66917f476d03b4d3,NFCORE_RNASEQ:RNASEQ:BAM_RSEQC:RSEQC_INNERDISTANCE,TREATMENT_rhINFa2b_100000_REP2,NFCORE_RNASEQ:RNASEQ:BAM_RSEQC:RSEQC_INNERDISTANCE (TREATMENT_rhINFa2b_100000_REP2),COMPLETED,0,-,quay.io/biocontainers/rseqc:3.0.1--py37h516909a_1,6,28800000,-,38654705664,1,1715238853825,1715243343000,1715243398000,4544175,54000,-,118.6,0.3,910913536,2310430720,929591296,2329047040,239556029,54333106,13080,6661,217088,54374400,13,246,/input/data/work/0f/611b47c09803de66917f476d03b4d3,true,-
715,1948890304,hu-worker-c24,47/1f33ab,nf-471f33ab3234d4174b50ce912ada81af,NFCORE_RNASEQ:RNASEQ:BAM_RSEQC:RSEQC_BAMSTAT,TREATMENT_rhIFNa2b_1000_REP1,NFCORE_RNASEQ:RNASEQ:BAM_RSEQC:RSEQC_BAMSTAT (TREATMENT_rhIFNa2b_1000_REP1),COMPLETED,0,-,quay.io/biocontainers/rseqc:3.0.1--py37h516909a_1,6,28800000,-,38654705664,1,1715238875686,1715243320000,1715243404000,4528314,83000,-,107.6,0.0,38141952,1396293632,38141952,1396297728,1957419236,2579,60594,19,0,16384,14,1171,/input/data/work/47/1f33ab3234d4174b50ce912ada81af,true,-
709,1974582085,hu-worker-c42,c0/3ed846,nf-c03ed846f7ae2a169164c092b998edde,NFCORE_RNASEQ:RNASEQ:BAM_RSEQC:RSEQC_READDISTRIBUTION,TREATMENT_rhIFNa2b_1000_REP1,NFCORE_RNASEQ:RNASEQ:BAM_RSEQC:RSEQC_READDISTRIBUTION (TREATMENT_rhIFNa2b_1000_REP1),COMPLETED,0,-,quay.io/biocontainers/rseqc:3.0.1--py37h516909a_1,6,28800000,-,38654705664,1,1715238875915,1715243259000,1715243402000,4526085,142000,-,104.6,0.4,1145540608,2508435456,1146523648,2509225984,2214362323,2968,91980,19,0,16384,7,1049,/input/data/work/c0/3ed846f7ae2a169164c092b998edde,true,-
694,1967078893,hu-worker-c27,25/32773d,nf-2532773d1f4a5cfe005eab29c4f55874,NFCORE_RNASEQ:RNASEQ:BAM_RSEQC:RSEQC_JUNCTIONSATURATION,TREATMENT_mIFNa11_10000_REP2,NFCORE_RNASEQ:RNASEQ:BAM_RSEQC:RSEQC_JUNCTIONSATURATION (TREATMENT_mIFNa11_10000_REP2),COMPLETED,0,-,quay.io/biocontainers/rseqc:3.0.1--py37h516909a_1,6,28800000,-,38654705664,1,1715238850617,1715243316000,1715243411000,4560383,94000,-,110.8,0.4,1080512512,2446172160,1080512512,2446176256,1981567639,18424,63887,35,0,32768,20,775,/input/data/work/25/32773d1f4a5cfe005eab29c4f55874,true,-
722,1940632463,hu-worker-c42,6c/8e27d1,nf-6c8e27d141822988e38ded42631a99d0,NFCORE_RNASEQ:RNASEQ:BAM_RSEQC:RSEQC_INFEREXPERIMENT,TREATMENT_mIFNa11_100_REP1,NFCORE_RNASEQ:RNASEQ:BAM_RSEQC:RSEQC_INFEREXPERIMENT (TREATMENT_mIFNa11_100_REP1),COMPLETED,0,-,quay.io/biocontainers/rseqc:3.0.1--py37h516909a_1,6,28800000,-,38654705664,1,1715238896092,1715243404000,1715243407000,4510908,2000,-,434.8,0.0,63823872,1420783616,63823872,1424986112,52379338,2028,4812,19,0,16384,12,13,/input/data/work/6c/8e27d141822988e38ded42631a99d0,true,-
696,1944134478,hu-worker-c34,a6/f5eed9,nf-a6f5eed9bea8053aa37fd08a695575f8,NFCORE_RNASEQ:RNASEQ:BAM_RSEQC:RSEQC_JUNCTIONANNOTATION,TREATMENT_rhINFa2b_100000_REP2,NFCORE_RNASEQ:RNASEQ:BAM_RSEQC:RSEQC_JUNCTIONANNOTATION (TREATMENT_rhINFa2b_100000_REP2),COMPLETED,0,-,quay.io/biocontainers/rseqc:3.0.1--py37h516909a_1,6,28800000,-,38654705664,1,1715238853790,1715243338000,1715243422000,4568210,83000,-,111.2,0.0,127365120,1484410880,131088384,1488089088,1972985522,57230221,64941,6981,0,57262080,151,72007,/input/data/work/a6/f5eed9bea8053aa37fd08a695575f8,true,-
732,1932093181,hu-worker-c41,f1/6de889,nf-f16de889b07ef86089690d8ada5b77ec,NFCORE_RNASEQ:RNASEQ:BAM_RSEQC:RSEQC_INFEREXPERIMENT,TREATMENT_rhIFNb_100_REP2,NFCORE_RNASEQ:RNASEQ:BAM_RSEQC:RSEQC_INFEREXPERIMENT (TREATMENT_rhIFNb_100_REP2),COMPLETED,0,-,quay.io/biocontainers/rseqc:3.0.1--py37h516909a_1,6,28800000,-,38654705664,1,1715238896597,1715243430000,1715243433000,4536403,2000,-,412.8,0.0,63336448,1420783616,63336448,1424986112,52313862,2032,4810,19,16384,16384,19,2270,/input/data/work/f1/6de889b07ef86089690d8ada5b77ec,true,-
745,1923606626,hu-worker-c28,83/2db438,nf-832db43894cea3c26176f6c461d70f4b,NFCORE_RNASEQ:RNASEQ:BAM_RSEQC:RSEQC_INFEREXPERIMENT,TREATMENT_rhIFNb_10000_REP1,NFCORE_RNASEQ:RNASEQ:BAM_RSEQC:RSEQC_INFEREXPERIMENT (TREATMENT_rhIFNb_10000_REP1),COMPLETED,0,-,quay.io/biocontainers/rseqc:3.0.1--py37h516909a_1,6,28800000,-,38654705664,1,1715238938776,1715243432000,1715243435000,4496224,2000,-,427.6,0.0,62853120,1420677120,62853120,1424879616,52904177,2028,4828,19,0,16384,8,11,/input/data/work/83/2db43894cea3c26176f6c461d70f4b,true,-
833,2261631326,hu-worker-c27,79/20bcbc,nf-7920bcbcd0f312eca97cdd134cf87078,NFCORE_RNASEQ:RNASEQ:QUALIMAP_RNASEQ,TREATMENT_rhINFa2b_10000_REP3,NFCORE_RNASEQ:RNASEQ:QUALIMAP_RNASEQ (TREATMENT_rhINFa2b_10000_REP3),COMPLETED,0,-,quay.io/biocontainers/qualimap:2.2.2d--1,6,28800000,-,38654705664,1,1715239636268,1715242711000,1715243427000,3790732,715000,-,112.9,4.1,10987233280,38673883136,10987233280,38673887232,12026614495,9743159054,416255,1787129,183889920,9744801792,13,0,/input/data/work/79/20bcbcd0f312eca97cdd134cf87078,true,-
690,1967078893,hu-worker-c41,85/a573c6,nf-85a573c6437dc72175302476fd3b7d73,NFCORE_RNASEQ:RNASEQ:BAM_RSEQC:RSEQC_READDISTRIBUTION,TREATMENT_mIFNa11_10000_REP2,NFCORE_RNASEQ:RNASEQ:BAM_RSEQC:RSEQC_READDISTRIBUTION (TREATMENT_mIFNa11_10000_REP2),COMPLETED,0,-,quay.io/biocontainers/rseqc:3.0.1--py37h516909a_1,6,28800000,-,38654705664,1,1715238850549,1715243273000,1715243427000,4576451,153000,-,104.4,0.4,1017925632,2380705792,1146019840,2509225984,2206859195,2972,91753,19,10862592,16384,13,2182,/input/data/work/85/a573c6437dc72175302476fd3b7d73,true,-
697,1944134478,hu-worker-c28,19/6035de,nf-196035de4054055effd4f8ba608ea9e4,NFCORE_RNASEQ:RNASEQ:BAM_RSEQC:RSEQC_JUNCTIONSATURATION,TREATMENT_rhINFa2b_100000_REP2,NFCORE_RNASEQ:RNASEQ:BAM_RSEQC:RSEQC_JUNCTIONSATURATION (TREATMENT_rhINFa2b_100000_REP2),COMPLETED,0,-,quay.io/biocontainers/rseqc:3.0.1--py37h516909a_1,6,28800000,-,38654705664,1,1715238853720,1715243336000,1715243429000,4575280,92000,-,110.5,0.4,1070403584,2436468736,1070403584,2436472832,1958623247,18444,63186,35,0,32768,36,893,/input/data/work/19/6035de4054055effd4f8ba608ea9e4,true,-
726,1940632463,hu-worker-c35,46/16eea1,nf-4616eea1edf47be22d05b7157c636ce8,NFCORE_RNASEQ:RNASEQ:BAM_RSEQC:RSEQC_INNERDISTANCE,TREATMENT_mIFNa11_100_REP1,NFCORE_RNASEQ:RNASEQ:BAM_RSEQC:RSEQC_INNERDISTANCE (TREATMENT_mIFNa11_100_REP1),COMPLETED,0,-,quay.io/biocontainers/rseqc:3.0.1--py37h516909a_1,6,28800000,-,38654705664,1,1715238896053,1715243400000,1715243454000,4557947,53000,-,119.2,0.3,914898944,2314625024,929329152,2329047040,237721213,53758696,13024,6591,0,53800960,8,114,/input/data/work/46/16eea1edf47be22d05b7157c636ce8,true,-
693,1941387112,hu-worker-c24,83/53da74,nf-8353da746e2160d45de9548e7499f9fd,NFCORE_RNASEQ:RNASEQ:BAM_RSEQC:RSEQC_BAMSTAT,TREATMENT_mIFNa11_10000_REP2,NFCORE_RNASEQ:RNASEQ:BAM_RSEQC:RSEQC_BAMSTAT (TREATMENT_mIFNa11_10000_REP2),COMPLETED,0,-,quay.io/biocontainers/rseqc:3.0.1--py37h516909a_1,6,28800000,-,38654705664,1,1715238850412,1715243377000,1715243466000,4615588,88000,-,106.7,0.0,37957632,1396293632,37957632,1396297728,1949916044,2578,60367,19,0,16384,68,89755,/input/data/work/83/53da746e2160d45de9548e7499f9fd,true,-
712,1948890304,hu-worker-c35,9b/b6dea0,nf-9bb6dea0b6296aaab9df3ecb8fc830b6,NFCORE_RNASEQ:RNASEQ:BAM_RSEQC:RSEQC_READDUPLICATION,TREATMENT_rhIFNa2b_1000_REP1,NFCORE_RNASEQ:RNASEQ:BAM_RSEQC:RSEQC_READDUPLICATION (TREATMENT_rhIFNa2b_1000_REP1),COMPLETED,0,-,quay.io/biocontainers/rseqc:3.0.1--py37h516909a_1,6,28800000,-,38654705664,1,1715238875827,1715243324000,1715243469000,4593173,143000,-,107.0,2.6,7040491520,8398577664,7210823680,8590528512,1963439812,96734,60975,53,0,118784,7,437,/input/data/work/9b/b6dea0b6296aaab9df3ecb8fc830b6,true,-
725,1940632463,hu-worker-c25,7c/41cec1,nf-7c41cec121e158d4b0d4535d8b368cd0,NFCORE_RNASEQ:RNASEQ:BAM_RSEQC:RSEQC_JUNCTIONSATURATION,TREATMENT_mIFNa11_100_REP1,NFCORE_RNASEQ:RNASEQ:BAM_RSEQC:RSEQC_JUNCTIONSATURATION (TREATMENT_mIFNa11_100_REP1),COMPLETED,0,-,quay.io/biocontainers/rseqc:3.0.1--py37h516909a_1,6,28800000,-,38654705664,1,1715238895938,1715243383000,1715243476000,4580062,92000,-,110.7,0.4,1106923520,2468978688,1106923520,2468982784,1955121211,18427,63078,35,4096,32768,213,735,/input/data/work/7c/41cec121e158d4b0d4535d8b368cd0,true,-
734,1932093181,hu-worker-c34,16/2dfbee,nf-162dfbeeecc8fde8340417020a4009bc,NFCORE_RNASEQ:RNASEQ:BAM_RSEQC:RSEQC_INNERDISTANCE,TREATMENT_rhIFNb_100_REP2,NFCORE_RNASEQ:RNASEQ:BAM_RSEQC:RSEQC_INNERDISTANCE (TREATMENT_rhIFNb_100_REP2),COMPLETED,0,-,quay.io/biocontainers/rseqc:3.0.1--py37h516909a_1,6,28800000,-,38654705664,1,1715238896543,1715243424000,1715243478000,4581457,53000,-,118.6,0.3,915783680,2315083776,929755136,2328981504,236576101,53803307,12990,6597,0,53850112,24,230,/input/data/work/16/2dfbeeecc8fde8340417020a4009bc,true,-
723,1940632463,hu-worker-c24,43/6e5583,nf-436e5583a5939855e89d1c55bd42f85d,NFCORE_RNASEQ:RNASEQ:BAM_RSEQC:RSEQC_JUNCTIONANNOTATION,TREATMENT_mIFNa11_100_REP1,NFCORE_RNASEQ:RNASEQ:BAM_RSEQC:RSEQC_JUNCTIONANNOTATION (TREATMENT_mIFNa11_100_REP1),COMPLETED,0,-,quay.io/biocontainers/rseqc:3.0.1--py37h516909a_1,6,28800000,-,38654705664,1,1715238896127,1715243407000,1715243486000,4589873,77000,-,112.8,0.0,126517248,1484152832,130502656,1488093184,1969443191,57098874,64829,6965,0,57131008,94,1539,/input/data/work/43/6e5583a5939855e89d1c55bd42f85d,true,-
735,1932093181,hu-worker-c27,d5/204662,nf-d52046620daaa4a4e9028383d30efc00,NFCORE_RNASEQ:RNASEQ:BAM_RSEQC:RSEQC_JUNCTIONANNOTATION,TREATMENT_rhIFNb_100_REP2,NFCORE_RNASEQ:RNASEQ:BAM_RSEQC:RSEQC_JUNCTIONANNOTATION (TREATMENT_rhIFNb_100_REP2),COMPLETED,0,-,quay.io/biocontainers/rseqc:3.0.1--py37h516909a_1,6,28800000,-,38654705664,1,1715238896514,1715243414000,1715243494000,4597486,78000,-,112.7,0.0,126697472,1484931072,129904640,1488084992,1960912150,57130867,64572,6968,0,57163776,16,859,/input/data/work/d5/2046620daaa4a4e9028383d30efc00,true,-
731,1932093181,hu-worker-c42,0f/38caa7,nf-0f38caa7d10bad46409678847a92ed4e,NFCORE_RNASEQ:RNASEQ:BAM_RSEQC:RSEQC_JUNCTIONSATURATION,TREATMENT_rhIFNb_100_REP2,NFCORE_RNASEQ:RNASEQ:BAM_RSEQC:RSEQC_JUNCTIONSATURATION (TREATMENT_rhIFNb_100_REP2),COMPLETED,0,-,quay.io/biocontainers/rseqc:3.0.1--py37h516909a_1,6,28800000,-,38654705664,1,1715238896479,1715243410000,1715243502000,4605521,91000,-,110.7,0.4,1081556992,2444333056,1081556992,2444337152,1946581372,18427,62821,35,0,32768,8,473,/input/data/work/0f/38caa7d10bad46409678847a92ed4e,true,-
702,1944134478,hu-worker-c42,b9/eb1267,nf-b9eb1267d2500fa7afa6272ed8141dae,NFCORE_RNASEQ:RNASEQ:BAM_RSEQC:RSEQC_READDISTRIBUTION,TREATMENT_rhINFa2b_100000_REP2,NFCORE_RNASEQ:RNASEQ:BAM_RSEQC:RSEQC_READDISTRIBUTION (TREATMENT_rhINFa2b_100000_REP2),COMPLETED,0,-,quay.io/biocontainers/rseqc:3.0.1--py37h516909a_1,6,28800000,-,38654705664,1,1715238853893,1715243372000,1715243517000,4663107,144000,-,104.4,0.4,1065730048,2429005824,1146322944,2509225984,2183914720,2970,91052,19,0,16384,13,1087,/input/data/work/b9/eb1267d2500fa7afa6272ed8141dae,true,-
748,1923606626,hu-worker-c24,68/2861ae,nf-682861ae02d991c3483a8bc2dda7d67e,NFCORE_RNASEQ:RNASEQ:BAM_RSEQC:RSEQC_INNERDISTANCE,TREATMENT_rhIFNb_10000_REP1,NFCORE_RNASEQ:RNASEQ:BAM_RSEQC:RSEQC_INNERDISTANCE (TREATMENT_rhIFNb_10000_REP1),COMPLETED,0,-,quay.io/biocontainers/rseqc:3.0.1--py37h516909a_1,6,28800000,-,38654705664,1,1715238938950,1715243469000,1715243526000,4587050,56000,-,117.7,0.3,922165248,2322223104,929038336,2329042944,239982333,54919658,13093,6732,0,54964224,19,259,/input/data/work/68/2861ae02d991c3483a8bc2dda7d67e,true,-
805,1903928648,hu-worker-c42,36/725ace,nf-36725aceb69a97505dd1368b07bee099,NFCORE_RNASEQ:RNASEQ:BAM_RSEQC:RSEQC_INFEREXPERIMENT,TREATMENT_mIFNa11_100000_REP1,NFCORE_RNASEQ:RNASEQ:BAM_RSEQC:RSEQC_INFEREXPERIMENT (TREATMENT_mIFNa11_100000_REP1),COMPLETED,0,-,quay.io/biocontainers/rseqc:3.0.1--py37h516909a_1,6,28800000,-,38654705664,1,1715239369693,1715243519000,1715243523000,4153307,2000,-,434.1,0.0,63889408,1420783616,63889408,1424986112,52838095,2028,4826,19,0,16384,9,23,/input/data/work/36/725aceb69a97505dd1368b07bee099,true,-
692,1941387112,hu-worker-c28,33/d14d21,nf-33d14d21d3556de5906c1316e0e03d34,NFCORE_RNASEQ:RNASEQ:BAM_RSEQC:RSEQC_READDUPLICATION,TREATMENT_mIFNa11_10000_REP2,NFCORE_RNASEQ:RNASEQ:BAM_RSEQC:RSEQC_READDUPLICATION (TREATMENT_mIFNa11_10000_REP2),COMPLETED,0,-,quay.io/biocontainers/rseqc:3.0.1--py37h516909a_1,6,28800000,-,38654705664,1,1715238850481,1715243382000,1715243529000,4678519,146000,-,106.9,2.6,7031943168,8512253952,7031943168,8512258048,1955932434,90409,60748,52,0,106496,13,597,/input/data/work/33/d14d21d3556de5906c1316e0e03d34,true,-
727,1940632463,hu-worker-c34,8c/39d729,nf-8c39d729cc2e3119dd61ea7b5b441534,NFCORE_RNASEQ:RNASEQ:BAM_RSEQC:RSEQC_READDISTRIBUTION,TREATMENT_mIFNa11_100_REP1,NFCORE_RNASEQ:RNASEQ:BAM_RSEQC:RSEQC_READDISTRIBUTION (TREATMENT_mIFNa11_100_REP1),COMPLETED,0,-,quay.io/biocontainers/rseqc:3.0.1--py37h516909a_1,6,28800000,-,38654705664,1,1715238896000,1715243387000,1715243529000,4633000,141000,-,104.3,0.4,1114025984,2476257280,1146499072,2508505088,2180412608,2966,90944,19,0,16384,9,2300,/input/data/work/8c/39d729cc2e3119dd61ea7b5b441534,true,-
743,1923606626,hu-worker-c28,1d/af32de,nf-1daf32de0c18e472ef00142090426edb,NFCORE_RNASEQ:RNASEQ:BAM_RSEQC:RSEQC_JUNCTIONSATURATION,TREATMENT_rhIFNb_10000_REP1,NFCORE_RNASEQ:RNASEQ:BAM_RSEQC:RSEQC_JUNCTIONSATURATION (TREATMENT_rhIFNb_10000_REP1),COMPLETED,0,-,quay.io/biocontainers/rseqc:3.0.1--py37h516909a_1,6,28800000,-,38654705664,1,1715238938882,1715243438000,1715243529000,4590118,90000,-,111.2,0.4,1074053120,2439618560,1074053120,2439622656,1938095378,18431,62558,35,0,32768,7,349,/input/data/work/1d/af32de0c18e472ef00142090426edb,true,-
742,1923606626,hu-worker-c35,7e/129409,nf-7e12940976d8b0610e3438205fc8dbbc,NFCORE_RNASEQ:RNASEQ:BAM_RSEQC:RSEQC_JUNCTIONANNOTATION,TREATMENT_rhIFNb_10000_REP1,NFCORE_RNASEQ:RNASEQ:BAM_RSEQC:RSEQC_JUNCTIONANNOTATION (TREATMENT_rhIFNb_10000_REP1),COMPLETED,0,-,quay.io/biocontainers/rseqc:3.0.1--py37h516909a_1,6,28800000,-,38654705664,1,1715238938917,1715243456000,1715243532000,4593083,74000,-,113.1,0.0,127565824,1484935168,130760704,1488089088,1952397232,56993867,64305,6952,0,57024512,6,793,/input/data/work/7e/12940976d8b0610e3438205fc8dbbc,true,-
862,2192651713,hu-worker-c25,17/8b93cb,nf-178b93cb64177a6da117a9b48a6b2cf0,NFCORE_RNASEQ:RNASEQ:QUALIMAP_RNASEQ,TREATMENT_mIFNa11_100000_REP2,NFCORE_RNASEQ:RNASEQ:QUALIMAP_RNASEQ (TREATMENT_mIFNa11_100000_REP2),COMPLETED,0,-,quay.io/biocontainers/qualimap:2.2.2d--1,6,28800000,-,38654705664,1,1715239729451,1715242892000,1715243535000,3805549,642000,-,113.8,3.7,9954717696,38742044672,9954717696,38742048768,11510615752,9296136421,402978,1708096,732659712,9297772544,12,1,/input/data/work/17/8b93cb64177a6da117a9b48a6b2cf0,true,-
698,1918442697,hu-worker-c25,77/fd2e3a,nf-77fd2e3a57d8e6920336ed7d0f611e7c,NFCORE_RNASEQ:RNASEQ:BAM_RSEQC:RSEQC_BAMSTAT,TREATMENT_rhINFa2b_100000_REP2,NFCORE_RNASEQ:RNASEQ:BAM_RSEQC:RSEQC_BAMSTAT (TREATMENT_rhINFa2b_100000_REP2),COMPLETED,0,-,quay.io/biocontainers/rseqc:3.0.1--py37h516909a_1,6,28800000,-,38654705664,1,1715238853935,1715243478000,1715243558000,4704065,79000,-,107.8,0.0,38277120,1396289536,38277120,1396293632,1926971970,2584,59666,19,0,16384,20,37702,/input/data/work/77/fd2e3a57d8e6920336ed7d0f611e7c,true,-
724,1914940682,hu-worker-c24,27/1246bc,nf-271246bcf64140ece6da78ba9b0e8842,NFCORE_RNASEQ:RNASEQ:BAM_RSEQC:RSEQC_BAMSTAT,TREATMENT_mIFNa11_100_REP1,NFCORE_RNASEQ:RNASEQ:BAM_RSEQC:RSEQC_BAMSTAT (TREATMENT_mIFNa11_100_REP1),COMPLETED,0,-,quay.io/biocontainers/rseqc:3.0.1--py37h516909a_1,6,28800000,-,38654705664,1,1715238895907,1715243488000,1715243566000,4670093,77000,-,108.4,0.0,37920768,1396293632,37920768,1396297728,1923469609,2578,59558,19,0,16384,9,301,/input/data/work/27/1246bcf64140ece6da78ba9b0e8842,true,-
733,1906401400,hu-worker-c27,a6/61b3a3,nf-a661b3a323981ac9399f05c2e07c5806,NFCORE_RNASEQ:RNASEQ:BAM_RSEQC:RSEQC_BAMSTAT,TREATMENT_rhIFNb_100_REP2,NFCORE_RNASEQ:RNASEQ:BAM_RSEQC:RSEQC_BAMSTAT (TREATMENT_rhIFNb_100_REP2),COMPLETED,0,-,quay.io/biocontainers/rseqc:3.0.1--py37h516909a_1,6,28800000,-,38654705664,1,1715238896404,1715243496000,1715243575000,4678596,78000,-,107.8,0.0,37154816,1396289536,37154816,1396293632,1914930649,2582,59301,19,4096,16384,12,261,/input/data/work/a6/61b3a323981ac9399f05c2e07c5806,true,-
730,1932093181,hu-worker-c27,e3/884904,nf-e3884904ff9adbb239ff8c2fc92b2532,NFCORE_RNASEQ:RNASEQ:BAM_RSEQC:RSEQC_READDISTRIBUTION,TREATMENT_rhIFNb_100_REP2,NFCORE_RNASEQ:RNASEQ:BAM_RSEQC:RSEQC_READDISTRIBUTION (TREATMENT_rhIFNb_100_REP2),COMPLETED,0,-,quay.io/biocontainers/rseqc:3.0.1--py37h516909a_1,6,28800000,-,38654705664,1,1715238896570,1715243430000,1715243576000,4679430,145000,-,104.4,0.4,1066745856,2431365120,1144893440,2509225984,2171873949,2966,90687,19,0,16384,6,776,/input/data/work/e3/884904ff9adbb239ff8c2fc92b2532,true,-
782,1876148067,hu-worker-c27,ee/f38d98,nf-eef38d986ca516e39a64597c94563a5e,NFCORE_RNASEQ:RNASEQ:BAM_RSEQC:RSEQC_INFEREXPERIMENT,TREATMENT_rhIFNa2b_1000_REP2,NFCORE_RNASEQ:RNASEQ:BAM_RSEQC:RSEQC_INFEREXPERIMENT (TREATMENT_rhIFNa2b_1000_REP2),COMPLETED,0,-,quay.io/biocontainers/rseqc:3.0.1--py37h516909a_1,6,28800000,-,38654705664,1,1715239181683,1715243578000,1715243582000,4400317,1000,-,438.1,0.0,62312448,1420677120,62312448,1424879616,52347110,2029,4811,19,4096,16384,6,21,/input/data/work/ee/f38d986ca516e39a64597c94563a5e,true,-
746,1923606626,hu-worker-c41,1e/1164f9,nf-1e1164f9e4beba1dc31b8a965226c158,NFCORE_RNASEQ:RNASEQ:BAM_RSEQC:RSEQC_READDISTRIBUTION,TREATMENT_rhIFNb_10000_REP1,NFCORE_RNASEQ:RNASEQ:BAM_RSEQC:RSEQC_READDISTRIBUTION (TREATMENT_rhIFNb_10000_REP1),COMPLETED,0,-,quay.io/biocontainers/rseqc:3.0.1--py37h516909a_1,6,28800000,-,38654705664,1,1715238938838,1715243436000,1715243588000,4649162,151000,-,104.4,0.4,1013821440,2381492224,1141391360,2509225984,2163386926,2971,90424,19,6594560,16384,20,2482,/input/data/work/1e/1164f9e4beba1dc31b8a965226c158,true,-
801,1903928648,hu-worker-c28,f3/b154be,nf-f3b154be2e238f13a847523ba87fc0c5,NFCORE_RNASEQ:RNASEQ:BAM_RSEQC:RSEQC_INNERDISTANCE,TREATMENT_mIFNa11_100000_REP1,NFCORE_RNASEQ:RNASEQ:BAM_RSEQC:RSEQC_INNERDISTANCE (TREATMENT_mIFNa11_100000_REP1),COMPLETED,0,-,quay.io/biocontainers/rseqc:3.0.1--py37h516909a_1,6,28800000,-,38654705664,1,1715239463294,1715243532000,1715243588000,4124706,55000,-,118.0,0.3,925249536,2325630976,925249536,2325635072,240539925,53805653,13110,6598,0,53841920,15,299,/input/data/work/f3/b154be2e238f13a847523ba87fc0c5,true,-
744,1897914845,hu-worker-c34,59/603c9c,nf-59603c9cab2fd21692c9908ba724c9b0,NFCORE_RNASEQ:RNASEQ:BAM_RSEQC:RSEQC_BAMSTAT,TREATMENT_rhIFNb_10000_REP1,NFCORE_RNASEQ:RNASEQ:BAM_RSEQC:RSEQC_BAMSTAT (TREATMENT_rhIFNb_10000_REP1),COMPLETED,0,-,quay.io/biocontainers/rseqc:3.0.1--py37h516909a_1,6,28800000,-,38654705664,1,1715238938805,1715243531000,1715243606000,4667195,73000,-,108.9,0.0,38862848,1396293632,38862848,1396297728,1906443472,2581,59038,19,0,16384,11,225,/input/data/work/59/603c9cab2fd21692c9908ba724c9b0,true,-
799,1903928648,hu-worker-c28,af/c0b53d,nf-afc0b53d044214531a2c7b0767de02fb,NFCORE_RNASEQ:RNASEQ:BAM_RSEQC:RSEQC_JUNCTIONANNOTATION,TREATMENT_mIFNa11_100000_REP1,NFCORE_RNASEQ:RNASEQ:BAM_RSEQC:RSEQC_JUNCTIONANNOTATION (TREATMENT_mIFNa11_100000_REP1),COMPLETED,0,-,quay.io/biocontainers/rseqc:3.0.1--py37h516909a_1,6,28800000,-,38654705664,1,1715239474388,1715243532000,1715243610000,4135612,77000,-,112.8,0.0,126410752,1484410880,130150400,1488089088,1932935355,57832402,63733,7054,0,57868288,17,781,/input/data/work/af/c0b53d044214531a2c7b0767de02fb,true,-
699,1918442697,hu-worker-c35,a2/4c859c,nf-a24c859c924eee7aec1ab6ea0a6c7259,NFCORE_RNASEQ:RNASEQ:BAM_RSEQC:RSEQC_READDUPLICATION,TREATMENT_rhINFa2b_100000_REP2,NFCORE_RNASEQ:RNASEQ:BAM_RSEQC:RSEQC_READDUPLICATION (TREATMENT_rhINFa2b_100000_REP2),COMPLETED,0,-,quay.io/biocontainers/rseqc:3.0.1--py37h516909a_1,6,28800000,-,38654705664,1,1715238853757,1715243471000,1715243611000,4757243,138000,-,106.8,2.6,6969532416,8341635072,7026233344,8405475328,1932990680,92667,60047,51,4968448,106496,131,1173,/input/data/work/a2/4c859c924eee7aec1ab6ea0a6c7259,true,-
776,1861034570,hu-worker-c28,33/fe0d81,nf-33fe0d81690304aeb82c1ac1296c5df0,NFCORE_RNASEQ:RNASEQ:BAM_RSEQC:RSEQC_INFEREXPERIMENT,TREATMENT_mIFNa11_10000_REP3,NFCORE_RNASEQ:RNASEQ:BAM_RSEQC:RSEQC_INFEREXPERIMENT (TREATMENT_mIFNa11_10000_REP3),COMPLETED,0,-,quay.io/biocontainers/rseqc:3.0.1--py37h516909a_1,6,28800000,-,38654705664,1,1715239113133,1715243612000,1715243615000,4501867,1000,-,442.7,0.0,62418944,1420677120,62418944,1424879616,52773106,2028,4824,19,0,16384,13,15,/input/data/work/33/fe0d81690304aeb82c1ac1296c5df0,true,-
803,1878236867,hu-worker-c25,45/41a634,nf-4541a6349333711a6f943b1bb9985050,NFCORE_RNASEQ:RNASEQ:BAM_RSEQC:RSEQC_BAMSTAT,TREATMENT_mIFNa11_100000_REP1,NFCORE_RNASEQ:RNASEQ:BAM_RSEQC:RSEQC_BAMSTAT (TREATMENT_mIFNa11_100000_REP1),COMPLETED,0,-,quay.io/biocontainers/rseqc:3.0.1--py37h516909a_1,6,28800000,-,38654705664,1,1715239380098,1715243537000,1715243618000,4237902,80000,-,107.2,0.0,37941248,1396289536,37941248,1396293632,1886766137,2583,58438,19,0,16384,55,53287,/input/data/work/45/41a6349333711a6f943b1bb9985050,true,-
800,1903928648,hu-worker-c24,54/28571c,nf-5428571c5bb426af5c7193a8afb29f7b,NFCORE_RNASEQ:RNASEQ:BAM_RSEQC:RSEQC_JUNCTIONSATURATION,TREATMENT_mIFNa11_100000_REP1,NFCORE_RNASEQ:RNASEQ:BAM_RSEQC:RSEQC_JUNCTIONSATURATION (TREATMENT_mIFNa11_100000_REP1),COMPLETED,0,-,quay.io/biocontainers/rseqc:3.0.1--py37h516909a_1,6,28800000,-,38654705664,1,1715239449448,1715243529000,1715243622000,4172552,91000,-,110.7,0.4,1031696384,2400292864,1042616320,2411048960,1918417077,18444,61958,35,8192,32768,39,1150,/input/data/work/54/28571c5bb426af5c7193a8afb29f7b,true,-
728,1914940682,hu-worker-c34,9f/fb6df2,nf-9ffb6df2b3709b5ed40dbc1b6b5d319f,NFCORE_RNASEQ:RNASEQ:BAM_RSEQC:RSEQC_READDUPLICATION,TREATMENT_mIFNa11_100_REP1,NFCORE_RNASEQ:RNASEQ:BAM_RSEQC:RSEQC_READDUPLICATION (TREATMENT_mIFNa11_100_REP1),COMPLETED,0,-,quay.io/biocontainers/rseqc:3.0.1--py37h516909a_1,6,28800000,-,38654705664,1,1715238895879,1715243480000,1715243622000,4726121,141000,-,106.8,2.6,7095185408,8473899008,7095185408,8473903104,1929491037,97137,59939,53,0,118784,9,542,/input/data/work/9f/fb6df2b3709b5ed40dbc1b6b5d319f,true,-
729,1906401400,hu-worker-c42,55/92d8d6,nf-5592d8d6480fee19fee732923e08787e,NFCORE_RNASEQ:RNASEQ:BAM_RSEQC:RSEQC_READDUPLICATION,TREATMENT_rhIFNb_100_REP2,NFCORE_RNASEQ:RNASEQ:BAM_RSEQC:RSEQC_READDUPLICATION (TREATMENT_rhIFNb_100_REP2),COMPLETED,0,-,quay.io/biocontainers/rseqc:3.0.1--py37h516909a_1,6,28800000,-,38654705664,1,1715238896437,1715243504000,1715243648000,4751563,143000,-,106.8,2.6,6886223872,8243589120,7051993088,8430362624,1920948916,95181,59682,52,0,110592,9,570,/input/data/work/55/92d8d6480fee19fee732923e08787e,true,-
783,1876148067,hu-worker-c28,d2/4ddfba,nf-d24ddfbaab69b85b689f9b9b82f2bf95,NFCORE_RNASEQ:RNASEQ:BAM_RSEQC:RSEQC_INNERDISTANCE,TREATMENT_rhIFNa2b_1000_REP2,NFCORE_RNASEQ:RNASEQ:BAM_RSEQC:RSEQC_INNERDISTANCE (TREATMENT_rhIFNa2b_1000_REP2),COMPLETED,0,-,quay.io/biocontainers/rseqc:3.0.1--py37h516909a_1,6,28800000,-,38654705664,1,1715239215847,1715243590000,1715243648000,4432153,56000,-,118.0,0.3,922554368,2323009536,928632832,2329042944,238082124,54188834,13035,6644,0,54251520,12,244,/input/data/work/d2/4ddfbaab69b85b689f9b9b82f2bf95,true,-
786,1876148067,hu-worker-c27,35/31bc72,nf-3531bc721ef5e99f05f0a1c21f0666a6,NFCORE_RNASEQ:RNASEQ:BAM_RSEQC:RSEQC_JUNCTIONANNOTATION,TREATMENT_rhIFNa2b_1000_REP2,NFCORE_RNASEQ:RNASEQ:BAM_RSEQC:RSEQC_JUNCTIONANNOTATION (TREATMENT_rhIFNa2b_1000_REP2),COMPLETED,0,-,quay.io/biocontainers/rseqc:3.0.1--py37h516909a_1,6,28800000,-,38654705664,1,1715239193133,1715243578000,1715243654000,4460867,75000,-,112.9,0.0,126214144,1484673024,129675264,1488089088,1904756149,56291933,62835,6867,0,56324096,15,791,/input/data/work/35/31bc721ef5e99f05f0a1c21f0666a6,true,-
815,1858814180,hu-worker-c28,16/0f635a,nf-160f635a58150a2b1d7c3906ba6c7c3b,NFCORE_RNASEQ:RNASEQ:BAM_RSEQC:RSEQC_INFEREXPERIMENT,TREATMENT_rhIFNa2b_100_REP2,NFCORE_RNASEQ:RNASEQ:BAM_RSEQC:RSEQC_INFEREXPERIMENT (TREATMENT_rhIFNa2b_100_REP2),COMPLETED,0,-,quay.io/biocontainers/rseqc:3.0.1--py37h516909a_1,6,28800000,-,38654705664,1,1715239561955,1715243650000,1715243652000,4090045,1000,-,494.8,0.0,62590976,1420783616,62590976,1424986112,52510961,2028,4816,19,0,16384,9,18,/input/data/work/16/0f635a58150a2b1d7c3906ba6c7c3b,true,-
774,1861034570,hu-worker-c34,b3/bc3e51,nf-b3bc3e51a6bf95107548d6bc73f1d0bd,NFCORE_RNASEQ:RNASEQ:BAM_RSEQC:RSEQC_INNERDISTANCE,TREATMENT_mIFNa11_10000_REP3,NFCORE_RNASEQ:RNASEQ:BAM_RSEQC:RSEQC_INNERDISTANCE (TREATMENT_mIFNa11_10000_REP3),COMPLETED,0,-,quay.io/biocontainers/rseqc:3.0.1--py37h516909a_1,6,28800000,-,38654705664,1,1715239105322,1715243609000,1715243665000,4559678,54000,-,118.4,0.3,908828672,2933477376,981041152,3761143808,240440978,54079958,13107,6631,0,54128640,57,250,/input/data/work/b3/bc3e51a6bf95107548d6bc73f1d0bd,true,-
804,1903928648,hu-worker-c42,c8/6ea93f,nf-c86ea93f844590446daa91fdc05e3675,NFCORE_RNASEQ:RNASEQ:BAM_RSEQC:RSEQC_READDISTRIBUTION,TREATMENT_mIFNa11_100000_REP1,NFCORE_RNASEQ:RNASEQ:BAM_RSEQC:RSEQC_READDISTRIBUTION (TREATMENT_mIFNa11_100000_REP1),COMPLETED,0,-,quay.io/biocontainers/rseqc:3.0.1--py37h516909a_1,6,28800000,-,38654705664,1,1715239386693,1715243525000,1715243666000,4279307,140000,-,104.2,0.4,1113837568,2476978176,1146314752,2509225984,2143708888,2969,89824,19,0,16384,675,1047,/input/data/work/c8/6ea93f844590446daa91fdc05e3675,true,-
747,1897914845,hu-worker-c35,be/6ff6e9,nf-be6ff6e9f5f36b7b7c18e332a53ed5c1,NFCORE_RNASEQ:RNASEQ:BAM_RSEQC:RSEQC_READDUPLICATION,TREATMENT_rhIFNb_10000_REP1,NFCORE_RNASEQ:RNASEQ:BAM_RSEQC:RSEQC_READDUPLICATION (TREATMENT_rhIFNb_10000_REP1),COMPLETED,0,-,quay.io/biocontainers/rseqc:3.0.1--py37h516909a_1,6,28800000,-,38654705664,1,1715238938984,1715243534000,1715243673000,4734016,138000,-,107.2,2.5,6783807488,8141336576,6947053568,8325148672,1912462410,92427,59419,51,0,106496,6,1471,/input/data/work/be/6ff6e9f5f36b7b7c18e332a53ed5c1,true,-
779,1861034570,hu-worker-c41,e3/182b0e,nf-e3182b0ee6e6400509f7b80ebf0ea6b9,NFCORE_RNASEQ:RNASEQ:BAM_RSEQC:RSEQC_JUNCTIONANNOTATION,TREATMENT_mIFNa11_10000_REP3,NFCORE_RNASEQ:RNASEQ:BAM_RSEQC:RSEQC_JUNCTIONANNOTATION (TREATMENT_mIFNa11_10000_REP3),COMPLETED,0,-,quay.io/biocontainers/rseqc:3.0.1--py37h516909a_1,6,28800000,-,38654705664,1,1715239105246,1715243591000,1715243671000,4565754,79000,-,110.5,0.0,126746624,1484677120,130203648,1488093184,1889685674,56461879,62380,6888,4096,56496128,3041,9291,/input/data/work/e3/182b0ee6e6400509f7b80ebf0ea6b9,true,-
785,1876148067,hu-worker-c27,62/a918b3,nf-62a918b36704099a141bf9d1b5673084,NFCORE_RNASEQ:RNASEQ:BAM_RSEQC:RSEQC_JUNCTIONSATURATION,TREATMENT_rhIFNa2b_1000_REP2,NFCORE_RNASEQ:RNASEQ:BAM_RSEQC:RSEQC_JUNCTIONSATURATION (TREATMENT_rhIFNa2b_1000_REP2),COMPLETED,0,-,quay.io/biocontainers/rseqc:3.0.1--py37h516909a_1,6,28800000,-,38654705664,1,1715239205013,1715243584000,1715243674000,4468987,89000,-,110.9,0.4,1071321088,2437521408,1071321088,2437525504,1890636763,18426,61110,35,0,32768,13,394,/input/data/work/62/a918b36704099a141bf9d1b5673084,true,-
814,1858814180,hu-worker-c25,fa/271d5a,nf-fa271d5aec2ad7b7b5932ccbe1e4fe8a,NFCORE_RNASEQ:RNASEQ:BAM_RSEQC:RSEQC_INNERDISTANCE,TREATMENT_rhIFNa2b_100_REP2,NFCORE_RNASEQ:RNASEQ:BAM_RSEQC:RSEQC_INNERDISTANCE (TREATMENT_rhIFNa2b_100_REP2),COMPLETED,0,-,quay.io/biocontainers/rseqc:3.0.1--py37h516909a_1,6,28800000,-,38654705664,1,1715239525678,1715243621000,1715243676000,4150322,54000,-,118.5,0.3,908726272,2308329472,929488896,2329042944,240015619,54048444,13094,6627,0,54087680,17,209,/input/data/work/fa/271d5aec2ad7b7b5932ccbe1e4fe8a,true,-
873,1841066281,hu-worker-c41,47/404126,nf-474041267b948af1d56a2d039c09e037,NFCORE_RNASEQ:RNASEQ:BAM_RSEQC:RSEQC_INFEREXPERIMENT,TREATMENT_rhIFNa2b_100_REP1,NFCORE_RNASEQ:RNASEQ:BAM_RSEQC:RSEQC_INFEREXPERIMENT (TREATMENT_rhIFNa2b_100_REP1),COMPLETED,0,-,quay.io/biocontainers/rseqc:3.0.1--py37h516909a_1,6,28800000,-,38654705664,1,1715239741749,1715243674000,1715243677000,3935251,2000,-,415.5,0.0,62861312,1420783616,62861312,1424986112,52330517,2032,4811,19,0,16384,22,22,/input/data/work/47/4041267b948af1d56a2d039c09e037,true,-
777,1861034570,hu-worker-c28,2c/478be4,nf-2c478be44663695bc3a5a1ad818bf605,NFCORE_RNASEQ:RNASEQ:BAM_RSEQC:RSEQC_JUNCTIONSATURATION,TREATMENT_mIFNa11_10000_REP3,NFCORE_RNASEQ:RNASEQ:BAM_RSEQC:RSEQC_JUNCTIONSATURATION (TREATMENT_mIFNa11_10000_REP3),COMPLETED,0,-,quay.io/biocontainers/rseqc:3.0.1--py37h516909a_1,6,28800000,-,38654705664,1,1715239158922,1715243618000,1715243710000,4551078,90000,-,111.0,0.4,1027268608,2396884992,1027268608,2396889088,1875523327,18424,60649,35,0,32768,5,832,/input/data/work/2c/478be44663695bc3a5a1ad818bf605,true,-
781,1876148067,hu-worker-c24,bb/87b7c6,nf-bb87b7c6f7c54776694812f9008f33fa,NFCORE_RNASEQ:RNASEQ:BAM_RSEQC:RSEQC_READDISTRIBUTION,TREATMENT_rhIFNa2b_1000_REP2,NFCORE_RNASEQ:RNASEQ:BAM_RSEQC:RSEQC_READDISTRIBUTION (TREATMENT_rhIFNa2b_1000_REP2),COMPLETED,0,-,quay.io/biocontainers/rseqc:3.0.1--py37h516909a_1,6,28800000,-,38654705664,1,1715239180746,1715243569000,1715243711000,4530254,141000,-,104.5,0.4,1082355712,2446307328,1145675776,2509225984,2115928518,2965,88976,19,0,16384,12,979,/input/data/work/bb/87b7c6f7c54776694812f9008f33fa,true,-
802,1878236867,hu-worker-c25,05/e1efea,nf-05e1efeaa2806aa60cbba60b7bb86bc2,NFCORE_RNASEQ:RNASEQ:BAM_RSEQC:RSEQC_READDUPLICATION,TREATMENT_mIFNa11_100000_REP1,NFCORE_RNASEQ:RNASEQ:BAM_RSEQC:RSEQC_READDUPLICATION (TREATMENT_mIFNa11_100000_REP1),COMPLETED,0,-,quay.io/biocontainers/rseqc:3.0.1--py37h516909a_1,6,28800000,-,38654705664,1,1715239452361,1715243560000,1715243706000,4253639,145000,-,106.9,2.6,6929432576,8301092864,6986694656,8365625344,1892779283,88255,58819,52,0,106496,5,2393,/input/data/work/05/e1efeaa2806aa60cbba60b7bb86bc2,true,-
816,1858814180,hu-worker-c34,c1/d06394,nf-c1d0639490a90c8aab2585851faff9a3,NFCORE_RNASEQ:RNASEQ:BAM_RSEQC:RSEQC_JUNCTIONSATURATION,TREATMENT_rhIFNa2b_100_REP2,NFCORE_RNASEQ:RNASEQ:BAM_RSEQC:RSEQC_JUNCTIONSATURATION (TREATMENT_rhIFNa2b_100_REP2),COMPLETED,0,-,quay.io/biocontainers/rseqc:3.0.1--py37h516909a_1,6,28800000,-,38654705664,1,1715239552107,1715243624000,1715243712000,4159893,87000,-,111.0,0.4,1056731136,2423365632,1056731136,2423369728,1873302244,18415,60582,35,0,32768,5,303,/input/data/work/c1/d0639490a90c8aab2585851faff9a3,true,-
884,1832142944,hu-worker-c24,a5/16b2f9,nf-a516b2f9f0b4d0064f4570948b763138,NFCORE_RNASEQ:RNASEQ:BAM_RSEQC:RSEQC_INFEREXPERIMENT,TREATMENT_rhIFNa2b_100_REP3,NFCORE_RNASEQ:RNASEQ:BAM_RSEQC:RSEQC_INFEREXPERIMENT (TREATMENT_rhIFNa2b_100_REP3),COMPLETED,0,-,quay.io/biocontainers/rseqc:3.0.1--py37h516909a_1,6,28800000,-,38654705664,1,1715239820603,1715243713000,1715243717000,3896397,2000,-,416.5,0.0,63336448,1420677120,63336448,1424879616,52182946,2025,4806,19,0,16384,8,20,/input/data/work/a5/16b2f9f0b4d0064f4570948b763138,true,-
872,1841066281,hu-worker-c42,64/762872,nf-64762872ea0de5727b932aa42e5b23f1,NFCORE_RNASEQ:RNASEQ:BAM_RSEQC:RSEQC_INNERDISTANCE,TREATMENT_rhIFNa2b_100_REP1,NFCORE_RNASEQ:RNASEQ:BAM_RSEQC:RSEQC_INNERDISTANCE (TREATMENT_rhIFNa2b_100_REP1),COMPLETED,0,-,quay.io/biocontainers/rseqc:3.0.1--py37h516909a_1,6,28800000,-,38654705664,1,1715239741474,1715243668000,1715243722000,3980526,52000,-,118.7,0.3,916885504,2316455936,929800192,2329042944,238000095,53240984,13033,6529,0,53276672,45,304,/input/data/work/64/762872ea0de5727b932aa42e5b23f1,true,-
780,1850456286,hu-worker-c27,b5/c6fe88,nf-b5c6fe8855ebd772d4f452030c519969,NFCORE_RNASEQ:RNASEQ:BAM_RSEQC:RSEQC_BAMSTAT,TREATMENT_rhIFNa2b_1000_REP2,NFCORE_RNASEQ:RNASEQ:BAM_RSEQC:RSEQC_BAMSTAT (TREATMENT_rhIFNa2b_1000_REP2),COMPLETED,0,-,quay.io/biocontainers/rseqc:3.0.1--py37h516909a_1,6,28800000,-,38654705664,1,1715239192519,1715243656000,1715243733000,4540481,76000,-,108.6,0.0,37244928,1409576960,37244928,1409581056,1858985540,2582,57590,19,4194304,16384,12,516,/input/data/work/b5/c6fe8855ebd772d4f452030c519969,true,-
819,1858814180,hu-worker-c42,a0/8465ec,nf-a08465ec12342298fc58d4e7efdbf1c4,NFCORE_RNASEQ:RNASEQ:BAM_RSEQC:RSEQC_JUNCTIONANNOTATION,TREATMENT_rhIFNa2b_100_REP2,NFCORE_RNASEQ:RNASEQ:BAM_RSEQC:RSEQC_JUNCTIONANNOTATION (TREATMENT_rhIFNa2b_100_REP2),COMPLETED,0,-,quay.io/biocontainers/rseqc:3.0.1--py37h516909a_1,6,28800000,-,38654705664,1,1715239569221,1715243651000,1715243731000,4161779,79000,-,111.1,0.0,127692800,1484673024,131149824,1488089088,1887308803,55851209,62293,6814,0,55881728,76,97208,/input/data/work/a0/8465ec12342298fc58d4e7efdbf1c4,true,-
949,1829848765,hu-worker-c27,41/7d32df,nf-417d32dffcec2e432f12b8aba02a60a6,NFCORE_RNASEQ:RNASEQ:BAM_RSEQC:RSEQC_INFEREXPERIMENT,CONTROL_REP1,NFCORE_RNASEQ:RNASEQ:BAM_RSEQC:RSEQC_INFEREXPERIMENT (CONTROL_REP1),COMPLETED,0,-,quay.io/biocontainers/rseqc:3.0.1--py37h516909a_1,6,28800000,-,38654705664,1,1715241052430,1715243736000,1715243738000,2685570,1000,-,460.2,0.0,62533632,1420783616,62533632,1424986112,52216007,2029,4807,19,0,16384,14,15,/input/data/work/41/7d32dffcec2e432f12b8aba02a60a6,true,-
868,1841066281,hu-worker-c35,04/449587,nf-0444958772bd27f00238a05541e9900b,NFCORE_RNASEQ:RNASEQ:BAM_RSEQC:RSEQC_JUNCTIONANNOTATION,TREATMENT_rhIFNa2b_100_REP1,NFCORE_RNASEQ:RNASEQ:BAM_RSEQC:RSEQC_JUNCTIONANNOTATION (TREATMENT_rhIFNa2b_100_REP1),COMPLETED,0,-,quay.io/biocontainers/rseqc:3.0.1--py37h516909a_1,6,28800000,-,38654705664,1,1715239742138,1715243675000,1715243749000,4006862,73000,-,113.2,0.0,126144512,1483624448,130662400,1488089088,1869520775,55704371,61746,6796,0,55738368,16,792,/input/data/work/04/44958772bd27f00238a05541e9900b,true,-
775,1861034570,hu-worker-c35,a8/6cc68d,nf-a86cc68dc0dc1c21d7b987f28d890c05,NFCORE_RNASEQ:RNASEQ:BAM_RSEQC:RSEQC_READDISTRIBUTION,TREATMENT_mIFNa11_10000_REP3,NFCORE_RNASEQ:RNASEQ:BAM_RSEQC:RSEQC_READDISTRIBUTION (TREATMENT_mIFNa11_10000_REP3),COMPLETED,0,-,quay.io/biocontainers/rseqc:3.0.1--py37h516909a_1,6,28800000,-,38654705664,1,1715239117120,1715243614000,1715243754000,4636880,139000,-,104.4,0.4,1113317376,2476978176,1145716736,2509225984,2100814725,2968,88515,19,12288,16384,10,1844,/input/data/work/a8/6cc68dc0dc1c21d7b987f28d890c05,true,-
778,1835342789,hu-worker-c41,90/2cd566,nf-902cd566955d0b466ee883e20a80a833,NFCORE_RNASEQ:RNASEQ:BAM_RSEQC:RSEQC_BAMSTAT,TREATMENT_mIFNa11_10000_REP3,NFCORE_RNASEQ:RNASEQ:BAM_RSEQC:RSEQC_BAMSTAT (TREATMENT_mIFNa11_10000_REP3),COMPLETED,0,-,quay.io/biocontainers/rseqc:3.0.1--py37h516909a_1,6,28800000,-,38654705664,1,1715239136831,1715243680000,1715243756000,4619169,75000,-,108.8,0.0,37785600,1396391936,37785600,1396396032,1843871570,2584,57129,19,4194304,16384,14,842,/input/data/work/90/2cd566955d0b466ee883e20a80a833,true,-
817,1858814180,hu-worker-c24,50/451d7f,nf-50451d7f7b7e8d319ad52040899e1038,NFCORE_RNASEQ:RNASEQ:BAM_RSEQC:RSEQC_READDISTRIBUTION,TREATMENT_rhIFNa2b_100_REP2,NFCORE_RNASEQ:RNASEQ:BAM_RSEQC:RSEQC_READDISTRIBUTION (TREATMENT_rhIFNa2b_100_REP2),COMPLETED,0,-,quay.io/biocontainers/rseqc:3.0.1--py37h516909a_1,6,28800000,-,38654705664,1,1715239554442,1715243624000,1715243764000,4209558,139000,-,104.5,0.4,1073659904,2437132288,1145884672,2509225984,2098594629,2964,88448,19,0,16384,12,1100,/input/data/work/50/451d7f7b7e8d319ad52040899e1038,true,-
871,1841066281,hu-worker-c27,a1/5f0733,nf-a15f0733ce682bccd54231f62f080f86,NFCORE_RNASEQ:RNASEQ:BAM_RSEQC:RSEQC_JUNCTIONSATURATION,TREATMENT_rhIFNa2b_100_REP1,NFCORE_RNASEQ:RNASEQ:BAM_RSEQC:RSEQC_JUNCTIONSATURATION (TREATMENT_rhIFNa2b_100_REP1),COMPLETED,0,-,quay.io/biocontainers/rseqc:3.0.1--py37h516909a_1,6,28800000,-,38654705664,1,1715239752351,1715243676000,1715243766000,4013649,89000,-,110.9,0.4,1052319744,2420482048,1052319744,2420486144,1855555019,18416,60039,35,4194304,32768,22,18483,/input/data/work/a1/5f0733ce682bccd54231f62f080f86,true,-
921,1829839334,hu-worker-c27,31/1e392f,nf-311e392f1c821f771b59ecd753f0158e,NFCORE_RNASEQ:RNASEQ:BAM_RSEQC:RSEQC_INFEREXPERIMENT,CONTROL_REP3,NFCORE_RNASEQ:RNASEQ:BAM_RSEQC:RSEQC_INFEREXPERIMENT (CONTROL_REP3),COMPLETED,0,-,quay.io/biocontainers/rseqc:3.0.1--py37h516909a_1,6,28800000,-,38654705664,1,1715240048906,1715243769000,1715243772000,3723094,2000,-,437.2,0.0,62377984,1420783616,62377984,1424986112,52216007,2029,4807,19,0,16384,16,22,/input/data/work/31/1e392f1c821f771b59ecd753f0158e,true,-
887,1832142944,hu-worker-c42,5b/0a9bd4,nf-5b0a9bd4e0d77eef2f96a578c687ff31,NFCORE_RNASEQ:RNASEQ:BAM_RSEQC:RSEQC_INNERDISTANCE,TREATMENT_rhIFNa2b_100_REP3,NFCORE_RNASEQ:RNASEQ:BAM_RSEQC:RSEQC_INNERDISTANCE (TREATMENT_rhIFNa2b_100_REP3),COMPLETED,0,-,quay.io/biocontainers/rseqc:3.0.1--py37h516909a_1,6,28800000,-,38654705664,1,1715239881990,1715243734000,1715243786000,3904010,51000,-,119.5,0.3,923525120,2323009536,929677312,2329042944,236902080,52377090,12999,6424,0,52432896,13,204,/input/data/work/5b/0a9bd4e0d77eef2f96a578c687ff31,true,-
813,1833122399,hu-worker-c28,df/6477b5,nf-df6477b5409c96f41c90e502e89f6050,NFCORE_RNASEQ:RNASEQ:BAM_RSEQC:RSEQC_BAMSTAT,TREATMENT_rhIFNa2b_100_REP2,NFCORE_RNASEQ:RNASEQ:BAM_RSEQC:RSEQC_BAMSTAT (TREATMENT_rhIFNa2b_100_REP2),COMPLETED,0,-,quay.io/biocontainers/rseqc:3.0.1--py37h516909a_1,6,28800000,-,38654705664,1,1715239563062,1715243713000,1715243790000,4226938,76000,-,108.3,0.0,37724160,1396289536,37724160,1396293632,1841651664,2581,57062,19,122880,16384,15,2285,/input/data/work/df/6477b5409c96f41c90e502e89f6050,true,-
784,1850456286,hu-worker-c28,63/99884f,nf-6399884f39b40b695b06c1d96ba69ea5,NFCORE_RNASEQ:RNASEQ:BAM_RSEQC:RSEQC_READDUPLICATION,TREATMENT_rhIFNa2b_1000_REP2,NFCORE_RNASEQ:RNASEQ:BAM_RSEQC:RSEQC_READDUPLICATION (TREATMENT_rhIFNa2b_1000_REP2),COMPLETED,0,-,quay.io/biocontainers/rseqc:3.0.1--py37h516909a_1,6,28800000,-,38654705664,1,1715239191599,1715243655000,1715243796000,4604401,140000,-,106.8,2.6,6889365504,8268435456,6889365504,8268439552,1865007412,97346,57971,53,8192,118784,16,629,/input/data/work/63/99884f39b40b695b06c1d96ba69ea5,true,-
874,1841066281,hu-worker-c34,d7/535e2b,nf-d7535e2bc06c03596312f8088d0ef57f,NFCORE_RNASEQ:RNASEQ:BAM_RSEQC:RSEQC_READDISTRIBUTION,TREATMENT_rhIFNa2b_100_REP1,NFCORE_RNASEQ:RNASEQ:BAM_RSEQC:RSEQC_READDISTRIBUTION (TREATMENT_rhIFNa2b_100_REP1),COMPLETED,0,-,quay.io/biocontainers/rseqc:3.0.1--py37h516909a_1,6,28800000,-,38654705664,1,1715239741320,1715243667000,1715243802000,4060680,134000,-,103.1,0.4,1135013888,2498211840,1146421248,2509225984,2080846427,2967,87905,19,0,16384,10,391,/input/data/work/d7/535e2bc06c03596312f8088d0ef57f,true,-
888,1832142944,hu-worker-c34,8c/471e04,nf-8c471e046d8a99eeb746415a1afb3aff,NFCORE_RNASEQ:RNASEQ:BAM_RSEQC:RSEQC_JUNCTIONSATURATION,TREATMENT_rhIFNa2b_100_REP3,NFCORE_RNASEQ:RNASEQ:BAM_RSEQC:RSEQC_JUNCTIONSATURATION (TREATMENT_rhIFNa2b_100_REP3),COMPLETED,0,-,quay.io/biocontainers/rseqc:3.0.1--py37h516909a_1,6,28800000,-,38654705664,1,1715239822122,1715243715000,1715243802000,3979878,86000,-,110.0,0.4,1038921728,2406060032,1049608192,2416816128,1846631007,18416,59767,35,0,32768,118,708,/input/data/work/8c/471e046d8a99eeb746415a1afb3aff,true,-
883,1832142944,hu-worker-c42,55/178dff,nf-55178dffbfdf1a47a3eff8e87d751cac,NFCORE_RNASEQ:RNASEQ:BAM_RSEQC:RSEQC_JUNCTIONANNOTATION,TREATMENT_rhIFNa2b_100_REP3,NFCORE_RNASEQ:RNASEQ:BAM_RSEQC:RSEQC_JUNCTIONANNOTATION (TREATMENT_rhIFNa2b_100_REP3),COMPLETED,0,-,quay.io/biocontainers/rseqc:3.0.1--py37h516909a_1,6,28800000,-,38654705664,1,1715239848682,1715243724000,1715243799000,3950318,74000,-,113.6,0.0,127799296,1484673024,131268608,1488089088,1860594141,55687069,61474,6794,0,55721984,12,351,/input/data/work/55/178dffbfdf1a47a3eff8e87d751cac,true,-
982,1829823143,hu-worker-c28,85/4676da,nf-854676da3bf3b432e39d6446e9e18106,NFCORE_RNASEQ:RNASEQ:BAM_RSEQC:RSEQC_INFEREXPERIMENT,CONTROL_REP2,NFCORE_RNASEQ:RNASEQ:BAM_RSEQC:RSEQC_INFEREXPERIMENT (CONTROL_REP2),COMPLETED,0,-,quay.io/biocontainers/rseqc:3.0.1--py37h516909a_1,6,28800000,-,38654705664,1,1715241340522,1715243799000,1715243802000,2461478,2000,-,423.0,0.0,62967808,1420783616,62967808,1424986112,52216018,2028,4807,19,0,16384,13,21,/input/data/work/85/4676da3bf3b432e39d6446e9e18106,true,-
954,1829848765,hu-worker-c35,59/6d2cd7,nf-596d2cd7a9d46dc08f158ee150fecd14,NFCORE_RNASEQ:RNASEQ:BAM_RSEQC:RSEQC_INNERDISTANCE,CONTROL_REP1,NFCORE_RNASEQ:RNASEQ:BAM_RSEQC:RSEQC_INNERDISTANCE (CONTROL_REP1),COMPLETED,0,-,quay.io/biocontainers/rseqc:3.0.1--py37h516909a_1,6,28800000,-,38654705664,1,1715241065446,1715243756000,1715243812000,2746554,54000,-,118.4,0.3,910839808,2310692864,929251328,2329047040,236967405,53240856,13001,6529,0,53276672,17,225,/input/data/work/59/6d2cd7a9d46dc08f158ee150fecd14,true,-
773,1835342789,hu-worker-c25,3f/d65b7e,nf-3fd65b7ec945ea2c820db366ccee22de,NFCORE_RNASEQ:RNASEQ:BAM_RSEQC:RSEQC_READDUPLICATION,TREATMENT_mIFNa11_10000_REP3,NFCORE_RNASEQ:RNASEQ:BAM_RSEQC:RSEQC_READDUPLICATION (TREATMENT_mIFNa11_10000_REP3),COMPLETED,0,-,quay.io/biocontainers/rseqc:3.0.1--py37h516909a_1,6,28800000,-,38654705664,1,1715239127892,1715243679000,1715243820000,4692108,140000,-,107.3,2.5,6844039168,8222183424,6844039168,8222187520,1849887300,89825,57510,52,0,106496,15,1002,/input/data/work/3f/d65b7ec945ea2c820db366ccee22de,true,-
953,1829848765,hu-worker-c27,4c/c69784,nf-4cc69784530b7ac8256db4826ede809f,NFCORE_RNASEQ:RNASEQ:BAM_RSEQC:RSEQC_JUNCTIONANNOTATION,CONTROL_REP1,NFCORE_RNASEQ:RNASEQ:BAM_RSEQC:RSEQC_JUNCTIONANNOTATION (CONTROL_REP1),COMPLETED,0,-,quay.io/biocontainers/rseqc:3.0.1--py37h516909a_1,6,28800000,-,38654705664,1,1715241053043,1715243741000,1715243820000,2766957,78000,-,112.4,0.0,125788160,1483886592,130043904,1488089088,1858303759,55704284,61408,6796,0,55738368,24,897,/input/data/work/4c/c69784530b7ac8256db4826ede809f,true,-
915,1829839334,hu-worker-c24,e2/f01071,nf-e2f01071898688a5eda55391f5401086,NFCORE_RNASEQ:RNASEQ:BAM_RSEQC:RSEQC_INNERDISTANCE,CONTROL_REP3,NFCORE_RNASEQ:RNASEQ:BAM_RSEQC:RSEQC_INNERDISTANCE (CONTROL_REP3),COMPLETED,0,-,quay.io/biocontainers/rseqc:3.0.1--py37h516909a_1,6,28800000,-,38654705664,1,1715239997135,1715243767000,1715243821000,3823865,53000,-,118.7,0.3,912887808,2313510912,928374784,2328981504,236984089,53240854,13002,6529,0,53280768,26,6122,/input/data/work/e2/f01071898688a5eda55391f5401086,true,-
818,1833122399,hu-worker-c25,6a/dc0d4d,nf-6adc0d4d18182cc78ce699c76f3f1160,NFCORE_RNASEQ:RNASEQ:BAM_RSEQC:RSEQC_READDUPLICATION,TREATMENT_rhIFNa2b_100_REP2,NFCORE_RNASEQ:RNASEQ:BAM_RSEQC:RSEQC_READDUPLICATION (TREATMENT_rhIFNa2b_100_REP2),COMPLETED,0,-,quay.io/biocontainers/rseqc:3.0.1--py37h516909a_1,6,28800000,-,38654705664,1,1715239515101,1715243709000,1715243849000,4333899,139000,-,107.3,2.5,6793781248,8165195776,6847647744,8225607680,1847673080,97062,57443,53,0,118784,63,979,/input/data/work/6a/dc0d4d18182cc78ce699c76f3f1160,true,-
951,1829848765,hu-worker-c41,da/4626d1,nf-da4626d1462dbbd3c06b2bfe9eb842bb,NFCORE_RNASEQ:RNASEQ:BAM_RSEQC:RSEQC_JUNCTIONSATURATION,CONTROL_REP1,NFCORE_RNASEQ:RNASEQ:BAM_RSEQC:RSEQC_JUNCTIONSATURATION (CONTROL_REP1),COMPLETED,0,-,quay.io/biocontainers/rseqc:3.0.1--py37h516909a_1,6,28800000,-,38654705664,1,1715241100177,1715243758000,1715243848000,2747823,89000,-,111.5,0.4,1052962816,2420482048,1052962816,2420486144,1844336888,18372,59701,35,0,32768,13,495,/input/data/work/da/4626d1462dbbd3c06b2bfe9eb842bb,true,-
987,1829823143,hu-worker-c28,bd/54c9bd,nf-bd54c9bd118e9d2f32c05faabc59f4ab,NFCORE_RNASEQ:RNASEQ:BAM_RSEQC:RSEQC_INNERDISTANCE,CONTROL_REP2,NFCORE_RNASEQ:RNASEQ:BAM_RSEQC:RSEQC_INNERDISTANCE (CONTROL_REP2),COMPLETED,0,-,quay.io/biocontainers/rseqc:3.0.1--py37h516909a_1,6,28800000,-,38654705664,1,1715241473668,1715243805000,1715243861000,2387332,55000,-,118.4,0.3,907743232,2307809280,929030144,2329047040,236984590,53240856,13002,6529,0,53276672,14,267,/input/data/work/bd/54c9bd118e9d2f32c05faabc59f4ab,true,-
885,1832142944,hu-worker-c24,4b/5b9522,nf-4b5b95222804c512ee33e8fb49d5ea1a,NFCORE_RNASEQ:RNASEQ:BAM_RSEQC:RSEQC_READDISTRIBUTION,TREATMENT_rhIFNa2b_100_REP3,NFCORE_RNASEQ:RNASEQ:BAM_RSEQC:RSEQC_READDISTRIBUTION (TREATMENT_rhIFNa2b_100_REP3),COMPLETED,0,-,quay.io/biocontainers/rseqc:3.0.1--py37h516909a_1,6,28800000,-,38654705664,1,1715239847628,1715243719000,1715243860000,4012372,140000,-,104.6,0.4,1090113536,2453909504,1145569280,2509225984,2071923394,2964,87633,19,0,16384,9,1262,/input/data/work/4b/5b95222804c512ee33e8fb49d5ea1a,true,-
917,1829839334,hu-worker-c27,54/785316,nf-54785316923b9fa770d74e3bc67914ee,NFCORE_RNASEQ:RNASEQ:BAM_RSEQC:RSEQC_JUNCTIONSATURATION,CONTROL_REP3,NFCORE_RNASEQ:RNASEQ:BAM_RSEQC:RSEQC_JUNCTIONSATURATION (CONTROL_REP3),COMPLETED,0,-,quay.io/biocontainers/rseqc:3.0.1--py37h516909a_1,6,28800000,-,38654705664,1,1715240049932,1715243775000,1715243866000,3816068,90000,-,110.8,0.4,1041588224,2409992192,1041588224,2409996288,1844327982,18374,59703,35,0,32768,7,846,/input/data/work/54/785316923b9fa770d74e3bc67914ee,true,-
916,1829839334,hu-worker-c42,0b/4ef3b2,nf-0b4ef3b28fa8414548a86dabf12492a3,NFCORE_RNASEQ:RNASEQ:BAM_RSEQC:RSEQC_JUNCTIONANNOTATION,CONTROL_REP3,NFCORE_RNASEQ:RNASEQ:BAM_RSEQC:RSEQC_JUNCTIONANNOTATION (CONTROL_REP3),COMPLETED,0,-,quay.io/biocontainers/rseqc:3.0.1--py37h516909a_1,6,28800000,-,38654705664,1,1715240060908,1715243788000,1715243866000,3805092,77000,-,111.6,0.0,127410176,1484148736,131399680,1488089088,1858293840,55704283,61410,6796,0,55738368,95,98195,/input/data/work/0b/4ef3b28fa8414548a86dabf12492a3,true,-
826,1957320685,hu-worker-c41,de/ea760d,nf-deea760daa0f122e4cb28328e664b18d,NFCORE_RNASEQ:RNASEQ:QUALIMAP_RNASEQ,TREATMENT_rhIFNb_100000_REP3,NFCORE_RNASEQ:RNASEQ:QUALIMAP_RNASEQ (TREATMENT_rhIFNb_100000_REP3),COMPLETED,0,-,quay.io/biocontainers/qualimap:2.2.2d--1,6,28800000,-,38654705664,1,1715239624590,1715243320000,1715243871000,4246410,550000,-,115.5,3.1,8291045376,38605721600,8291045376,38610587648,9463136984,7484000857,347237,1373716,183062528,7485255680,13,2,/input/data/work/de/ea760daa0f122e4cb28328e664b18d,true,-
985,1829823143,hu-worker-c34,25/767fb3,nf-25767fb3decbcfcb618b5edfaeb8e6d3,NFCORE_RNASEQ:RNASEQ:BAM_RSEQC:RSEQC_JUNCTIONANNOTATION,CONTROL_REP2,NFCORE_RNASEQ:RNASEQ:BAM_RSEQC:RSEQC_JUNCTIONANNOTATION (CONTROL_REP2),COMPLETED,0,-,quay.io/biocontainers/rseqc:3.0.1--py37h516909a_1,6,28800000,-,38654705664,1,1715241364719,1715243804000,1715243876000,2511281,71000,-,114.0,0.0,127471616,1484414976,131203072,1488093184,1858277560,55704283,61408,6796,0,55738368,7,245,/input/data/work/25/767fb3decbcfcb618b5edfaeb8e6d3,true,-
1017,1761184549,hu-worker-c41,bd/b8dd04,nf-bdb8dd043457c1aaff5916bdc5ea23db,NFCORE_RNASEQ:RNASEQ:BAM_RSEQC:RSEQC_INFEREXPERIMENT,TREATMENT_rhIFNb_100000_REP2,NFCORE_RNASEQ:RNASEQ:BAM_RSEQC:RSEQC_INFEREXPERIMENT (TREATMENT_rhIFNb_100000_REP2),COMPLETED,0,-,quay.io/biocontainers/rseqc:3.0.1--py37h516909a_1,6,28800000,-,38654705664,1,1715242136099,1715243873000,1715243877000,1740901,2000,-,420.0,0.0,63049728,1423798272,63049728,1424879616,52641549,2032,4820,19,0,16384,18,21,/input/data/work/bd/b8dd043457c1aaff5916bdc5ea23db,true,-
870,1815374500,hu-worker-c35,ca/6ca31d,nf-ca6ca31d769bb7ce9a9ea55e120e4646,NFCORE_RNASEQ:RNASEQ:BAM_RSEQC:RSEQC_BAMSTAT,TREATMENT_rhIFNa2b_100_REP1,NFCORE_RNASEQ:RNASEQ:BAM_RSEQC:RSEQC_BAMSTAT (TREATMENT_rhIFNa2b_100_REP1),COMPLETED,0,-,quay.io/biocontainers/rseqc:3.0.1--py37h516909a_1,6,28800000,-,38654705664,1,1715239741892,1715243815000,1715243887000,4145108,71000,-,109.0,0.0,38346752,1396289536,38346752,1396293632,1823903134,2580,56519,19,0,16384,9,199,/input/data/work/ca/6ca31d769bb7ce9a9ea55e120e4646,true,-
950,1829848765,hu-worker-c35,fa/bf0924,nf-fabf0924fd00bc916a50669ca3192377,NFCORE_RNASEQ:RNASEQ:BAM_RSEQC:RSEQC_READDISTRIBUTION,CONTROL_REP1,NFCORE_RNASEQ:RNASEQ:BAM_RSEQC:RSEQC_READDISTRIBUTION (CONTROL_REP1),COMPLETED,0,-,quay.io/biocontainers/rseqc:3.0.1--py37h516909a_1,6,28800000,-,38654705664,1,1715241054165,1715243751000,1715243891000,2836835,139000,-,104.7,0.4,1113321472,2476978176,1145794560,2509225984,2069628888,2952,87567,19,0,16384,9,1119,/input/data/work/fa/bf0924fd00bc916a50669ca3192377,true,-
986,1829823143,hu-worker-c34,70/32f7cf,nf-7032f7cf04ea1c15d20c28ec4ba70d2f,NFCORE_RNASEQ:RNASEQ:BAM_RSEQC:RSEQC_JUNCTIONSATURATION,CONTROL_REP2,NFCORE_RNASEQ:RNASEQ:BAM_RSEQC:RSEQC_JUNCTIONSATURATION (CONTROL_REP2),COMPLETED,0,-,quay.io/biocontainers/rseqc:3.0.1--py37h516909a_1,6,28800000,-,38654705664,1,1715241495626,1715243805000,1715243893000,2397374,87000,-,111.4,0.4,1042800640,2409992192,1053634560,2420748288,1844311164,18358,59701,35,0,32768,5,307,/input/data/work/70/32f7cf04ea1c15d20c28ec4ba70d2f,true,-
889,1806451163,hu-worker-c27,f3/c802ca,nf-f3c802ca400f3aca247a7099be966cad,NFCORE_RNASEQ:RNASEQ:BAM_RSEQC:RSEQC_BAMSTAT,TREATMENT_rhIFNa2b_100_REP3,NFCORE_RNASEQ:RNASEQ:BAM_RSEQC:RSEQC_BAMSTAT (TREATMENT_rhIFNa2b_100_REP3),COMPLETED,0,-,quay.io/biocontainers/rseqc:3.0.1--py37h516909a_1,6,28800000,-,38654705664,1,1715239847494,1715243823000,1715243900000,4052506,76000,-,108.2,0.0,37048320,1396289536,37048320,1396293632,1814980415,2582,56247,19,0,16384,17,773,/input/data/work/f3/c802ca400f3aca247a7099be966cad,true,-
948,1804156984,hu-worker-c25,79/479182,nf-7947918218cf45a70aff04b0bc201f20,NFCORE_RNASEQ:RNASEQ:BAM_RSEQC:RSEQC_BAMSTAT,CONTROL_REP1,NFCORE_RNASEQ:RNASEQ:BAM_RSEQC:RSEQC_BAMSTAT (CONTROL_REP1),COMPLETED,0,-,quay.io/biocontainers/rseqc:3.0.1--py37h516909a_1,6,28800000,-,38654705664,1,1715241063682,1715243851000,1715243927000,2863318,75000,-,108.8,0.0,38092800,1396289536,38092800,1396293632,1812686221,2583,56181,19,0,16384,18,602,/input/data/work/79/47918218cf45a70aff04b0bc201f20,true,-
920,1829839334,hu-worker-c28,2e/6af4ec,nf-2e6af4ecf4d2d579fb6d96441b3ba17b,NFCORE_RNASEQ:RNASEQ:BAM_RSEQC:RSEQC_READDISTRIBUTION,CONTROL_REP3,NFCORE_RNASEQ:RNASEQ:BAM_RSEQC:RSEQC_READDISTRIBUTION (CONTROL_REP3),COMPLETED,0,-,quay.io/biocontainers/rseqc:3.0.1--py37h516909a_1,6,28800000,-,38654705664,1,1715240062881,1715243793000,1715243935000,3872119,141000,-,104.4,0.4,1030729728,2395189248,1144860672,2509225984,2069620089,2952,87569,19,671744,16384,129,984,/input/data/work/2e/6af4ecf4d2d579fb6d96441b3ba17b,true,-
918,1804147553,hu-worker-c24,dc/02d2e9,nf-dc02d2e99999dd31186ce32e250b765a,NFCORE_RNASEQ:RNASEQ:BAM_RSEQC:RSEQC_BAMSTAT,CONTROL_REP3,NFCORE_RNASEQ:RNASEQ:BAM_RSEQC:RSEQC_BAMSTAT (CONTROL_REP3),COMPLETED,0,-,quay.io/biocontainers/rseqc:3.0.1--py37h516909a_1,6,28800000,-,38654705664,1,1715240004496,1715243863000,1715243937000,3932504,73000,-,108.5,0.0,38207488,1396293632,38207488,1396297728,1812676453,2577,56183,19,0,16384,10,21145,/input/data/work/dc/02d2e99999dd31186ce32e250b765a,true,-
983,1829823143,hu-worker-c42,fd/3d7c47,nf-fd3d7c4703da983684cd15a543f3512a,NFCORE_RNASEQ:RNASEQ:BAM_RSEQC:RSEQC_READDISTRIBUTION,CONTROL_REP2,NFCORE_RNASEQ:RNASEQ:BAM_RSEQC:RSEQC_READDISTRIBUTION (CONTROL_REP2),COMPLETED,0,-,quay.io/biocontainers/rseqc:3.0.1--py37h516909a_1,6,28800000,-,38654705664,1,1715241340630,1715243801000,1715243937000,2596370,135000,-,104.5,0.4,1113907200,2476978176,1146396672,2509225984,2069603349,2952,87567,19,0,16384,17,2010,/input/data/work/fd/3d7c4703da983684cd15a543f3512a,true,-
1018,1761184549,hu-worker-c41,7e/6c06a1,nf-7e6c06a1c9c841f08ed1b4c00e52c6d6,NFCORE_RNASEQ:RNASEQ:BAM_RSEQC:RSEQC_INNERDISTANCE,TREATMENT_rhIFNb_100000_REP2,NFCORE_RNASEQ:RNASEQ:BAM_RSEQC:RSEQC_INNERDISTANCE (TREATMENT_rhIFNb_100000_REP2),COMPLETED,0,-,quay.io/biocontainers/rseqc:3.0.1--py37h516909a_1,6,28800000,-,38654705664,1,1715242139373,1715243880000,1715243938000,1798627,57000,-,117.5,0.3,918585344,2318815232,928858112,2329042944,238786641,55079840,13057,6752,0,55115776,14,311,/input/data/work/7e/6c06a1c9c841f08ed1b4c00e52c6d6,true,-
988,1804131362,hu-worker-c27,52/ef258f,nf-52ef258fa358982c41702e51cfbd6a8c,NFCORE_RNASEQ:RNASEQ:BAM_RSEQC:RSEQC_BAMSTAT,CONTROL_REP2,NFCORE_RNASEQ:RNASEQ:BAM_RSEQC:RSEQC_BAMSTAT (CONTROL_REP2),COMPLETED,0,-,quay.io/biocontainers/rseqc:3.0.1--py37h516909a_1,6,28800000,-,38654705664,1,1715241358160,1715243868000,1715243942000,2583840,73000,-,108.3,0.0,37388288,1396289536,37388288,1396293632,1812660585,2581,56181,19,0,16384,9,714,/input/data/work/52/ef258fa358982c41702e51cfbd6a8c,true,-
1001,1671041128,hu-worker-c24,80/0aeb1c,nf-800aeb1c3030b73f3c29fff471f79fd9,NFCORE_RNASEQ:RNASEQ:BAM_RSEQC:RSEQC_INFEREXPERIMENT,TREATMENT_mIFNa11_100_REP3,NFCORE_RNASEQ:RNASEQ:BAM_RSEQC:RSEQC_INFEREXPERIMENT (TREATMENT_mIFNa11_100_REP3),COMPLETED,0,-,quay.io/biocontainers/rseqc:3.0.1--py37h516909a_1,6,28800000,-,38654705664,1,1715241679240,1715243939000,1715243942000,2262760,2000,-,430.6,0.0,63172608,1420783616,63172608,1424986112,52248480,2025,4808,19,0,16384,8,8,/input/data/work/80/0aeb1c3030b73f3c29fff471f79fd9,true,-
1022,1761184549,hu-worker-c34,07/9d7d35,nf-079d7d35ef1aa544251b375ac7e02a74,NFCORE_RNASEQ:RNASEQ:BAM_RSEQC:RSEQC_JUNCTIONSATURATION,TREATMENT_rhIFNb_100000_REP2,NFCORE_RNASEQ:RNASEQ:BAM_RSEQC:RSEQC_JUNCTIONSATURATION (TREATMENT_rhIFNb_100000_REP2),COMPLETED,0,-,quay.io/biocontainers/rseqc:3.0.1--py37h516909a_1,6,28800000,-,38654705664,1,1715242138005,1715243879000,1715243961000,1822995,81000,-,112.1,0.4,985182208,2346098688,995954688,2356854784,1775672668,18416,57603,35,0,32768,12,771,/input/data/work/07/9d7d35ef1aa544251b375ac7e02a74,true,-
869,1815374500,hu-worker-c25,91/d2616c,nf-91d2616ce2beb41ea3215b109c8ac1e3,NFCORE_RNASEQ:RNASEQ:BAM_RSEQC:RSEQC_READDUPLICATION,TREATMENT_rhIFNa2b_100_REP1,NFCORE_RNASEQ:RNASEQ:BAM_RSEQC:RSEQC_READDUPLICATION (TREATMENT_rhIFNa2b_100_REP1),COMPLETED,0,-,quay.io/biocontainers/rseqc:3.0.1--py37h516909a_1,6,28800000,-,38654705664,1,1715239742262,1715243822000,1715243962000,4219738,139000,-,107.3,2.5,6655328256,8133066752,6813892608,8192045056,1829922675,95363,56900,52,0,114688,16,897,/input/data/work/91/d2616ce2beb41ea3215b109c8ac1e3,true,-
886,1806451163,hu-worker-c24,65/24f367,nf-6524f367eb75063c23fc795d3ca96ea9,NFCORE_RNASEQ:RNASEQ:BAM_RSEQC:RSEQC_READDUPLICATION,TREATMENT_rhIFNa2b_100_REP3,NFCORE_RNASEQ:RNASEQ:BAM_RSEQC:RSEQC_READDUPLICATION (TREATMENT_rhIFNa2b_100_REP3),COMPLETED,0,-,quay.io/biocontainers/rseqc:3.0.1--py37h516909a_1,6,28800000,-,38654705664,1,1715239871941,1715243824000,1715243962000,4090059,137000,-,107.0,2.4,6602522624,7960801280,6800830464,8179064832,1820998318,94941,56628,52,4096,114688,9,803,/input/data/work/65/24f367eb75063c23fc795d3ca96ea9,true,-
1021,1761184549,hu-worker-c35,ed/f37a0d,nf-edf37a0dd1c0a3f5b45486c2288ddfa7,NFCORE_RNASEQ:RNASEQ:BAM_RSEQC:RSEQC_JUNCTIONANNOTATION,TREATMENT_rhIFNb_100000_REP2,NFCORE_RNASEQ:RNASEQ:BAM_RSEQC:RSEQC_JUNCTIONANNOTATION (TREATMENT_rhIFNb_100000_REP2),COMPLETED,0,-,quay.io/biocontainers/rseqc:3.0.1--py37h516909a_1,6,28800000,-,38654705664,1,1715242175732,1715243894000,1715243964000,1788268,69000,-,113.5,0.0,127176704,1484410880,130899968,1488089088,1789520794,55223681,59296,6738,0,55259136,10,10400,/input/data/work/ed/f37a0dd1c0a3f5b45486c2288ddfa7,true,-
1026,1610102945,hu-worker-c34,7c/a98ab3,nf-7ca98ab3776c0e82638cec155d4301e3,NFCORE_RNASEQ:RNASEQ:BAM_RSEQC:RSEQC_INFEREXPERIMENT,TREATMENT_mIFNa11_100000_REP3,NFCORE_RNASEQ:RNASEQ:BAM_RSEQC:RSEQC_INFEREXPERIMENT (TREATMENT_mIFNa11_100000_REP3),COMPLETED,0,-,quay.io/biocontainers/rseqc:3.0.1--py37h516909a_1,6,28800000,-,38654705664,1,1715242180728,1715243964000,1715243967000,1786272,2000,-,436.8,0.0,63848448,1420783616,63848448,1424986112,52412023,2028,4813,19,0,16384,9,11,/input/data/work/7c/a98ab3776c0e82638cec155d4301e3,true,-
1016,1735492768,hu-worker-c27,0c/b06a88,nf-0cb06a887a2de440b0431315f0fd2119,NFCORE_RNASEQ:RNASEQ:BAM_RSEQC:RSEQC_BAMSTAT,TREATMENT_rhIFNb_100000_REP2,NFCORE_RNASEQ:RNASEQ:BAM_RSEQC:RSEQC_BAMSTAT (TREATMENT_rhIFNb_100000_REP2),COMPLETED,0,-,quay.io/biocontainers/rseqc:3.0.1--py37h516909a_1,6,28800000,-,38654705664,1,1715242163141,1715243902000,1715243976000,1812859,73000,-,108.9,0.0,37036032,1396289536,37036032,1396293632,1744022022,2577,54083,19,0,16384,12,764,/input/data/work/0c/b06a887a2de440b0431315f0fd2119,true,-
952,1804156984,hu-worker-c41,4b/143326,nf-4b1433264d9a8ef26e47aa06a535c31b,NFCORE_RNASEQ:RNASEQ:BAM_RSEQC:RSEQC_READDUPLICATION,CONTROL_REP1,NFCORE_RNASEQ:RNASEQ:BAM_RSEQC:RSEQC_READDUPLICATION (CONTROL_REP1),COMPLETED,0,-,quay.io/biocontainers/rseqc:3.0.1--py37h516909a_1,6,28800000,-,38654705664,1,1715241049244,1715243850000,1715243991000,2941756,140000,-,107.3,2.5,6813667328,8192045056,6813667328,8192049152,1818704582,95304,56562,52,4096,114688,6,653,/input/data/work/4b/1433264d9a8ef26e47aa06a535c31b,true,-
1000,1671041128,hu-worker-c42,f8/4e47b2,nf-f84e47b2d0305b0b85dea0752e34fd31,NFCORE_RNASEQ:RNASEQ:BAM_RSEQC:RSEQC_INNERDISTANCE,TREATMENT_mIFNa11_100_REP3,NFCORE_RNASEQ:RNASEQ:BAM_RSEQC:RSEQC_INNERDISTANCE (TREATMENT_mIFNa11_100_REP3),COMPLETED,0,-,quay.io/biocontainers/rseqc:3.0.1--py37h516909a_1,6,28800000,-,38654705664,1,1715241777489,1715243940000,1715243995000,2217511,54000,-,118.6,0.3,910454784,2756923392,1027874816,3761139712,237393436,54448849,13014,6675,0,54497280,61,264,/input/data/work/f8/4e47b2d0305b0b85dea0752e34fd31,true,-
984,1804131362,hu-worker-c42,6a/f14ead,nf-6af14ead5070561fb6c86b42a12be6e8,NFCORE_RNASEQ:RNASEQ:BAM_RSEQC:RSEQC_READDUPLICATION,CONTROL_REP2,NFCORE_RNASEQ:RNASEQ:BAM_RSEQC:RSEQC_READDUPLICATION (CONTROL_REP2),COMPLETED,0,-,quay.io/biocontainers/rseqc:3.0.1--py37h516909a_1,6,28800000,-,38654705664,1,1715241358725,1715243868000,1715244001000,2642275,132000,-,107.3,2.5,6632165376,7989633024,6866214912,9624129536,1818678897,95300,56562,52,0,114688,50,273,/input/data/work/6a/f14ead5070561fb6c86b42a12be6e8,true,-
919,1804147553,hu-worker-c28,d9/e3f16c,nf-d9e3f16c02f7f3bc9c5f61e663df0cd7,NFCORE_RNASEQ:RNASEQ:BAM_RSEQC:RSEQC_READDUPLICATION,CONTROL_REP3,NFCORE_RNASEQ:RNASEQ:BAM_RSEQC:RSEQC_READDUPLICATION (CONTROL_REP3),COMPLETED,0,-,quay.io/biocontainers/rseqc:3.0.1--py37h516909a_1,6,28800000,-,38654705664,1,1715240013848,1715243863000,1715244002000,3988152,138000,-,106.8,2.5,6654439424,8013488128,6812995584,8192045056,1818695638,95300,56564,52,1368064,114688,9,1439,/input/data/work/d9/e3f16c02f7f3bc9c5f61e663df0cd7,true,-
995,1671041128,hu-worker-c25,24/218b32,nf-24218b32faf291cce5ca3fa267897d4c,NFCORE_RNASEQ:RNASEQ:BAM_RSEQC:RSEQC_JUNCTIONSATURATION,TREATMENT_mIFNa11_100_REP3,NFCORE_RNASEQ:RNASEQ:BAM_RSEQC:RSEQC_JUNCTIONSATURATION (TREATMENT_mIFNa11_100_REP3),COMPLETED,0,-,quay.io/biocontainers/rseqc:3.0.1--py37h516909a_1,6,28800000,-,38654705664,1,1715241597051,1715243929000,1715244011000,2413949,81000,-,112.4,0.4,956592128,2320932864,956592128,2320936960,1685529874,18429,54851,35,0,32768,11,950,/input/data/work/24/218b32faf291cce5ca3fa267897d4c,true,-
997,1671041128,hu-worker-c28,48/5c9cc8,nf-485c9cc838ba57914e3d8ca9747b27ad,NFCORE_RNASEQ:RNASEQ:BAM_RSEQC:RSEQC_JUNCTIONANNOTATION,TREATMENT_mIFNa11_100_REP3,NFCORE_RNASEQ:RNASEQ:BAM_RSEQC:RSEQC_JUNCTIONANNOTATION (TREATMENT_mIFNa11_100_REP3),COMPLETED,0,-,quay.io/biocontainers/rseqc:3.0.1--py37h516909a_1,6,28800000,-,38654705664,1,1715241606207,1715243937000,1715244010000,2403793,72000,-,112.5,0.0,125820928,1483886592,130076672,1488089088,1699217237,54627352,56524,6666,36864,54661120,299,81195,/input/data/work/48/5c9cc838ba57914e3d8ca9747b27ad,true,-
998,1645349347,hu-worker-c24,08/92e6f6,nf-0892e6f6229ce62421038d18df570e7d,NFCORE_RNASEQ:RNASEQ:BAM_RSEQC:RSEQC_BAMSTAT,TREATMENT_mIFNa11_100_REP3,NFCORE_RNASEQ:RNASEQ:BAM_RSEQC:RSEQC_BAMSTAT (TREATMENT_mIFNa11_100_REP3),COMPLETED,0,-,quay.io/biocontainers/rseqc:3.0.1--py37h516909a_1,6,28800000,-,38654705664,1,1715242027019,1715243945000,1715244013000,1985981,67000,-,109.7,0.0,38113280,1396293632,38113280,1396297728,1653878275,2573,51331,19,0,16384,8,335,/input/data/work/08/92e6f6229ce62421038d18df570e7d,true,-
976,1371228947,hu-worker-c25,86/fc9135,nf-86fc91351362e7079682af14f3c6e949,NFCORE_RNASEQ:RNASEQ:BAM_RSEQC:RSEQC_INFEREXPERIMENT,TREATMENT_rhINFa2b_10000_REP3,NFCORE_RNASEQ:RNASEQ:BAM_RSEQC:RSEQC_INFEREXPERIMENT (TREATMENT_rhINFa2b_10000_REP3),COMPLETED,0,-,quay.io/biocontainers/rseqc:3.0.1--py37h516909a_1,6,28800000,-,38654705664,1,1715241267149,1715244014000,1715244017000,2749851,2000,-,439.4,0.0,63139840,1420677120,63139840,1424879616,52691589,2031,4822,19,0,16384,9,70,/input/data/work/86/fc91351362e7079682af14f3c6e949,true,-
1019,1735492768,hu-worker-c34,ca/069580,nf-ca069580018f39fd529db58e7b2642f3,NFCORE_RNASEQ:RNASEQ:BAM_RSEQC:RSEQC_READDUPLICATION,TREATMENT_rhIFNb_100000_REP2,NFCORE_RNASEQ:RNASEQ:BAM_RSEQC:RSEQC_READDUPLICATION (TREATMENT_rhIFNb_100000_REP2),COMPLETED,0,-,quay.io/biocontainers/rseqc:3.0.1--py37h516909a_1,6,28800000,-,38654705664,1,1715242137895,1715243896000,1715244022000,1884105,125000,-,107.6,2.4,6354620416,7712223232,6354620416,7712227328,1750036821,87071,54464,51,0,102400,11,352,/input/data/work/ca/069580018f39fd529db58e7b2642f3,true,-
1020,1761184549,hu-worker-c35,27/6c5240,nf-276c5240cb8d195766e20517bd110cb7,NFCORE_RNASEQ:RNASEQ:BAM_RSEQC:RSEQC_READDISTRIBUTION,TREATMENT_rhIFNb_100000_REP2,NFCORE_RNASEQ:RNASEQ:BAM_RSEQC:RSEQC_READDISTRIBUTION (TREATMENT_rhIFNb_100000_REP2),COMPLETED,0,-,quay.io/biocontainers/rseqc:3.0.1--py37h516909a_1,6,28800000,-,38654705664,1,1715242147164,1715243890000,1715244025000,1877836,134000,-,104.4,0.4,1113579520,2476978176,1146056704,2509225984,2000964705,2968,85469,19,0,16384,5,1082,/input/data/work/27/6c5240cb8d195766e20517bd110cb7,true,-
1027,1610102945,hu-worker-c25,38/9e0cd1,nf-389e0cd1e8002f6e843722dbfe4e3fc9,NFCORE_RNASEQ:RNASEQ:BAM_RSEQC:RSEQC_INNERDISTANCE,TREATMENT_mIFNa11_100000_REP3,NFCORE_RNASEQ:RNASEQ:BAM_RSEQC:RSEQC_INNERDISTANCE (TREATMENT_mIFNa11_100000_REP3),COMPLETED,0,-,quay.io/biocontainers/rseqc:3.0.1--py37h516909a_1,6,28800000,-,38654705664,1,1715242217844,1715243964000,1715244022000,1804156,56000,-,117.9,0.3,923185152,2323271680,929009664,2329042944,237017257,53930652,13003,6613,0,53977088,12,312,/input/data/work/38/9e0cd1e8002f6e843722dbfe4e3fc9,true,-
1024,1610102945,hu-worker-c35,66/53dc6a,nf-6653dc6aaaa392be690937470c86a9ba,NFCORE_RNASEQ:RNASEQ:BAM_RSEQC:RSEQC_JUNCTIONANNOTATION,TREATMENT_mIFNa11_100000_REP3,NFCORE_RNASEQ:RNASEQ:BAM_RSEQC:RSEQC_JUNCTIONANNOTATION (TREATMENT_mIFNa11_100000_REP3),COMPLETED,0,-,quay.io/biocontainers/rseqc:3.0.1--py37h516909a_1,6,28800000,-,38654705664,1,1715242224067,1715243967000,1715244032000,1807933,64000,-,114.8,0.0,127029248,1484410880,130752512,1488089088,1638474747,55373868,54690,6757,0,55402496,15,712,/input/data/work/66/53dc6aaaa392be690937470c86a9ba,true,-
1045,1302249334,hu-worker-c35,4e/7e8af7,nf-4e7e8af79cbd84d3a66d39bc0e61e44b,NFCORE_RNASEQ:RNASEQ:BAM_RSEQC:RSEQC_INFEREXPERIMENT,TREATMENT_mIFNa11_100000_REP2,NFCORE_RNASEQ:RNASEQ:BAM_RSEQC:RSEQC_INFEREXPERIMENT (TREATMENT_mIFNa11_100000_REP2),COMPLETED,0,-,quay.io/biocontainers/rseqc:3.0.1--py37h516909a_1,6,28800000,-,38654705664,1,1715242355273,1715244034000,1715244037000,1681727,2000,-,451.9,0.0,63545344,1420677120,63545344,1424879616,52575870,2028,4818,19,8192,16384,14,17,/input/data/work/4e/7e8af79cbd84d3a66d39bc0e61e44b,true,-
1029,1584411164,hu-worker-c27,37/8365be,nf-378365be8c598d063e864425f1f9a441,NFCORE_RNASEQ:RNASEQ:BAM_RSEQC:RSEQC_BAMSTAT,TREATMENT_mIFNa11_100000_REP3,NFCORE_RNASEQ:RNASEQ:BAM_RSEQC:RSEQC_BAMSTAT (TREATMENT_mIFNa11_100000_REP3),COMPLETED,0,-,quay.io/biocontainers/rseqc:3.0.1--py37h516909a_1,6,28800000,-,38654705664,1,1715242223199,1715243978000,1715244043000,1819801,64000,-,110.6,0.0,37031936,1396289536,37031936,1396293632,1592940421,2577,49473,19,0,16384,11,457,/input/data/work/37/8365be8c598d063e864425f1f9a441,true,-
1025,1610102945,hu-worker-c34,2e/943258,nf-2e943258dc2bbd6f8d87dd531d4d4e4b,NFCORE_RNASEQ:RNASEQ:BAM_RSEQC:RSEQC_JUNCTIONSATURATION,TREATMENT_mIFNa11_100000_REP3,NFCORE_RNASEQ:RNASEQ:BAM_RSEQC:RSEQC_JUNCTIONSATURATION (TREATMENT_mIFNa11_100000_REP3),COMPLETED,0,-,quay.io/biocontainers/rseqc:3.0.1--py37h516909a_1,6,28800000,-,38654705664,1,1715242245764,1715243970000,1715244047000,1801236,76000,-,112.7,0.3,908419072,2266963968,908419072,2266968064,1624591070,18418,52993,35,0,32768,97,532,/input/data/work/2e/943258dc2bbd6f8d87dd531d4d4e4b,true,-
977,1371228947,hu-worker-c42,28/52e273,nf-2852e2734252280176dbbc604c49e567,NFCORE_RNASEQ:RNASEQ:BAM_RSEQC:RSEQC_JUNCTIONANNOTATION,TREATMENT_rhINFa2b_10000_REP3,NFCORE_RNASEQ:RNASEQ:BAM_RSEQC:RSEQC_JUNCTIONANNOTATION (TREATMENT_rhINFa2b_10000_REP3),COMPLETED,0,-,quay.io/biocontainers/rseqc:3.0.1--py37h516909a_1,6,28800000,-,38654705664,1,1715241251174,1715244003000,1715244057000,2805826,53000,-,117.8,0.0,126808064,1483362304,131383296,1488089088,1398610992,51539690,47277,6292,0,51568640,8,269,/input/data/work/28/52e2734252280176dbbc604c49e567,true,-
975,1371228947,hu-worker-c42,05/6daf65,nf-056daf656d3555e81e48680dc4e1c8d6,NFCORE_RNASEQ:RNASEQ:BAM_RSEQC:RSEQC_JUNCTIONSATURATION,TREATMENT_rhINFa2b_10000_REP3,NFCORE_RNASEQ:RNASEQ:BAM_RSEQC:RSEQC_JUNCTIONSATURATION (TREATMENT_rhINFa2b_10000_REP3),COMPLETED,0,-,quay.io/biocontainers/rseqc:3.0.1--py37h516909a_1,6,28800000,-,38654705664,1,1715241246374,1715243998000,1715244063000,2816626,64000,-,114.6,0.3,787611648,2148851712,787611648,2148855808,1385716965,18319,45702,35,0,32768,66,308,/input/data/work/05/6daf656d3555e81e48680dc4e1c8d6,true,-
974,1371228947,hu-worker-c28,09/e9e3b8,nf-09e9e3b8a31d347d7e29cdfe8c82e8ea,NFCORE_RNASEQ:RNASEQ:BAM_RSEQC:RSEQC_INNERDISTANCE,TREATMENT_rhINFa2b_10000_REP3,NFCORE_RNASEQ:RNASEQ:BAM_RSEQC:RSEQC_INNERDISTANCE (TREATMENT_rhINFa2b_10000_REP3),COMPLETED,0,-,quay.io/biocontainers/rseqc:3.0.1--py37h516909a_1,6,28800000,-,38654705664,1,1715241257386,1715244005000,1715244064000,2806614,58000,-,117.3,0.3,918044672,2318290944,928866304,2329042944,239442416,55041788,13077,6747,0,55095296,15,339,/input/data/work/09/e9e3b8a31d347d7e29cdfe8c82e8ea,true,-
959,1066918306,hu-worker-c28,65/2723ef,nf-652723ef2c600aa998944fc28d61f0d3,NFCORE_RNASEQ:RNASEQ:BAM_RSEQC:RSEQC_INFEREXPERIMENT,TREATMENT_rhIFNb_100000_REP3,NFCORE_RNASEQ:RNASEQ:BAM_RSEQC:RSEQC_INFEREXPERIMENT (TREATMENT_rhIFNb_100000_REP3),COMPLETED,0,-,quay.io/biocontainers/rseqc:3.0.1--py37h516909a_1,6,28800000,-,38654705664,1,1715241133646,1715244066000,1715244069000,2935354,2000,-,424.2,0.0,62562304,1420677120,62562304,1424879616,52281587,2028,4809,19,4096,16384,10,20,/input/data/work/65/2723ef2c600aa998944fc28d61f0d3,true,-
996,1645349347,hu-worker-c27,ec/f67848,nf-ecf678486d6f47716a94dabbf5515269,NFCORE_RNASEQ:RNASEQ:BAM_RSEQC:RSEQC_READDUPLICATION,TREATMENT_mIFNa11_100_REP3,NFCORE_RNASEQ:RNASEQ:BAM_RSEQC:RSEQC_READDUPLICATION (TREATMENT_mIFNa11_100_REP3),COMPLETED,0,-,quay.io/biocontainers/rseqc:3.0.1--py37h516909a_1,6,28800000,-,38654705664,1,1715242027901,1715243945000,1715244071000,2043099,125000,-,108.0,2.4,6346121216,7723233280,6346121216,7723237376,1659892190,88685,51712,52,0,106496,72,1093,/input/data/work/ec/f678486d6f47716a94dabbf5515269,true,-
971,1345537166,hu-worker-c25,a8/baaa73,nf-a8baaa7308136ee1658aa1cb5dc8c9c5,NFCORE_RNASEQ:RNASEQ:BAM_RSEQC:RSEQC_BAMSTAT,TREATMENT_rhINFa2b_10000_REP3,NFCORE_RNASEQ:RNASEQ:BAM_RSEQC:RSEQC_BAMSTAT (TREATMENT_rhINFa2b_10000_REP3),COMPLETED,0,-,quay.io/biocontainers/rseqc:3.0.1--py37h516909a_1,6,28800000,-,38654705664,1,1715241285845,1715244020000,1715244075000,2789155,54000,-,111.5,0.0,37941248,1396289536,37941248,1396293632,1354066437,2578,42182,19,0,16384,9,860,/input/data/work/a8/baaa7308136ee1658aa1cb5dc8c9c5,true,-
999,1671041128,hu-worker-c41,de/ed33f9,nf-deed33f9de3b329169aa3729fcc7a189,NFCORE_RNASEQ:RNASEQ:BAM_RSEQC:RSEQC_READDISTRIBUTION,TREATMENT_mIFNa11_100_REP3,NFCORE_RNASEQ:RNASEQ:BAM_RSEQC:RSEQC_READDISTRIBUTION (TREATMENT_mIFNa11_100_REP3),COMPLETED,0,-,quay.io/biocontainers/rseqc:3.0.1--py37h516909a_1,6,28800000,-,38654705664,1,1715241994671,1715243941000,1715244071000,2076329,129000,-,105.1,0.4,1113227264,2476978176,1145704448,2509225984,1910821424,2970,82717,19,0,16384,44,948,/input/data/work/de/ed33f9de3b329169aa3729fcc7a189,true,-
1044,1302249334,hu-worker-c35,28/8e8abb,nf-288e8abb64638f0016f67643c1c35e36,NFCORE_RNASEQ:RNASEQ:BAM_RSEQC:RSEQC_JUNCTIONANNOTATION,TREATMENT_mIFNa11_100000_REP2,NFCORE_RNASEQ:RNASEQ:BAM_RSEQC:RSEQC_JUNCTIONANNOTATION (TREATMENT_mIFNa11_100000_REP2),COMPLETED,0,-,quay.io/biocontainers/rseqc:3.0.1--py37h516909a_1,6,28800000,-,38654705664,1,1715242326308,1715244027000,1715244083000,1756692,55000,-,118.3,0.0,126029824,1483362304,130801664,1488089088,1329713743,51847886,45182,6329,0,51879936,11,572,/input/data/work/28/8e8abb64638f0016f67643c1c35e36,true,-
1023,1610102945,hu-worker-c24,42/5be599,nf-425be599ced0297a1a3d1ec04035767d,NFCORE_RNASEQ:RNASEQ:BAM_RSEQC:RSEQC_READDISTRIBUTION,TREATMENT_mIFNa11_100000_REP3,NFCORE_RNASEQ:RNASEQ:BAM_RSEQC:RSEQC_READDISTRIBUTION (TREATMENT_mIFNa11_100000_REP3),COMPLETED,0,-,quay.io/biocontainers/rseqc:3.0.1--py37h516909a_1,6,28800000,-,38654705664,1,1715242185536,1715243964000,1715244094000,1908464,129000,-,104.3,0.4,1113477120,2476978176,1145946112,2509225984,1849883398,2966,80859,19,0,16384,68,86905,/input/data/work/42/5be599ced0297a1a3d1ec04035767d,true,-
1046,1302249334,hu-worker-c25,61/721339,nf-617213393649a547288011a36f8dfb3c,NFCORE_RNASEQ:RNASEQ:BAM_RSEQC:RSEQC_JUNCTIONSATURATION,TREATMENT_mIFNa11_100000_REP2,NFCORE_RNASEQ:RNASEQ:BAM_RSEQC:RSEQC_JUNCTIONSATURATION (TREATMENT_mIFNa11_100000_REP2),COMPLETED,0,-,quay.io/biocontainers/rseqc:3.0.1--py37h516909a_1,6,28800000,-,38654705664,1,1715242304268,1715244025000,1715244091000,1786732,65000,-,114.8,0.3,746782720,2104885248,746782720,2104889344,1316737856,18313,43597,35,4194304,32768,32,20886,/input/data/work/61/7213393649a547288011a36f8dfb3c,true,-
1041,1302249334,hu-worker-c35,94/a3d72f,nf-94a3d72f7262507d67b847e68633c1d8,NFCORE_RNASEQ:RNASEQ:BAM_RSEQC:RSEQC_INNERDISTANCE,TREATMENT_mIFNa11_100000_REP2,NFCORE_RNASEQ:RNASEQ:BAM_RSEQC:RSEQC_INNERDISTANCE (TREATMENT_mIFNa11_100000_REP2),COMPLETED,0,-,quay.io/biocontainers/rseqc:3.0.1--py37h516909a_1,6,28800000,-,38654705664,1,1715242370618,1715244040000,1715244096000,1725382,55000,-,118.1,0.3,929058816,2329038848,929058816,2329042944,238327314,53702148,13043,6585,0,53747712,8,245,/input/data/work/94/a3d72f7262507d67b847e68633c1d8,true,-
1043,1276557553,hu-worker-c34,aa/82e28f,nf-aa82e28fff144553b3d619769290e12f,NFCORE_RNASEQ:RNASEQ:BAM_RSEQC:RSEQC_BAMSTAT,TREATMENT_mIFNa11_100000_REP2,NFCORE_RNASEQ:RNASEQ:BAM_RSEQC:RSEQC_BAMSTAT (TREATMENT_mIFNa11_100000_REP2),COMPLETED,0,-,quay.io/biocontainers/rseqc:3.0.1--py37h516909a_1,6,28800000,-,38654705664,1,1715242326721,1715244049000,1715244101000,1774279,51000,-,112.5,0.0,38477824,1396293632,38477824,1396297728,1285086184,2575,40077,19,0,16384,14,186,/input/data/work/aa/82e28fff144553b3d619769290e12f,true,-
1168,28872039,hu-worker-c35,e2/0eba3f,nf-e20eba3ff260f2415f54ca3df32a30bf,NFCORE_RNASEQ:RNASEQ:QUANTIFY_SALMON:SALMON_SE_GENE,salmon_tx2gene.tsv,NFCORE_RNASEQ:RNASEQ:QUANTIFY_SALMON:SALMON_SE_GENE (salmon_tx2gene.tsv),COMPLETED,0,-,quay.io/biocontainers/bioconductor-summarizedexperiment:1.24.0--r41hdfd78af_0,6,28800000,-,38654705664,1,1715242656774,1715244086000,1715244098000,1441226,12000,-,156.7,0.3,702124032,5055995904,702124032,5056000000,79714472,9991212,6336,1300,49180672,9998336,750,41,/input/data/work/e2/0eba3ff260f2415f54ca3df32a30bf,true,-
957,1066918306,hu-worker-c42,84/09b63d,nf-8409b63dab02455a5fb489160f294d18,NFCORE_RNASEQ:RNASEQ:BAM_RSEQC:RSEQC_JUNCTIONANNOTATION,TREATMENT_rhIFNb_100000_REP3,NFCORE_RNASEQ:RNASEQ:BAM_RSEQC:RSEQC_JUNCTIONANNOTATION (TREATMENT_rhIFNb_100000_REP3),COMPLETED,0,-,quay.io/biocontainers/rseqc:3.0.1--py37h516909a_1,6,28800000,-,38654705664,1,1715241109886,1715244060000,1715244105000,2995114,44000,-,122.0,0.0,119775232,1476808704,119775232,1476812800,1093469244,48292968,37890,5900,0,48328704,11,696,/input/data/work/84/09b63dab02455a5fb489160f294d18,true,-
1203,27998659,hu-worker-c25,1a/431f4c,nf-1a431f4c990af0b7797ffe0c9198dd87,NFCORE_RNASEQ:RNASEQ:QUANTIFY_STAR_SALMON:SALMON_SE_GENE,salmon_tx2gene.tsv,NFCORE_RNASEQ:RNASEQ:QUANTIFY_STAR_SALMON:SALMON_SE_GENE (salmon_tx2gene.tsv),COMPLETED,0,-,quay.io/biocontainers/bioconductor-summarizedexperiment:1.24.0--r41hdfd78af_0,6,28800000,-,38654705664,1,1715242703695,1715244094000,1715244106000,1402305,12000,-,157.4,0.3,703315968,5055053824,703315968,5055057920,78842071,9477642,6230,1238,53567488,9486336,605,36,/input/data/work/1a/431f4c990af0b7797ffe0c9198dd87,true,-
876,295323406,hu-worker-c34,ba/9b97fb,nf-ba9b97fb455c9bd25bab2fd9bc6c6a2d,NFCORE_RNASEQ:RNASEQ:BEDGRAPH_BEDCLIP_BEDGRAPHTOBIGWIG_REVERSE:UCSC_BEDCLIP,TREATMENT_rhINFa2b_100000_REP1,NFCORE_RNASEQ:RNASEQ:BEDGRAPH_BEDCLIP_BEDGRAPHTOBIGWIG_REVERSE:UCSC_BEDCLIP (TREATMENT_rhINFa2b_100000_REP1),COMPLETED,0,-,quay.io/biocontainers/ucsc-bedclip:377--h0b8a92a_2,6,28800000,-,38654705664,1,1715239752885,1715244103000,1715244107000,4354115,4000,-,99.0,0.0,7966720,19369984,7966720,19439616,295387100,295323499,4667,72116,0,295333888,7,79,/input/data/work/ba/9b97fb455c9bd25bab2fd9bc6c6a2d,true,-
878,307610514,hu-worker-c35,1f/51960d,nf-1f51960de9e969a6ec57f9f4a242f727,NFCORE_RNASEQ:RNASEQ:BEDGRAPH_BEDCLIP_BEDGRAPHTOBIGWIG_REVERSE:UCSC_BEDCLIP,TREATMENT_rhINFa2b_10000_REP2,NFCORE_RNASEQ:RNASEQ:BEDGRAPH_BEDCLIP_BEDGRAPHTOBIGWIG_REVERSE:UCSC_BEDCLIP (TREATMENT_rhINFa2b_10000_REP2),COMPLETED,0,-,quay.io/biocontainers/ucsc-bedclip:377--h0b8a92a_2,6,28800000,-,38654705664,1,1715239764505,1715244101000,1715244105000,4340495,3000,-,99.2,0.0,7979008,19369984,7979008,19439616,307674231,307610619,4854,75116,5259264,307621888,51,103,/input/data/work/1f/51960de9e969a6ec57f9f4a242f727,true,-
880,280430050,hu-worker-c25,1e/b7baa7,nf-1eb7baa70f178d19343f6575a0f23e24,NFCORE_RNASEQ:RNASEQ:BEDGRAPH_BEDCLIP_BEDGRAPHTOBIGWIG_REVERSE:UCSC_BEDCLIP,TREATMENT_rhIFNb_10000_REP3,NFCORE_RNASEQ:RNASEQ:BEDGRAPH_BEDCLIP_BEDGRAPHTOBIGWIG_REVERSE:UCSC_BEDCLIP (TREATMENT_rhIFNb_10000_REP3),COMPLETED,0,-,quay.io/biocontainers/ucsc-bedclip:377--h0b8a92a_2,6,28800000,-,38654705664,1,1715239792081,1715244108000,1715244113000,4320919,4000,-,99.5,0.0,7929856,19369984,7929856,19439616,280494417,280430158,4439,68480,5259264,280440832,63,85,/input/data/work/1e/b7baa70f178d19343f6575a0f23e24,true,-
881,288874745,hu-worker-c35,bb/7b8bc5,nf-bb7b8bc504499c9077fe6c1e77c99d62,NFCORE_RNASEQ:RNASEQ:BEDGRAPH_BEDCLIP_BEDGRAPHTOBIGWIG_REVERSE:UCSC_BEDCLIP,TREATMENT_mIFNa11_1000_REP2,NFCORE_RNASEQ:RNASEQ:BEDGRAPH_BEDCLIP_BEDGRAPHTOBIGWIG_REVERSE:UCSC_BEDCLIP (TREATMENT_mIFNa11_1000_REP2),COMPLETED,0,-,quay.io/biocontainers/ucsc-bedclip:377--h0b8a92a_2,6,28800000,-,38654705664,1,1715239809074,1715244108000,1715244112000,4302926,4000,-,99.7,0.0,7983104,19369984,7983104,19439616,288938441,288874838,4568,70541,0,288882688,6,129,/input/data/work/bb/7b8bc504499c9077fe6c1e77c99d62,true,-
890,281490567,hu-worker-c42,e2/51005c,nf-e251005c3603ca501c4d0dd6f22784cb,NFCORE_RNASEQ:RNASEQ:BEDGRAPH_BEDCLIP_BEDGRAPHTOBIGWIG_REVERSE:UCSC_BEDCLIP,TREATMENT_rhIFNb_100_REP1,NFCORE_RNASEQ:RNASEQ:BEDGRAPH_BEDCLIP_BEDGRAPHTOBIGWIG_REVERSE:UCSC_BEDCLIP (TREATMENT_rhIFNb_100_REP1),COMPLETED,0,-,quay.io/biocontainers/ucsc-bedclip:377--h0b8a92a_2,6,28800000,-,38654705664,1,1715239884319,1715244108000,1715244111000,4226681,3000,-,99.3,0.0,8052736,19369984,8052736,19439616,281554340,281490660,4455,68739,0,281501696,7,54,/input/data/work/e2/51005c3603ca501c4d0dd6f22784cb,true,-
893,278266916,hu-worker-c34,77/5d6bb4,nf-775d6bb4670c3b2a82271591d0b48ead,NFCORE_RNASEQ:RNASEQ:BEDGRAPH_BEDCLIP_BEDGRAPHTOBIGWIG_REVERSE:UCSC_BEDCLIP,TREATMENT_rhIFNb_100_REP3,NFCORE_RNASEQ:RNASEQ:BEDGRAPH_BEDCLIP_BEDGRAPHTOBIGWIG_REVERSE:UCSC_BEDCLIP (TREATMENT_rhIFNb_100_REP3),COMPLETED,0,-,quay.io/biocontainers/ucsc-bedclip:377--h0b8a92a_2,6,28800000,-,38654705664,1,1715239894703,1715244110000,1715244114000,4219297,4000,-,100.0,0.0,8286208,19369984,8286208,19439616,278330602,278267010,4406,67952,0,278278144,8,98,/input/data/work/77/5d6bb4670c3b2a82271591d0b48ead,true,-
1028,1584411164,hu-worker-c41,6f/ee4d7c,nf-6fee4d7c005cf66c10f4f0632a43163e,NFCORE_RNASEQ:RNASEQ:BAM_RSEQC:RSEQC_READDUPLICATION,TREATMENT_mIFNa11_100000_REP3,NFCORE_RNASEQ:RNASEQ:BAM_RSEQC:RSEQC_READDUPLICATION (TREATMENT_mIFNa11_100000_REP3),COMPLETED,0,-,quay.io/biocontainers/rseqc:3.0.1--py37h516909a_1,6,28800000,-,38654705664,1,1715242245890,1715243994000,1715244116000,1870110,121000,-,108.2,2.2,6002397184,7360946176,6138064896,7496744960,1598948604,82350,49854,51,0,102400,12,1009,/input/data/work/6f/ee4d7c005cf66c10f4f0632a43163e,true,-
897,276180447,hu-worker-c42,e2/7e981f,nf-e27e981f17beb9e559ed0df1992d5f2d,NFCORE_RNASEQ:RNASEQ:BEDGRAPH_BEDCLIP_BEDGRAPHTOBIGWIG_REVERSE:UCSC_BEDCLIP,TREATMENT_mIFNa11_1000_REP3,NFCORE_RNASEQ:RNASEQ:BEDGRAPH_BEDCLIP_BEDGRAPHTOBIGWIG_REVERSE:UCSC_BEDCLIP (TREATMENT_mIFNa11_1000_REP3),COMPLETED,0,-,quay.io/biocontainers/ucsc-bedclip:377--h0b8a92a_2,6,28800000,-,38654705664,1,1715239912166,1715244114000,1715244118000,4205834,4000,-,99.0,0.0,8093696,19369984,8093696,19439616,276244224,276180540,4374,67442,0,276189184,10,76,/input/data/work/e2/7e981f17beb9e559ed0df1992d5f2d,true,-
899,271003430,hu-worker-c25,c1/2e22a7,nf-c12e22a708b14cdcaa32f3ad635220fc,NFCORE_RNASEQ:RNASEQ:BEDGRAPH_BEDCLIP_BEDGRAPHTOBIGWIG_REVERSE:UCSC_BEDCLIP,TREATMENT_rhINFa2b_100000_REP3,NFCORE_RNASEQ:RNASEQ:BEDGRAPH_BEDCLIP_BEDGRAPHTOBIGWIG_REVERSE:UCSC_BEDCLIP (TREATMENT_rhINFa2b_100000_REP3),COMPLETED,0,-,quay.io/biocontainers/ucsc-bedclip:377--h0b8a92a_2,6,28800000,-,38654705664,1,1715239923245,1715244115000,1715244119000,4195755,4000,-,99.6,0.0,8015872,19369984,8015872,19439616,271067787,271003526,4295,66178,0,271011840,26,159,/input/data/work/c1/2e22a708b14cdcaa32f3ad635220fc,true,-
901,274772237,hu-worker-c35,fd/c7b21a,nf-fdc7b21a2463a3efb388e9e9ce29bf81,NFCORE_RNASEQ:RNASEQ:BEDGRAPH_BEDCLIP_BEDGRAPHTOBIGWIG_REVERSE:UCSC_BEDCLIP,TREATMENT_mIFNa11_1000_REP1,NFCORE_RNASEQ:RNASEQ:BEDGRAPH_BEDCLIP_BEDGRAPHTOBIGWIG_REVERSE:UCSC_BEDCLIP (TREATMENT_mIFNa11_1000_REP1),COMPLETED,0,-,quay.io/biocontainers/ucsc-bedclip:377--h0b8a92a_2,6,28800000,-,38654705664,1,1715239923592,1715244115000,1715244119000,4195408,3000,-,100.0,0.0,7925760,19369984,7925760,19439616,274835934,274772331,4353,67098,0,274780160,9,109,/input/data/work/fd/c7b21a2463a3efb388e9e9ce29bf81,true,-
902,269998250,hu-worker-c34,37/1738a1,nf-371738a152161d3de9fafc107df87896,NFCORE_RNASEQ:RNASEQ:BEDGRAPH_BEDCLIP_BEDGRAPHTOBIGWIG_REVERSE:UCSC_BEDCLIP,TREATMENT_rhIFNb_1000_REP2,NFCORE_RNASEQ:RNASEQ:BEDGRAPH_BEDCLIP_BEDGRAPHTOBIGWIG_REVERSE:UCSC_BEDCLIP (TREATMENT_rhIFNb_1000_REP2),COMPLETED,0,-,quay.io/biocontainers/ucsc-bedclip:377--h0b8a92a_2,6,28800000,-,38654705664,1,1715239937117,1715244116000,1715244120000,4182883,4000,-,99.6,0.0,8110080,19369984,8110080,19439616,270061936,269998343,4280,65933,0,270008320,7,96,/input/data/work/37/1738a152161d3de9fafc107df87896,true,-
958,1041226525,hu-worker-c41,df/72e8c7,nf-df72e8c76678cf1572b7fded06518a14,NFCORE_RNASEQ:RNASEQ:BAM_RSEQC:RSEQC_BAMSTAT,TREATMENT_rhIFNb_100000_REP3,NFCORE_RNASEQ:RNASEQ:BAM_RSEQC:RSEQC_BAMSTAT (TREATMENT_rhIFNb_100000_REP3),COMPLETED,0,-,quay.io/biocontainers/rseqc:3.0.1--py37h516909a_1,6,28800000,-,38654705664,1,1715241112421,1715244074000,1715244119000,3006579,44000,-,115.2,0.0,37937152,1396391936,37937152,1396396032,1049755306,2579,32895,19,0,16384,4,291,/input/data/work/df/72e8c76678cf1572b7fded06518a14,true,-
955,1066918306,hu-worker-c42,d2/77bf38,nf-d277bf38ea37cdc4fe98d9aa3cde8fae,NFCORE_RNASEQ:RNASEQ:BAM_RSEQC:RSEQC_JUNCTIONSATURATION,TREATMENT_rhIFNb_100000_REP3,NFCORE_RNASEQ:RNASEQ:BAM_RSEQC:RSEQC_JUNCTIONSATURATION (TREATMENT_rhIFNb_100000_REP3),COMPLETED,0,-,quay.io/biocontainers/rseqc:3.0.1--py37h516909a_1,6,28800000,-,38654705664,1,1715241145723,1715244066000,1715244118000,2972277,51000,-,118.8,0.2,632410112,1993920512,632410112,1993924608,1081406316,18287,36415,35,0,32768,14,109,/input/data/work/d2/77bf38ea37cdc4fe98d9aa3cde8fae,true,-
973,1345537166,hu-worker-c24,e3/9d49ac,nf-e39d49ac30f7f5a7dd593d39a00b6cf0,NFCORE_RNASEQ:RNASEQ:BAM_RSEQC:RSEQC_READDUPLICATION,TREATMENT_rhINFa2b_10000_REP3,NFCORE_RNASEQ:RNASEQ:BAM_RSEQC:RSEQC_READDUPLICATION (TREATMENT_rhINFa2b_10000_REP3),COMPLETED,0,-,quay.io/biocontainers/rseqc:3.0.1--py37h516909a_1,6,28800000,-,38654705664,1,1715241245179,1715244015000,1715244117000,2871821,101000,-,106.3,1.8,4955463680,6313291776,4955463680,6313295872,1360074524,79478,42563,50,0,98304,13,2609,/input/data/work/e3/9d49ac30f7f5a7dd593d39a00b6cf0,true,-
894,268001162,hu-worker-c41,63/64deb7,nf-6364deb76d0f4394c8de8e9e15c362a8,NFCORE_RNASEQ:RNASEQ:BEDGRAPH_BEDCLIP_BEDGRAPHTOBIGWIG_REVERSE:UCSC_BEDCLIP,TREATMENT_rhIFNb_10000_REP2,NFCORE_RNASEQ:RNASEQ:BEDGRAPH_BEDCLIP_BEDGRAPHTOBIGWIG_REVERSE:UCSC_BEDCLIP (TREATMENT_rhIFNb_10000_REP2),COMPLETED,0,-,quay.io/biocontainers/ucsc-bedclip:377--h0b8a92a_2,6,28800000,-,38654705664,1,1715239909547,1715244118000,1715244122000,4212453,4000,-,98.0,0.0,7847936,19369984,7847936,19439616,268064992,268001259,4250,65445,1445888,268009472,29,70,/input/data/work/63/64deb76d0f4394c8de8e9e15c362a8,true,-
904,261356932,hu-worker-c25,7a/73a016,nf-7a73a016789a537900dba73e060d321e,NFCORE_RNASEQ:RNASEQ:BEDGRAPH_BEDCLIP_BEDGRAPHTOBIGWIG_REVERSE:UCSC_BEDCLIP,TREATMENT_mIFNa11_10000_REP1,NFCORE_RNASEQ:RNASEQ:BEDGRAPH_BEDCLIP_BEDGRAPHTOBIGWIG_REVERSE:UCSC_BEDCLIP (TREATMENT_mIFNa11_10000_REP1),COMPLETED,0,-,quay.io/biocontainers/ucsc-bedclip:377--h0b8a92a_2,6,28800000,-,38654705664,1,1715239945933,1715244121000,1715244124000,4178067,3000,-,100.3,0.0,8073216,19369984,8073216,19439616,261421286,261357029,4148,63823,0,261365760,21,194,/input/data/work/7a/73a016789a537900dba73e060d321e,true,-
910,266174518,hu-worker-c24,35/404f06,nf-35404f06efe6ed565f521ce741ed5fae,NFCORE_RNASEQ:RNASEQ:BEDGRAPH_BEDCLIP_BEDGRAPHTOBIGWIG_REVERSE:UCSC_BEDCLIP,TREATMENT_rhIFNa2b_1000_REP3,NFCORE_RNASEQ:RNASEQ:BEDGRAPH_BEDCLIP_BEDGRAPHTOBIGWIG_REVERSE:UCSC_BEDCLIP (TREATMENT_rhIFNa2b_1000_REP3),COMPLETED,0,-,quay.io/biocontainers/ucsc-bedclip:377--h0b8a92a_2,6,28800000,-,38654705664,1,1715239960937,1715244120000,1715244124000,4163063,3000,-,99.9,0.0,7974912,19369984,7974912,19439616,266238551,266174620,4222,64999,5259264,266182656,64,87,/input/data/work/35/404f06efe6ed565f521ce741ed5fae,true,-
912,264910855,hu-worker-c42,46/c5438e,nf-46c5438e5fee40ecf7e9010fd3897609,NFCORE_RNASEQ:RNASEQ:BEDGRAPH_BEDCLIP_BEDGRAPHTOBIGWIG_REVERSE:UCSC_BEDCLIP,TREATMENT_rhINFa2b_10000_REP1,NFCORE_RNASEQ:RNASEQ:BEDGRAPH_BEDCLIP_BEDGRAPHTOBIGWIG_REVERSE:UCSC_BEDCLIP (TREATMENT_rhINFa2b_10000_REP1),COMPLETED,0,-,quay.io/biocontainers/ucsc-bedclip:377--h0b8a92a_2,6,28800000,-,38654705664,1,1715239973341,1715244120000,1715244124000,4150659,4000,-,100.0,0.0,8024064,19369984,8024064,19439616,264974638,264910949,4202,64691,0,264921088,9,66,/input/data/work/46/c5438e5fee40ecf7e9010fd3897609,true,-
931,254313715,hu-worker-c41,d4/7fb181,nf-d47fb181b2ad6d2ce6d05fbfac858b84,NFCORE_RNASEQ:RNASEQ:BEDGRAPH_BEDCLIP_BEDGRAPHTOBIGWIG_REVERSE:UCSC_BEDCLIP,TREATMENT_rhIFNa2b_1000_REP1,NFCORE_RNASEQ:RNASEQ:BEDGRAPH_BEDCLIP_BEDGRAPHTOBIGWIG_REVERSE:UCSC_BEDCLIP (TREATMENT_rhIFNa2b_1000_REP1),COMPLETED,0,-,quay.io/biocontainers/ucsc-bedclip:377--h0b8a92a_2,6,28800000,-,38654705664,1,1715240498094,1715244122000,1715244125000,3626906,3000,-,98.4,0.0,7802880,19369984,7802880,19439616,254377546,254313812,4041,62104,0,254324736,23,68,/input/data/work/d4/7fb181b2ad6d2ce6d05fbfac858b84,true,-
1169,17198452,hu-worker-c24,a3/2ff7a8,nf-a32ff7a8cefe9771c1f4f56cb23377d1,NFCORE_RNASEQ:RNASEQ:DESEQ2_QC_SALMON,-,NFCORE_RNASEQ:RNASEQ:DESEQ2_QC_SALMON,COMPLETED,0,-,quay.io/biocontainers/mulled-v2-8849acf39a43cdd6c839a369a74c0adc823e2f91:ab110436faf952a33575c64dd74615a84011450b-0,6,28800000,-,38654705664,1,1715242656523,1715244097000,1715244124000,1467477,26000,-,238.4,0.3,820654080,5548208128,907673600,5622644736,93217870,11187375,5655,1718,64876544,11382784,849,192,/input/data/work/a3/2ff7a8cefe9771c1f4f56cb23377d1,true,-
1204,16904723,hu-worker-c35,0a/3cef31,nf-0a3cef318cb191d1cd4af549578129ae,NFCORE_RNASEQ:RNASEQ:DESEQ2_QC_STAR_SALMON,-,NFCORE_RNASEQ:RNASEQ:DESEQ2_QC_STAR_SALMON,COMPLETED,0,-,quay.io/biocontainers/mulled-v2-8849acf39a43cdd6c839a369a74c0adc823e2f91:ab110436faf952a33575c64dd74615a84011450b-0,6,28800000,-,38654705664,1,1715242703841,1715244099000,1715244127000,1423159,26000,-,245.5,0.3,936996864,5651382272,936996864,5651386368,92924177,10999534,5655,1694,64933888,11194368,1051,459,/input/data/work/0a/3cef318cb191d1cd4af549578129ae,true,-
907,257363618,hu-worker-c35,12/da2169,nf-12da2169afc993f1c471be236f4b5bc9,NFCORE_RNASEQ:RNASEQ:BEDGRAPH_BEDCLIP_BEDGRAPHTOBIGWIG_REVERSE:UCSC_BEDCLIP,TREATMENT_mIFNa11_100_REP2,NFCORE_RNASEQ:RNASEQ:BEDGRAPH_BEDCLIP_BEDGRAPHTOBIGWIG_REVERSE:UCSC_BEDCLIP (TREATMENT_mIFNa11_100_REP2),COMPLETED,0,-,quay.io/biocontainers/ucsc-bedclip:377--h0b8a92a_2,6,28800000,-,38654705664,1,1715239949230,1715244122000,1715244126000,4176770,4000,-,99.9,0.0,8003584,19369984,8003584,19439616,257427311,257363711,4087,62848,0,257372160,7,130,/input/data/work/12/da2169afc993f1c471be236f4b5bc9,true,-
909,259870564,hu-worker-c42,13/ae2da6,nf-13ae2da6c6b57df480431c3eff5c6d2f,NFCORE_RNASEQ:RNASEQ:BEDGRAPH_BEDCLIP_BEDGRAPHTOBIGWIG_REVERSE:UCSC_BEDCLIP,TREATMENT_rhIFNb_1000_REP3,NFCORE_RNASEQ:RNASEQ:BEDGRAPH_BEDCLIP_BEDGRAPHTOBIGWIG_REVERSE:UCSC_BEDCLIP (TREATMENT_rhIFNb_1000_REP3),COMPLETED,0,-,quay.io/biocontainers/ucsc-bedclip:377--h0b8a92a_2,6,28800000,-,38654705664,1,1715239957504,1715244121000,1715244125000,4167496,4000,-,99.6,0.0,8110080,19369984,8110080,19439616,259934340,259870657,4125,63460,4194304,259878912,11,89,/input/data/work/13/ae2da6c6b57df480431c3eff5c6d2f,true,-
927,249067992,hu-worker-c41,03/7f8768,nf-037f8768d213fb5d6abc6447b97b11de,NFCORE_RNASEQ:RNASEQ:BEDGRAPH_BEDCLIP_BEDGRAPHTOBIGWIG_REVERSE:UCSC_BEDCLIP,TREATMENT_rhIFNb_1000_REP1,NFCORE_RNASEQ:RNASEQ:BEDGRAPH_BEDCLIP_BEDGRAPHTOBIGWIG_REVERSE:UCSC_BEDCLIP (TREATMENT_rhIFNb_1000_REP1),COMPLETED,0,-,quay.io/biocontainers/ucsc-bedclip:377--h0b8a92a_2,6,28800000,-,38654705664,1,1715240263253,1715244125000,1715244129000,3865747,4000,-,98.9,0.0,7847936,19369984,7847936,19439616,249131818,249068089,3961,60823,0,249077760,16,133,/input/data/work/03/7f8768d213fb5d6abc6447b97b11de,true,-
941,250587889,hu-worker-c34,85/d28967,nf-85d289676c3744225f92a36629646287,NFCORE_RNASEQ:RNASEQ:BEDGRAPH_BEDCLIP_BEDGRAPHTOBIGWIG_REVERSE:UCSC_BEDCLIP,TREATMENT_mIFNa11_100_REP1,NFCORE_RNASEQ:RNASEQ:BEDGRAPH_BEDCLIP_BEDGRAPHTOBIGWIG_REVERSE:UCSC_BEDCLIP (TREATMENT_mIFNa11_100_REP1),COMPLETED,0,-,quay.io/biocontainers/ucsc-bedclip:377--h0b8a92a_2,6,28800000,-,38654705664,1,1715241004822,1715244122000,1715244125000,3120178,3000,-,99.4,0.0,8216576,19369984,8216576,19439616,250651576,250587982,3984,61194,0,250597376,7,63,/input/data/work/85/d289676c3744225f92a36629646287,true,-
956,1066918306,hu-worker-c28,7d/831ee1,nf-7d831ee1ab301106b1ad8447420a57c8,NFCORE_RNASEQ:RNASEQ:BAM_RSEQC:RSEQC_INNERDISTANCE,TREATMENT_rhIFNb_100000_REP3,NFCORE_RNASEQ:RNASEQ:BAM_RSEQC:RSEQC_INNERDISTANCE (TREATMENT_rhIFNb_100000_REP3),COMPLETED,0,-,quay.io/biocontainers/rseqc:3.0.1--py37h516909a_1,6,28800000,-,38654705664,1,1715241157957,1715244072000,1715244129000,2971043,56000,-,117.7,0.3,922841088,2323533824,928407552,2329042944,237869661,54360142,13029,6664,0,54398976,13,389,/input/data/work/7d/831ee1ab301106b1ad8447420a57c8,true,-
972,1371228947,hu-worker-c28,bc/bfedb9,nf-bcbfedb9c3864202f2bd7017801e9426,NFCORE_RNASEQ:RNASEQ:BAM_RSEQC:RSEQC_READDISTRIBUTION,TREATMENT_rhINFa2b_10000_REP3,NFCORE_RNASEQ:RNASEQ:BAM_RSEQC:RSEQC_READDISTRIBUTION (TREATMENT_rhINFa2b_10000_REP3),COMPLETED,0,-,quay.io/biocontainers/rseqc:3.0.1--py37h516909a_1,6,28800000,-,38654705664,1,1715241257493,1715244013000,1715244128000,2870507,114000,-,105.9,0.4,1067524096,2431365120,1145688064,2509225984,1611009735,2969,73568,19,0,16384,11,1114,/input/data/work/bc/bfedb9c3864202f2bd7017801e9426,true,-
992,242818162,hu-worker-c41,a3/b34b65,nf-a3b34b65b8292b14c44060990c09f497,NFCORE_RNASEQ:RNASEQ:BEDGRAPH_BEDCLIP_BEDGRAPHTOBIGWIG_REVERSE:UCSC_BEDCLIP,TREATMENT_rhIFNa2b_1000_REP2,NFCORE_RNASEQ:RNASEQ:BEDGRAPH_BEDCLIP_BEDGRAPHTOBIGWIG_REVERSE:UCSC_BEDCLIP (TREATMENT_rhIFNa2b_1000_REP2),COMPLETED,0,-,quay.io/biocontainers/ucsc-bedclip:377--h0b8a92a_2,6,28800000,-,38654705664,1,1715241573283,1715244127000,1715244131000,2557717,4000,-,98.9,0.0,7888896,19369984,7888896,19439616,242881993,242818259,3865,59297,0,242827264,15,77,/input/data/work/a3/b34b65b8292b14c44060990c09f497,true,-
1230,307610514,hu-worker-c34,e8/dfe703,nf-e8dfe7033e08895e53a07e66fa449553,NFCORE_RNASEQ:RNASEQ:BEDGRAPH_BEDCLIP_BEDGRAPHTOBIGWIG_REVERSE:UCSC_BEDGRAPHTOBIGWIG,TREATMENT_rhINFa2b_10000_REP2,NFCORE_RNASEQ:RNASEQ:BEDGRAPH_BEDCLIP_BEDGRAPHTOBIGWIG_REVERSE:UCSC_BEDGRAPHTOBIGWIG (TREATMENT_rhINFa2b_10000_REP2),COMPLETED,0,-,quay.io/biocontainers/ucsc-bedgraphtobigwig:377--h446ed27_1,1,14400000,-,6442450944,1,1715244110759,1715244111000,1715244132000,21241,19000,-,99.8,0.0,8699904,36388864,8769536,36392960,922875508,72816705,14222,15345,4194304,72830976,18,184,/input/data/work/e8/dfe7033e08895e53a07e66fa449553,true,-
1244,28979,hu-worker-c24,dc/ebc8fb,nf-dcebc8fb45fa86b108200102a6deb3bc,NFCORE_RNASEQ:RNASEQ:CUSTOM_DUMPSOFTWAREVERSIONS,-,NFCORE_RNASEQ:RNASEQ:CUSTOM_DUMPSOFTWAREVERSIONS (1),COMPLETED,0,-,quay.io/biocontainers/multiqc:1.14--pyhdfd78af_0,1,14400000,-,6442450944,1,1715244128285,1715244129000,1715244129000,715,177,-,65.0,0.0,5328896,14950400,5328896,14950400,1044358,9510,234,15,14704640,16384,31,0,/input/data/work/dc/ebc8fb45fa86b108200102a6deb3bc,true,-
925,246041152,hu-worker-c24,24/24ae3b,nf-2424ae3b9b48e33ad0aa887000e6affb,NFCORE_RNASEQ:RNASEQ:BEDGRAPH_BEDCLIP_BEDGRAPHTOBIGWIG_REVERSE:UCSC_BEDCLIP,TREATMENT_rhIFNb_100000_REP1,NFCORE_RNASEQ:RNASEQ:BEDGRAPH_BEDCLIP_BEDGRAPHTOBIGWIG_REVERSE:UCSC_BEDCLIP (TREATMENT_rhIFNb_100000_REP1),COMPLETED,0,-,quay.io/biocontainers/ucsc-bedclip:377--h0b8a92a_2,6,28800000,-,38654705664,1,1715240183139,1715244127000,1715244131000,3947861,4000,-,87.8,0.0,7925760,19369984,7925760,19439616,246105168,246041242,3914,60084,0,246050816,33,236,/input/data/work/24/24ae3b9b48e33ad0aa887000e6affb,true,-
930,245202230,hu-worker-c42,45/b4d9be,nf-45b4d9beae35c449f0b17457225ba4fc,NFCORE_RNASEQ:RNASEQ:BEDGRAPH_BEDCLIP_BEDGRAPHTOBIGWIG_REVERSE:UCSC_BEDCLIP,TREATMENT_mIFNa11_10000_REP2,NFCORE_RNASEQ:RNASEQ:BEDGRAPH_BEDCLIP_BEDGRAPHTOBIGWIG_REVERSE:UCSC_BEDCLIP (TREATMENT_mIFNa11_10000_REP2),COMPLETED,0,-,quay.io/biocontainers/ucsc-bedclip:377--h0b8a92a_2,6,28800000,-,38654705664,1,1715240381868,1715244127000,1715244131000,3749132,4000,-,99.7,0.0,8077312,19369984,8077312,19439616,245266009,245202323,3902,59879,0,245211136,10,661,/input/data/work/45/b4d9beae35c449f0b17457225ba4fc,true,-
940,244247657,hu-worker-c25,a0/73f74f,nf-a073f74f13b7365766bce16a1af55a35,NFCORE_RNASEQ:RNASEQ:BEDGRAPH_BEDCLIP_BEDGRAPHTOBIGWIG_REVERSE:UCSC_BEDCLIP,TREATMENT_rhINFa2b_100000_REP2,NFCORE_RNASEQ:RNASEQ:BEDGRAPH_BEDCLIP_BEDGRAPHTOBIGWIG_REVERSE:UCSC_BEDCLIP (TREATMENT_rhINFa2b_100000_REP2),COMPLETED,0,-,quay.io/biocontainers/ucsc-bedclip:377--h0b8a92a_2,6,28800000,-,38654705664,1,1715241002928,1715244127000,1715244131000,3128072,4000,-,99.9,0.0,8065024,19369984,8065024,19439616,244312013,244247753,3887,59646,0,244256768,25,124,/input/data/work/a0/73f74f13b7365766bce16a1af55a35,true,-
945,248908734,hu-worker-c24,8e/842316,nf-8e842316cc9f779794450a60a3231b60,NFCORE_RNASEQ:RNASEQ:BEDGRAPH_BEDCLIP_BEDGRAPHTOBIGWIG_REVERSE:UCSC_BEDCLIP,TREATMENT_rhIFNb_100_REP2,NFCORE_RNASEQ:RNASEQ:BEDGRAPH_BEDCLIP_BEDGRAPHTOBIGWIG_REVERSE:UCSC_BEDCLIP (TREATMENT_rhIFNb_100_REP2),COMPLETED,0,-,quay.io/biocontainers/ucsc-bedclip:377--h0b8a92a_2,6,28800000,-,38654705664,1,1715241035751,1715244127000,1715244131000,3095249,4000,-,88.2,0.0,7983104,19369984,7983104,19439616,248972744,248908824,3958,60784,0,248918016,42,88,/input/data/work/8e/842316cc9f779794450a60a3231b60,true,-
1008,241639515,hu-worker-c42,98/b2fdb0,nf-98b2fdb0506949802cc7a5850f906b26,NFCORE_RNASEQ:RNASEQ:BEDGRAPH_BEDCLIP_BEDGRAPHTOBIGWIG_REVERSE:UCSC_BEDCLIP,TREATMENT_rhIFNa2b_100_REP2,NFCORE_RNASEQ:RNASEQ:BEDGRAPH_BEDCLIP_BEDGRAPHTOBIGWIG_REVERSE:UCSC_BEDCLIP (TREATMENT_rhIFNa2b_100_REP2),COMPLETED,0,-,quay.io/biocontainers/ucsc-bedclip:377--h0b8a92a_2,6,28800000,-,38654705664,1,1715242094612,1715244128000,1715244132000,2037388,4000,-,98.9,0.0,8187904,19369984,8187904,19439616,241703292,241639608,3847,59009,0,241647616,18,87,/input/data/work/98/b2fdb0506949802cc7a5850f906b26,true,-
1010,241406864,hu-worker-c34,8a/df8b84,nf-8adf8b848f2e64a445dea914ef7998db,NFCORE_RNASEQ:RNASEQ:BEDGRAPH_BEDCLIP_BEDGRAPHTOBIGWIG_REVERSE:UCSC_BEDCLIP,TREATMENT_rhIFNa2b_100_REP1,NFCORE_RNASEQ:RNASEQ:BEDGRAPH_BEDCLIP_BEDGRAPHTOBIGWIG_REVERSE:UCSC_BEDCLIP (TREATMENT_rhIFNa2b_100_REP1),COMPLETED,0,-,quay.io/biocontainers/ucsc-bedclip:377--h0b8a92a_2,6,28800000,-,38654705664,1,1715242104914,1715244128000,1715244132000,2027086,4000,-,99.0,0.0,8265728,19369984,8265728,19439616,241470553,241406957,3844,58953,0,241418240,7,89,/input/data/work/8a/df8b848f2e64a445dea914ef7998db,true,-
1038,241406864,hu-worker-c35,a3/86cbe9,nf-a386cbe9d91952e5bb599b0d358d0a7d,NFCORE_RNASEQ:RNASEQ:BEDGRAPH_BEDCLIP_BEDGRAPHTOBIGWIG_REVERSE:UCSC_BEDCLIP,CONTROL_REP3,NFCORE_RNASEQ:RNASEQ:BEDGRAPH_BEDCLIP_BEDGRAPHTOBIGWIG_REVERSE:UCSC_BEDCLIP (CONTROL_REP3),COMPLETED,0,-,quay.io/biocontainers/ucsc-bedclip:377--h0b8a92a_2,6,28800000,-,38654705664,1,1715242293794,1715244129000,1715244133000,1839206,4000,-,99.1,0.0,8007680,19369984,8007680,19439616,241470530,241406957,3844,58953,0,241418240,7,203,/input/data/work/a3/86cbe9d91952e5bb599b0d358d0a7d,true,-
1047,1302249334,hu-worker-c34,1d/87f0c9,nf-1d87f0c9f18e7d96bda2428ed5066603,NFCORE_RNASEQ:RNASEQ:BAM_RSEQC:RSEQC_READDISTRIBUTION,TREATMENT_mIFNa11_100000_REP2,NFCORE_RNASEQ:RNASEQ:BAM_RSEQC:RSEQC_READDISTRIBUTION (TREATMENT_mIFNa11_100000_REP2),COMPLETED,0,-,quay.io/biocontainers/rseqc:3.0.1--py37h516909a_1,6,28800000,-,38654705664,1,1715242326211,1715244025000,1715244133000,1806789,107000,-,105.7,0.4,1109565440,2472783872,1146384384,2509225984,1542029485,2969,71463,19,0,16384,11,242,/input/data/work/1d/87f0c9f18e7d96bda2428ed5066603,true,-
1175,241406864,hu-worker-c35,81/35fca1,nf-8135fca193fa7cc6a2a27bc3214c839f,NFCORE_RNASEQ:RNASEQ:BEDGRAPH_BEDCLIP_BEDGRAPHTOBIGWIG_REVERSE:UCSC_BEDCLIP,CONTROL_REP1,NFCORE_RNASEQ:RNASEQ:BEDGRAPH_BEDCLIP_BEDGRAPHTOBIGWIG_REVERSE:UCSC_BEDCLIP (CONTROL_REP1),COMPLETED,0,-,quay.io/biocontainers/ucsc-bedclip:377--h0b8a92a_2,6,28800000,-,38654705664,1,1715242667810,1715244129000,1715244133000,1465190,3000,-,99.7,0.0,8024064,19369984,8024064,19439616,241470529,241406957,3844,58953,0,241418240,8,82,/input/data/work/81/35fca193fa7cc6a2a27bc3214c839f,true,-
1180,241406864,hu-worker-c28,85/d90549,nf-85d90549f06364ec5e4a4bd6bde7a2c1,NFCORE_RNASEQ:RNASEQ:BEDGRAPH_BEDCLIP_BEDGRAPHTOBIGWIG_REVERSE:UCSC_BEDCLIP,CONTROL_REP2,NFCORE_RNASEQ:RNASEQ:BEDGRAPH_BEDCLIP_BEDGRAPHTOBIGWIG_REVERSE:UCSC_BEDCLIP (CONTROL_REP2),COMPLETED,0,-,quay.io/biocontainers/ucsc-bedclip:377--h0b8a92a_2,6,28800000,-,38654705664,1,1715242669682,1715244131000,1715244135000,1465318,4000,-,99.9,0.0,7958528,19369984,7958528,19439616,241471170,241406957,3844,58953,5070848,241418240,49,140,/input/data/work/85/d90549f06364ec5e4a4bd6bde7a2c1,true,-
1233,281490567,hu-worker-c27,bf/bcbbe8,nf-bfbcbbe821f811dae74c8ed57a26d31a,NFCORE_RNASEQ:RNASEQ:BEDGRAPH_BEDCLIP_BEDGRAPHTOBIGWIG_REVERSE:UCSC_BEDGRAPHTOBIGWIG,TREATMENT_rhIFNb_100_REP1,NFCORE_RNASEQ:RNASEQ:BEDGRAPH_BEDCLIP_BEDGRAPHTOBIGWIG_REVERSE:UCSC_BEDGRAPHTOBIGWIG (TREATMENT_rhIFNb_100_REP1),COMPLETED,0,-,quay.io/biocontainers/ucsc-bedgraphtobigwig:377--h446ed27_1,1,14400000,-,6442450944,1,1715244115864,1715244116000,1715244136000,20136,19000,-,98.6,0.0,31064064,58880000,31137792,58884096,844516285,68108942,13025,14248,10297344,68120576,66,372,/input/data/work/bf/bcbbe821f811dae74c8ed57a26d31a,true,-
946,237359272,hu-worker-c41,50/d90edf,nf-50d90edf5c8de5fadce96353cfa6dd1b,NFCORE_RNASEQ:RNASEQ:BEDGRAPH_BEDCLIP_BEDGRAPHTOBIGWIG_REVERSE:UCSC_BEDCLIP,TREATMENT_rhIFNb_10000_REP1,NFCORE_RNASEQ:RNASEQ:BEDGRAPH_BEDCLIP_BEDGRAPHTOBIGWIG_REVERSE:UCSC_BEDCLIP (TREATMENT_rhIFNb_10000_REP1),COMPLETED,0,-,quay.io/biocontainers/ucsc-bedclip:377--h0b8a92a_2,6,28800000,-,38654705664,1,1715241047166,1715244133000,1715244137000,3089834,4000,-,98.8,0.0,7966720,19369984,7966720,19439616,237423101,237359369,3782,57964,0,237367296,12,73,/input/data/work/50/d90edf5c8de5fadce96353cfa6dd1b,true,-
991,239198798,hu-worker-c41,e0/ff2d61,nf-e0ff2d612836df568c1660f91444cce5,NFCORE_RNASEQ:RNASEQ:BEDGRAPH_BEDCLIP_BEDGRAPHTOBIGWIG_REVERSE:UCSC_BEDCLIP,TREATMENT_mIFNa11_100000_REP1,NFCORE_RNASEQ:RNASEQ:BEDGRAPH_BEDCLIP_BEDGRAPHTOBIGWIG_REVERSE:UCSC_BEDCLIP (TREATMENT_mIFNa11_100000_REP1),COMPLETED,0,-,quay.io/biocontainers/ucsc-bedclip:377--h0b8a92a_2,6,28800000,-,38654705664,1,1715241516407,1715244132000,1715244135000,2618593,3000,-,99.1,0.0,7974912,19369984,7974912,19439616,239262630,239198895,3810,58414,0,239210496,8,95,/input/data/work/e0/ff2d612836df568c1660f91444cce5,true,-
1003,236093825,hu-worker-c24,a7/a97bcd,nf-a7a97bcd07227900b473f319d470fd20,NFCORE_RNASEQ:RNASEQ:BEDGRAPH_BEDCLIP_BEDGRAPHTOBIGWIG_REVERSE:UCSC_BEDCLIP,TREATMENT_mIFNa11_10000_REP3,NFCORE_RNASEQ:RNASEQ:BEDGRAPH_BEDCLIP_BEDGRAPHTOBIGWIG_REVERSE:UCSC_BEDCLIP (TREATMENT_mIFNa11_10000_REP3),COMPLETED,0,-,quay.io/biocontainers/ucsc-bedclip:377--h0b8a92a_2,6,28800000,-,38654705664,1,1715242061903,1715244134000,1715244137000,2075097,3000,-,99.0,0.0,7954432,19369984,7954432,19439616,236157841,236093915,3763,57656,0,236105728,16,391,/input/data/work/a7/a97bcd07227900b473f319d470fd20,true,-
1012,241284641,hu-worker-c28,33/b27db1,nf-33b27db1be6d5ded337beeaf2c84818f,NFCORE_RNASEQ:RNASEQ:BEDGRAPH_BEDCLIP_BEDGRAPHTOBIGWIG_REVERSE:UCSC_BEDCLIP,TREATMENT_rhIFNa2b_100_REP3,NFCORE_RNASEQ:RNASEQ:BEDGRAPH_BEDCLIP_BEDGRAPHTOBIGWIG_REVERSE:UCSC_BEDCLIP (TREATMENT_rhIFNa2b_100_REP3),COMPLETED,0,-,quay.io/biocontainers/ucsc-bedclip:377--h0b8a92a_2,6,28800000,-,38654705664,1,1715242120134,1715244132000,1715244136000,2015866,4000,-,98.3,0.0,8073216,19369984,8073216,19439616,241348975,241284734,3842,58923,0,241295360,15,137,/input/data/work/33/b27db1be6d5ded337beeaf2c84818f,true,-
1039,157321142,hu-worker-c35,2f/b0d91a,nf-2fb0d91a90d69df80aa5c58c59fb302f,NFCORE_RNASEQ:RNASEQ:BEDGRAPH_BEDCLIP_BEDGRAPHTOBIGWIG_REVERSE:UCSC_BEDCLIP,TREATMENT_rhIFNb_100000_REP3,NFCORE_RNASEQ:RNASEQ:BEDGRAPH_BEDCLIP_BEDGRAPHTOBIGWIG_REVERSE:UCSC_BEDCLIP (TREATMENT_rhIFNb_100000_REP3),COMPLETED,0,-,quay.io/biocontainers/ucsc-bedclip:377--h0b8a92a_2,6,28800000,-,38654705664,1,1715242304090,1715244136000,1715244138000,1833910,2000,-,100.0,0.0,7999488,19369984,7999488,19439616,157384840,157321236,2560,38424,0,157331456,10,51,/input/data/work/2f/b0d91a90d69df80aa5c58c59fb302f,true,-
1177,192625832,hu-worker-c42,cd/ebfb9e,nf-cdebfb9e40d524ade6b1533f11ef982c,NFCORE_RNASEQ:RNASEQ:BEDGRAPH_BEDCLIP_BEDGRAPHTOBIGWIG_REVERSE:UCSC_BEDCLIP,TREATMENT_rhINFa2b_10000_REP3,NFCORE_RNASEQ:RNASEQ:BEDGRAPH_BEDCLIP_BEDGRAPHTOBIGWIG_REVERSE:UCSC_BEDCLIP (TREATMENT_rhINFa2b_10000_REP3),COMPLETED,0,-,quay.io/biocontainers/ucsc-bedclip:377--h0b8a92a_2,6,28800000,-,38654705664,1,1715242667871,1715244134000,1715244137000,1469129,2000,-,99.5,0.0,8114176,19369984,8114176,19439616,192689614,192625925,3099,47043,0,192634880,6,44,/input/data/work/cd/ebfb9e40d524ade6b1533f11ef982c,true,-
1181,226326667,hu-worker-c24,6f/56c8d7,nf-6f56c8d783e10c16d82cf4f08d47cff1,NFCORE_RNASEQ:RNASEQ:BEDGRAPH_BEDCLIP_BEDGRAPHTOBIGWIG_REVERSE:UCSC_BEDCLIP,TREATMENT_mIFNa11_100_REP3,NFCORE_RNASEQ:RNASEQ:BEDGRAPH_BEDCLIP_BEDGRAPHTOBIGWIG_REVERSE:UCSC_BEDCLIP (TREATMENT_mIFNa11_100_REP3),COMPLETED,0,-,quay.io/biocontainers/ucsc-bedclip:377--h0b8a92a_2,6,28800000,-,38654705664,1,1715242678692,1715244134000,1715244138000,1459308,3000,-,97.3,0.0,8077312,19369984,8077312,19439616,226390679,226326757,3614,55271,0,226336768,23,111,/input/data/work/6f/56c8d783e10c16d82cf4f08d47cff1,true,-
1186,222273692,hu-worker-c42,19/618603,nf-19618603f1f09d86a2eab32b6125ea77,NFCORE_RNASEQ:RNASEQ:BEDGRAPH_BEDCLIP_BEDGRAPHTOBIGWIG_REVERSE:UCSC_BEDCLIP,TREATMENT_rhIFNb_100000_REP2,NFCORE_RNASEQ:RNASEQ:BEDGRAPH_BEDCLIP_BEDGRAPHTOBIGWIG_REVERSE:UCSC_BEDCLIP (TREATMENT_rhIFNb_100000_REP2),COMPLETED,0,-,quay.io/biocontainers/ucsc-bedclip:377--h0b8a92a_2,6,28800000,-,38654705664,1,1715242679670,1715244134000,1715244137000,1457330,3000,-,99.5,0.0,8282112,19369984,8282112,19439616,222337471,222273785,3552,54281,0,222281728,6,70,/input/data/work/19/618603f1f09d86a2eab32b6125ea77,true,-
1188,182987795,hu-worker-c34,c3/ecf68c,nf-c3ecf68cbfb94e428970cd0084fbb797,NFCORE_RNASEQ:RNASEQ:BEDGRAPH_BEDCLIP_BEDGRAPHTOBIGWIG_REVERSE:UCSC_BEDCLIP,TREATMENT_mIFNa11_100000_REP2,NFCORE_RNASEQ:RNASEQ:BEDGRAPH_BEDCLIP_BEDGRAPHTOBIGWIG_REVERSE:UCSC_BEDCLIP (TREATMENT_mIFNa11_100000_REP2),COMPLETED,0,-,quay.io/biocontainers/ucsc-bedclip:377--h0b8a92a_2,6,28800000,-,38654705664,1,1715242680181,1715244134000,1715244137000,1456819,3000,-,99.0,0.0,8134656,19369984,8134656,19439616,183051488,182987888,2952,44690,0,182996992,13,44,/input/data/work/c3/ecf68cbfb94e428970cd0084fbb797,true,-
1194,214838234,hu-worker-c25,eb/d9f885,nf-ebd9f885058495292ca4e280e116822a,NFCORE_RNASEQ:RNASEQ:BEDGRAPH_BEDCLIP_BEDGRAPHTOBIGWIG_REVERSE:UCSC_BEDCLIP,TREATMENT_mIFNa11_100000_REP3,NFCORE_RNASEQ:RNASEQ:BEDGRAPH_BEDCLIP_BEDGRAPHTOBIGWIG_REVERSE:UCSC_BEDCLIP (TREATMENT_mIFNa11_100000_REP3),COMPLETED,0,-,quay.io/biocontainers/ucsc-bedclip:377--h0b8a92a_2,6,28800000,-,38654705664,1,1715242681345,1715244134000,1715244138000,1456655,3000,-,99.9,0.0,8065024,19369984,8065024,19439616,214902589,214838330,3438,52466,0,214847488,23,103,/input/data/work/eb/d9f885058495292ca4e280e116822a,true,-
1229,295323406,hu-worker-c24,15/6fecfa,nf-156fecfa01087e38cfc9010d97a3a636,NFCORE_RNASEQ:RNASEQ:BEDGRAPH_BEDCLIP_BEDGRAPHTOBIGWIG_REVERSE:UCSC_BEDGRAPHTOBIGWIG,TREATMENT_rhINFa2b_100000_REP1,NFCORE_RNASEQ:RNASEQ:BEDGRAPH_BEDCLIP_BEDGRAPHTOBIGWIG_REVERSE:UCSC_BEDGRAPHTOBIGWIG (TREATMENT_rhINFa2b_100000_REP1),COMPLETED,0,-,quay.io/biocontainers/ucsc-bedgraphtobigwig:377--h446ed27_1,1,14400000,-,6442450944,1,1715244110681,1715244111000,1715244140000,29319,28000,-,85.0,0.0,34463744,62173184,34533376,62177280,886014490,70384101,13661,14803,0,70397952,4594,5142,/input/data/work/15/6fecfa01087e38cfc9010d97a3a636,true,-
1231,280430050,hu-worker-c42,8f/ffd069,nf-8fffd0693cb098941ee3bec09367fbc9,NFCORE_RNASEQ:RNASEQ:BEDGRAPH_BEDCLIP_BEDGRAPHTOBIGWIG_REVERSE:UCSC_BEDGRAPHTOBIGWIG,TREATMENT_rhIFNb_10000_REP3,NFCORE_RNASEQ:RNASEQ:BEDGRAPH_BEDCLIP_BEDGRAPHTOBIGWIG_REVERSE:UCSC_BEDGRAPHTOBIGWIG (TREATMENT_rhIFNb_10000_REP3),COMPLETED,0,-,quay.io/biocontainers/ucsc-bedgraphtobigwig:377--h446ed27_1,1,14400000,-,6442450944,1,1715244115680,1715244116000,1715244141000,25320,24000,-,82.8,0.0,25088000,52588544,25157632,52727808,841334178,65681726,12977,13853,0,65695744,4370,3843,/input/data/work/8f/ffd0693cb098941ee3bec09367fbc9,true,-
1234,278266916,hu-worker-c35,b0/7ef397,nf-b07ef397df89efcca8b0f79a5f2981f4,NFCORE_RNASEQ:RNASEQ:BEDGRAPH_BEDCLIP_BEDGRAPHTOBIGWIG_REVERSE:UCSC_BEDGRAPHTOBIGWIG,TREATMENT_rhIFNb_100_REP3,NFCORE_RNASEQ:RNASEQ:BEDGRAPH_BEDCLIP_BEDGRAPHTOBIGWIG_REVERSE:UCSC_BEDGRAPHTOBIGWIG (TREATMENT_rhIFNb_100_REP3),COMPLETED,0,-,quay.io/biocontainers/ucsc-bedgraphtobigwig:377--h446ed27_1,1,14400000,-,6442450944,1,1715244115950,1715244116000,1715244141000,25050,23000,-,83.7,0.0,27340800,54960128,27410432,55099392,834844690,67616846,12878,14112,1507328,67629056,4347,4390,/input/data/work/b0/7ef397df89efcca8b0f79a5f2981f4,true,-
1238,269998250,hu-worker-c34,a0/926b6d,nf-a0926b6d384e50a69e1fa88d6e7837c4,NFCORE_RNASEQ:RNASEQ:BEDGRAPH_BEDCLIP_BEDGRAPHTOBIGWIG_REVERSE:UCSC_BEDGRAPHTOBIGWIG,TREATMENT_rhIFNb_1000_REP2,NFCORE_RNASEQ:RNASEQ:BEDGRAPH_BEDCLIP_BEDGRAPHTOBIGWIG_REVERSE:UCSC_BEDGRAPHTOBIGWIG (TREATMENT_rhIFNb_1000_REP2),COMPLETED,0,-,quay.io/biocontainers/ucsc-bedgraphtobigwig:377--h446ed27_1,1,14400000,-,6442450944,1,1715244121056,1715244122000,1715244139000,17944,16000,-,99.8,0.0,38854656,66400256,38924288,66539520,810038710,65324438,12500,13652,0,65339392,17,89,/input/data/work/a0/926b6d384e50a69e1fa88d6e7837c4,true,-
1232,288874745,hu-worker-c25,ab/cf2cd2,nf-abcf2cd2e7a52f8d2ef708285e11a0bf,NFCORE_RNASEQ:RNASEQ:BEDGRAPH_BEDCLIP_BEDGRAPHTOBIGWIG_REVERSE:UCSC_BEDGRAPHTOBIGWIG,TREATMENT_mIFNa11_1000_REP2,NFCORE_RNASEQ:RNASEQ:BEDGRAPH_BEDCLIP_BEDGRAPHTOBIGWIG_REVERSE:UCSC_BEDGRAPHTOBIGWIG (TREATMENT_mIFNa11_1000_REP2),COMPLETED,0,-,quay.io/biocontainers/ucsc-bedgraphtobigwig:377--h446ed27_1,1,14400000,-,6442450944,1,1715244115765,1715244116000,1715244143000,27235,26000,-,85.1,0.0,8470528,36368384,8540160,36372480,866668837,68443708,13364,14390,6103040,68456448,4520,4908,/input/data/work/ab/cf2cd2e7a52f8d2ef708285e11a0bf,true,-
1239,268001162,hu-worker-c41,23/03ab18,nf-2303ab18f09463a65b1132a66b338404,NFCORE_RNASEQ:RNASEQ:BEDGRAPH_BEDCLIP_BEDGRAPHTOBIGWIG_REVERSE:UCSC_BEDGRAPHTOBIGWIG,TREATMENT_rhIFNb_10000_REP2,NFCORE_RNASEQ:RNASEQ:BEDGRAPH_BEDCLIP_BEDGRAPHTOBIGWIG_REVERSE:UCSC_BEDGRAPHTOBIGWIG (TREATMENT_rhIFNb_10000_REP2),COMPLETED,0,-,quay.io/biocontainers/ucsc-bedgraphtobigwig:377--h446ed27_1,1,14400000,-,6442450944,1,1715244125603,1715244126000,1715244144000,18397,17000,-,99.7,0.0,32907264,60715008,32976896,60854272,804047566,62930719,12410,13240,1581056,62943232,25,117,/input/data/work/23/03ab18f09463a65b1132a66b338404,true,-
1042,1276557553,hu-worker-c27,18/9e8812,nf-189e8812431de33736d6ecebdc4ea058,NFCORE_RNASEQ:RNASEQ:BAM_RSEQC:RSEQC_READDUPLICATION,TREATMENT_mIFNa11_100000_REP2,NFCORE_RNASEQ:RNASEQ:BAM_RSEQC:RSEQC_READDUPLICATION (TREATMENT_mIFNa11_100000_REP2),COMPLETED,0,-,quay.io/biocontainers/rseqc:3.0.1--py37h516909a_1,6,28800000,-,38654705664,1,1715242315693,1715244046000,1715244149000,1833307,102000,-,109.4,1.8,4844867584,6203711488,4958314496,6331473920,1291092179,74569,40458,49,0,94208,28,23384,/input/data/work/18/9e8812431de33736d6ecebdc4ea058,true,-
1235,276180447,hu-worker-c28,f8/38da59,nf-f838da596423ac19dbd802142fb2c6c5,NFCORE_RNASEQ:RNASEQ:BEDGRAPH_BEDCLIP_BEDGRAPHTOBIGWIG_REVERSE:UCSC_BEDGRAPHTOBIGWIG,TREATMENT_mIFNa11_1000_REP3,NFCORE_RNASEQ:RNASEQ:BEDGRAPH_BEDCLIP_BEDGRAPHTOBIGWIG_REVERSE:UCSC_BEDGRAPHTOBIGWIG (TREATMENT_mIFNa11_1000_REP3),COMPLETED,0,-,quay.io/biocontainers/ucsc-bedgraphtobigwig:377--h446ed27_1,1,14400000,-,6442450944,1,1715244120701,1715244121000,1715244145000,24299,23000,-,85.6,0.0,28774400,56582144,28844032,56586240,828585952,65922699,12782,13821,9703424,65937408,4326,4823,/input/data/work/f8/38da596423ac19dbd802142fb2c6c5,true,-
1236,271003430,hu-worker-c24,3d/1056c4,nf-3d1056c44eeb7521b08d761656900fc7,NFCORE_RNASEQ:RNASEQ:BEDGRAPH_BEDCLIP_BEDGRAPHTOBIGWIG_REVERSE:UCSC_BEDGRAPHTOBIGWIG,TREATMENT_rhINFa2b_100000_REP3,NFCORE_RNASEQ:RNASEQ:BEDGRAPH_BEDCLIP_BEDGRAPHTOBIGWIG_REVERSE:UCSC_BEDGRAPHTOBIGWIG (TREATMENT_rhINFa2b_100000_REP3),COMPLETED,0,-,quay.io/biocontainers/ucsc-bedgraphtobigwig:377--h446ed27_1,1,14400000,-,6442450944,1,1715244120810,1715244122000,1715244147000,26190,23000,-,83.5,0.0,26710016,54247424,26779648,54386688,813054560,65772184,12545,13749,0,65785856,4231,4095,/input/data/work/3d/1056c44eeb7521b08d761656900fc7,true,-
1237,274772237,hu-worker-c27,7b/6bbeb7,nf-7b6bbeb7cb8749b1f77bc013e2a7bcef,NFCORE_RNASEQ:RNASEQ:BEDGRAPH_BEDCLIP_BEDGRAPHTOBIGWIG_REVERSE:UCSC_BEDGRAPHTOBIGWIG,TREATMENT_mIFNa11_1000_REP1,NFCORE_RNASEQ:RNASEQ:BEDGRAPH_BEDCLIP_BEDGRAPHTOBIGWIG_REVERSE:UCSC_BEDGRAPHTOBIGWIG (TREATMENT_mIFNa11_1000_REP1),COMPLETED,0,-,quay.io/biocontainers/ucsc-bedgraphtobigwig:377--h446ed27_1,1,14400000,-,6442450944,1,1715244120962,1715244121000,1715244147000,26038,23000,-,86.4,0.0,24182784,51724288,24252416,51863552,824361297,65372019,12719,13717,4194304,65384448,4276,4478,/input/data/work/7b/6bbeb7cb8749b1f77bc013e2a7bcef,true,-
1240,261356932,hu-worker-c42,11/49db2e,nf-1149db2eac587ad8f207d86935cbbff1,NFCORE_RNASEQ:RNASEQ:BEDGRAPH_BEDCLIP_BEDGRAPHTOBIGWIG_REVERSE:UCSC_BEDGRAPHTOBIGWIG,TREATMENT_mIFNa11_10000_REP1,NFCORE_RNASEQ:RNASEQ:BEDGRAPH_BEDCLIP_BEDGRAPHTOBIGWIG_REVERSE:UCSC_BEDGRAPHTOBIGWIG (TREATMENT_mIFNa11_10000_REP1),COMPLETED,0,-,quay.io/biocontainers/ucsc-bedgraphtobigwig:377--h446ed27_1,1,14400000,-,6442450944,1,1715244125720,1715244126000,1715244149000,23280,21000,-,85.1,0.0,24817664,52412416,37732352,65085440,784114827,63255330,12104,13208,4194304,63270912,4073,4296,/input/data/work/11/49db2eac587ad8f207d86935cbbff1,true,-
1241,266174518,hu-worker-c25,4b/d3dae7,nf-4bd3dae79b7e68d5b18df7ee0bb953e8,NFCORE_RNASEQ:RNASEQ:BEDGRAPH_BEDCLIP_BEDGRAPHTOBIGWIG_REVERSE:UCSC_BEDGRAPHTOBIGWIG,TREATMENT_rhIFNa2b_1000_REP3,NFCORE_RNASEQ:RNASEQ:BEDGRAPH_BEDCLIP_BEDGRAPHTOBIGWIG_REVERSE:UCSC_BEDGRAPHTOBIGWIG (TREATMENT_rhIFNa2b_1000_REP3),COMPLETED,0,-,quay.io/biocontainers/ucsc-bedgraphtobigwig:377--h446ed27_1,1,14400000,-,6442450944,1,1715244125867,1715244126000,1715244150000,24133,21000,-,83.7,0.0,33746944,61501440,33816576,61640704,798568157,64035254,12326,13377,4194304,64049152,4154,4240,/input/data/work/4b/d3dae79b7e68d5b18df7ee0bb953e8,true,-
1242,264910855,hu-worker-c35,14/83c328,nf-1483c328f3333afadb3873e451e01d97,NFCORE_RNASEQ:RNASEQ:BEDGRAPH_BEDCLIP_BEDGRAPHTOBIGWIG_REVERSE:UCSC_BEDGRAPHTOBIGWIG,TREATMENT_rhINFa2b_10000_REP1,NFCORE_RNASEQ:RNASEQ:BEDGRAPH_BEDCLIP_BEDGRAPHTOBIGWIG_REVERSE:UCSC_BEDGRAPHTOBIGWIG (TREATMENT_rhINFa2b_10000_REP1),COMPLETED,0,-,quay.io/biocontainers/ucsc-bedgraphtobigwig:377--h446ed27_1,1,14400000,-,6442450944,1,1715244125959,1715244126000,1715244150000,24041,22000,-,85.1,0.0,36417536,63848448,36487168,63987712,794776515,66935220,12266,13856,4194304,66949120,4130,3787,/input/data/work/14/83c328f3333afadb3873e451e01d97,true,-
1243,254313715,hu-worker-c28,7f/436b33,nf-7f436b33f08a19889ec82a4faff9b5e5,NFCORE_RNASEQ:RNASEQ:BEDGRAPH_BEDCLIP_BEDGRAPHTOBIGWIG_REVERSE:UCSC_BEDGRAPHTOBIGWIG,TREATMENT_rhIFNa2b_1000_REP1,NFCORE_RNASEQ:RNASEQ:BEDGRAPH_BEDCLIP_BEDGRAPHTOBIGWIG_REVERSE:UCSC_BEDGRAPHTOBIGWIG (TREATMENT_rhIFNa2b_1000_REP1),COMPLETED,0,-,quay.io/biocontainers/ucsc-bedgraphtobigwig:377--h446ed27_1,1,14400000,-,6442450944,1,1715244126108,1715244127000,1715244149000,22892,21000,-,85.6,0.0,24461312,52518912,37584896,65384448,762985756,62153806,11783,12924,0,62169088,3968,4056,/input/data/work/7f/436b33f08a19889ec82a4faff9b5e5,true,-
1245,257363618,hu-worker-c25,38/15c72b,nf-3815c72bd9b742da42938b56280a6002,NFCORE_RNASEQ:RNASEQ:BEDGRAPH_BEDCLIP_BEDGRAPHTOBIGWIG_REVERSE:UCSC_BEDGRAPHTOBIGWIG,TREATMENT_mIFNa11_100_REP2,NFCORE_RNASEQ:RNASEQ:BEDGRAPH_BEDCLIP_BEDGRAPHTOBIGWIG_REVERSE:UCSC_BEDGRAPHTOBIGWIG (TREATMENT_mIFNa11_100_REP2),COMPLETED,0,-,quay.io/biocontainers/ucsc-bedgraphtobigwig:377--h446ed27_1,1,14400000,-,6442450944,1,1715244130661,1715244131000,1715244150000,19339,18000,-,98.6,0.0,31100928,59043840,31174656,59047936,772135453,62127224,11921,12952,4194304,62140416,22,463,/input/data/work/38/15c72bd9b742da42938b56280a6002,true,-
1246,259870564,hu-worker-c42,44/c13055,nf-44c1305544161f2273ecac39b2ace92d,NFCORE_RNASEQ:RNASEQ:BEDGRAPH_BEDCLIP_BEDGRAPHTOBIGWIG_REVERSE:UCSC_BEDGRAPHTOBIGWIG,TREATMENT_rhIFNb_1000_REP3,NFCORE_RNASEQ:RNASEQ:BEDGRAPH_BEDCLIP_BEDGRAPHTOBIGWIG_REVERSE:UCSC_BEDGRAPHTOBIGWIG (TREATMENT_rhIFNb_1000_REP3),COMPLETED,0,-,quay.io/biocontainers/ucsc-bedgraphtobigwig:377--h446ed27_1,1,14400000,-,6442450944,1,1715244131209,1715244132000,1715244150000,18791,17000,-,99.8,0.0,32722944,60088320,32792576,60227584,779655718,62709284,12035,13097,4194304,62722048,15,874,/input/data/work/44/c1305544161f2273ecac39b2ace92d,true,-
1247,249067992,hu-worker-c41,c6/16aa95,nf-c616aa95cebe9a99b38953519955d694,NFCORE_RNASEQ:RNASEQ:BEDGRAPH_BEDCLIP_BEDGRAPHTOBIGWIG_REVERSE:UCSC_BEDGRAPHTOBIGWIG,TREATMENT_rhIFNb_1000_REP1,NFCORE_RNASEQ:RNASEQ:BEDGRAPH_BEDCLIP_BEDGRAPHTOBIGWIG_REVERSE:UCSC_BEDGRAPHTOBIGWIG (TREATMENT_rhIFNb_1000_REP1),COMPLETED,0,-,quay.io/biocontainers/ucsc-bedgraphtobigwig:377--h446ed27_1,1,14400000,-,6442450944,1,1715244131354,1715244132000,1715244148000,16646,15000,-,99.9,0.0,29671424,57798656,36659200,64561152,747248052,60762561,11543,12641,0,60776448,8,74,/input/data/work/c6/16aa95cebe9a99b38953519955d694,true,-
1248,250587889,hu-worker-c34,14/2121c3,nf-142121c3453dc019478e78e5ba30d428,NFCORE_RNASEQ:RNASEQ:BEDGRAPH_BEDCLIP_BEDGRAPHTOBIGWIG_REVERSE:UCSC_BEDGRAPHTOBIGWIG,TREATMENT_mIFNa11_100_REP1,NFCORE_RNASEQ:RNASEQ:BEDGRAPH_BEDCLIP_BEDGRAPHTOBIGWIG_REVERSE:UCSC_BEDGRAPHTOBIGWIG (TREATMENT_mIFNa11_100_REP1),COMPLETED,0,-,quay.io/biocontainers/ucsc-bedgraphtobigwig:377--h446ed27_1,1,14400000,-,6442450944,1,1715244131718,1715244132000,1715244149000,17282,15000,-,100.0,0.0,8757248,36331520,8826880,36335616,751807604,60813593,11612,12656,4194304,60825600,18,45,/input/data/work/14/2121c3453dc019478e78e5ba30d428,true,-
1249,242818162,hu-worker-c27,ff/28a3f8,nf-ff28a3f8e2e77fe33fe0383322f36bfe,NFCORE_RNASEQ:RNASEQ:BEDGRAPH_BEDCLIP_BEDGRAPHTOBIGWIG_REVERSE:UCSC_BEDGRAPHTOBIGWIG,TREATMENT_rhIFNa2b_1000_REP2,NFCORE_RNASEQ:RNASEQ:BEDGRAPH_BEDCLIP_BEDGRAPHTOBIGWIG_REVERSE:UCSC_BEDGRAPHTOBIGWIG (TREATMENT_rhIFNa2b_1000_REP2),COMPLETED,0,-,quay.io/biocontainers/ucsc-bedgraphtobigwig:377--h446ed27_1,1,14400000,-,6442450944,1,1715244132078,1715244133000,1715244155000,22922,20000,-,85.2,0.0,29683712,57442304,36458496,64126976,728499073,59456862,11255,12347,8392704,59469824,3781,3894,/input/data/work/ff/28a3f8e2e77fe33fe0383322f36bfe,true,-
1250,246041152,hu-worker-c35,a7/f5da86,nf-a7f5da86f2439495f3edf7ceb9d679db,NFCORE_RNASEQ:RNASEQ:BEDGRAPH_BEDCLIP_BEDGRAPHTOBIGWIG_REVERSE:UCSC_BEDGRAPHTOBIGWIG,TREATMENT_rhIFNb_100000_REP1,NFCORE_RNASEQ:RNASEQ:BEDGRAPH_BEDCLIP_BEDGRAPHTOBIGWIG_REVERSE:UCSC_BEDGRAPHTOBIGWIG (TREATMENT_rhIFNb_100000_REP1),COMPLETED,0,-,quay.io/biocontainers/ucsc-bedgraphtobigwig:377--h446ed27_1,1,14400000,-,6442450944,1,1715244135645,1715244136000,1715244154000,18355,16000,-,98.4,0.0,23326720,50978816,34775040,62390272,738167404,59024885,11402,12330,8392704,59039744,23,357,/input/data/work/a7/f5da86f2439495f3edf7ceb9d679db,true,-
1251,245202230,hu-worker-c24,b8/04f2fa,nf-b804f2fa994d406791d901498eebe8c1,NFCORE_RNASEQ:RNASEQ:BEDGRAPH_BEDCLIP_BEDGRAPHTOBIGWIG_REVERSE:UCSC_BEDGRAPHTOBIGWIG,TREATMENT_mIFNa11_10000_REP2,NFCORE_RNASEQ:RNASEQ:BEDGRAPH_BEDCLIP_BEDGRAPHTOBIGWIG_REVERSE:UCSC_BEDGRAPHTOBIGWIG (TREATMENT_mIFNa11_10000_REP2),COMPLETED,0,-,quay.io/biocontainers/ucsc-bedgraphtobigwig:377--h446ed27_1,1,14400000,-,6442450944,1,1715244135737,1715244136000,1715244154000,18263,17000,-,98.8,0.0,34217984,62025728,34287616,62029824,735650957,60957210,11366,12635,4198400,60968960,69,318,/input/data/work/b8/04f2fa994d406791d901498eebe8c1,true,-
1252,244247657,hu-worker-c34,50/aa9cec,nf-50aa9cecfaa11f7c9dd3ce05ac27d776,NFCORE_RNASEQ:RNASEQ:BEDGRAPH_BEDCLIP_BEDGRAPHTOBIGWIG_REVERSE:UCSC_BEDGRAPHTOBIGWIG,TREATMENT_rhINFa2b_100000_REP2,NFCORE_RNASEQ:RNASEQ:BEDGRAPH_BEDCLIP_BEDGRAPHTOBIGWIG_REVERSE:UCSC_BEDGRAPHTOBIGWIG (TREATMENT_rhINFa2b_100000_REP2),COMPLETED,0,-,quay.io/biocontainers/ucsc-bedgraphtobigwig:377--h446ed27_1,1,14400000,-,6442450944,1,1715244135831,1715244136000,1715244152000,16169,15000,-,99.0,0.0,8593408,36327424,8663040,36331520,732786940,59538813,11321,12384,4194304,59551744,15,282,/input/data/work/50/aa9cecfaa11f7c9dd3ce05ac27d776,true,-
1253,248908734,hu-worker-c28,c4/267149,nf-c4267149c4b91df8c998a589cdbf3ee7,NFCORE_RNASEQ:RNASEQ:BEDGRAPH_BEDCLIP_BEDGRAPHTOBIGWIG_REVERSE:UCSC_BEDGRAPHTOBIGWIG,TREATMENT_rhIFNb_100_REP2,NFCORE_RNASEQ:RNASEQ:BEDGRAPH_BEDCLIP_BEDGRAPHTOBIGWIG_REVERSE:UCSC_BEDGRAPHTOBIGWIG (TREATMENT_rhIFNb_100_REP2),COMPLETED,0,-,quay.io/biocontainers/ucsc-bedgraphtobigwig:377--h446ed27_1,1,14400000,-,6442450944,1,1715244135922,1715244136000,1715244154000,18078,16000,-,97.5,0.0,36921344,64397312,36995072,64540672,746770783,61301216,11534,12717,0,61313024,19,271,/input/data/work/c4/267149c4b91df8c998a589cdbf3ee7,true,-
1254,241639515,hu-worker-c28,90/ed2dca,nf-90ed2dca6fc23d6dbab03ea070fada29,NFCORE_RNASEQ:RNASEQ:BEDGRAPH_BEDCLIP_BEDGRAPHTOBIGWIG_REVERSE:UCSC_BEDGRAPHTOBIGWIG,TREATMENT_rhIFNa2b_100_REP2,NFCORE_RNASEQ:RNASEQ:BEDGRAPH_BEDCLIP_BEDGRAPHTOBIGWIG_REVERSE:UCSC_BEDGRAPHTOBIGWIG (TREATMENT_rhIFNa2b_100_REP2),COMPLETED,0,-,quay.io/biocontainers/ucsc-bedgraphtobigwig:377--h446ed27_1,1,14400000,-,6442450944,1,1715244136183,1715244137000,1715244153000,16817,15000,-,98.6,0.0,8355840,36323328,8425472,36327424,724963130,59225369,11201,12296,4194304,59240448,13,170,/input/data/work/90/ed2dca6fc23d6dbab03ea070fada29,true,-
1255,241406864,hu-worker-c28,81/1d4201,nf-811d4201002049975ee415cdffbdc46c,NFCORE_RNASEQ:RNASEQ:BEDGRAPH_BEDCLIP_BEDGRAPHTOBIGWIG_REVERSE:UCSC_BEDGRAPHTOBIGWIG,TREATMENT_rhIFNa2b_100_REP1,NFCORE_RNASEQ:RNASEQ:BEDGRAPH_BEDCLIP_BEDGRAPHTOBIGWIG_REVERSE:UCSC_BEDGRAPHTOBIGWIG (TREATMENT_rhIFNa2b_100_REP1),COMPLETED,0,-,quay.io/biocontainers/ucsc-bedgraphtobigwig:377--h446ed27_1,1,14400000,-,6442450944,1,1715244136286,1715244137000,1715244154000,17714,16000,-,98.7,0.0,30674944,58302464,36831232,64499712,724265177,59488140,11192,12332,4194304,59502592,17,167,/input/data/work/81/1d4201002049975ee415cdffbdc46c,true,-
1257,241406864,hu-worker-c28,ba/4b6341,nf-ba4b634134fdd7dc5d1659acb91f2e53,NFCORE_RNASEQ:RNASEQ:BEDGRAPH_BEDCLIP_BEDGRAPHTOBIGWIG_REVERSE:UCSC_BEDGRAPHTOBIGWIG,CONTROL_REP1,NFCORE_RNASEQ:RNASEQ:BEDGRAPH_BEDCLIP_BEDGRAPHTOBIGWIG_REVERSE:UCSC_BEDGRAPHTOBIGWIG (CONTROL_REP1),COMPLETED,0,-,quay.io/biocontainers/ucsc-bedgraphtobigwig:377--h446ed27_1,1,14400000,-,6442450944,1,1715244136824,1715244137000,1715244155000,18176,17000,-,98.3,0.0,24068096,52047872,36712448,64499712,724265146,59488140,11192,12332,0,59502592,23,214,/input/data/work/ba/4b634134fdd7dc5d1659acb91f2e53,true,-
1258,241406864,hu-worker-c28,94/15dd33,nf-9415dd339e47bddb877baec77336f62a,NFCORE_RNASEQ:RNASEQ:BEDGRAPH_BEDCLIP_BEDGRAPHTOBIGWIG_REVERSE:UCSC_BEDGRAPHTOBIGWIG,CONTROL_REP2,NFCORE_RNASEQ:RNASEQ:BEDGRAPH_BEDCLIP_BEDGRAPHTOBIGWIG_REVERSE:UCSC_BEDGRAPHTOBIGWIG (CONTROL_REP2),COMPLETED,0,-,quay.io/biocontainers/ucsc-bedgraphtobigwig:377--h446ed27_1,1,14400000,-,6442450944,1,1715244136962,1715244138000,1715244154000,17038,15000,-,99.6,0.0,29806592,57716736,36773888,64499712,724265147,59488140,11192,12332,4194304,59502592,14,241,/input/data/work/94/15dd339e47bddb877baec77336f62a,true,-
1263,157321142,hu-worker-c42,84/7a3b77,nf-847a3b77b4356a2b21faa4eeab0af78b,NFCORE_RNASEQ:RNASEQ:BEDGRAPH_BEDCLIP_BEDGRAPHTOBIGWIG_REVERSE:UCSC_BEDGRAPHTOBIGWIG,TREATMENT_rhIFNb_100000_REP3,NFCORE_RNASEQ:RNASEQ:BEDGRAPH_BEDCLIP_BEDGRAPHTOBIGWIG_REVERSE:UCSC_BEDGRAPHTOBIGWIG (TREATMENT_rhIFNb_100000_REP3),COMPLETED,0,-,quay.io/biocontainers/ucsc-bedgraphtobigwig:377--h446ed27_1,1,14400000,-,6442450944,1,1715244141004,1715244141000,1715244156000,14996,13000,-,85.1,0.0,8589312,36241408,8658944,36245504,472007456,41354315,7340,8360,0,41369600,2457,2366,/input/data/work/84/7a3b77b4356a2b21faa4eeab0af78b,true,-
1264,192625832,hu-worker-c42,0a/118bab,nf-0a118bab96469789faea3c056ade9567,NFCORE_RNASEQ:RNASEQ:BEDGRAPH_BEDCLIP_BEDGRAPHTOBIGWIG_REVERSE:UCSC_BEDGRAPHTOBIGWIG,TREATMENT_rhINFa2b_10000_REP3,NFCORE_RNASEQ:RNASEQ:BEDGRAPH_BEDCLIP_BEDGRAPHTOBIGWIG_REVERSE:UCSC_BEDGRAPHTOBIGWIG (TREATMENT_rhINFa2b_10000_REP3),COMPLETED,0,-,quay.io/biocontainers/ucsc-bedgraphtobigwig:377--h446ed27_1,1,14400000,-,6442450944,1,1715244141250,1715244142000,1715244155000,13750,12000,-,99.6,0.0,26161152,53669888,26230784,53809152,577921528,48964798,8957,10024,4194304,48979968,11,155,/input/data/work/0a/118bab96469789faea3c056ade9567,true,-
1170,37239400,hu-worker-c41,f6/bbb3bc,nf-f6bbb3bc16b9fcfd6f6ebe95effd4cad,NFCORE_RNASEQ:RNASEQ:QUANTIFY_SALMON:SALMON_SE_GENE_SCALED,salmon_tx2gene.tsv,NFCORE_RNASEQ:RNASEQ:QUANTIFY_SALMON:SALMON_SE_GENE_SCALED (salmon_tx2gene.tsv),COMPLETED,0,-,quay.io/biocontainers/bioconductor-summarizedexperiment:1.24.0--r41hdfd78af_0,6,28800000,-,38654705664,1,1715242656931,1715244138000,1715244151000,1494069,12000,-,152.1,0.3,767774720,5119369216,767774720,5119373312,88082303,13319137,7358,1707,49180672,13324288,744,96,/input/data/work/f6/bbb3bc16b9fcfd6f6ebe95effd4cad,true,-
1167,37253496,hu-worker-c28,df/6350b3,nf-df6350b3621f49c8f96c544407c82ab8,NFCORE_RNASEQ:RNASEQ:QUANTIFY_SALMON:SALMON_SE_GENE_LENGTH_SCALED,salmon_tx2gene.tsv,NFCORE_RNASEQ:RNASEQ:QUANTIFY_SALMON:SALMON_SE_GENE_LENGTH_SCALED (salmon_tx2gene.tsv),COMPLETED,0,-,quay.io/biocontainers/bioconductor-summarizedexperiment:1.24.0--r41hdfd78af_0,6,28800000,-,38654705664,1,1715242657008,1715244138000,1715244152000,1494992,13000,-,141.6,0.3,770138112,5121925120,770138112,5121929216,88095618,13368603,7357,1713,49172480,13377536,587,421,/input/data/work/df/6350b3621f49c8f96c544407c82ab8,true,-
1201,36853914,hu-worker-c41,35/d8656f,nf-35d8656f7c1b57b1a583484d182dbcc0,NFCORE_RNASEQ:RNASEQ:QUANTIFY_STAR_SALMON:SALMON_SE_GENE_LENGTH_SCALED,salmon_tx2gene.tsv,NFCORE_RNASEQ:RNASEQ:QUANTIFY_STAR_SALMON:SALMON_SE_GENE_LENGTH_SCALED (salmon_tx2gene.tsv),COMPLETED,0,-,quay.io/biocontainers/bioconductor-summarizedexperiment:1.24.0--r41hdfd78af_0,6,28800000,-,38654705664,1,1715242703773,1715244139000,1715244152000,1448227,12000,-,150.8,0.3,767979520,5119590400,767979520,5119594496,87696760,13037326,7311,1672,0,13045760,73,99,/input/data/work/35/d8656f7c1b57b1a583484d182dbcc0,true,-
1202,36844591,hu-worker-c24,ef/fa37f5,nf-effa37f5ba7a214c0707adbd16a548ee,NFCORE_RNASEQ:RNASEQ:QUANTIFY_STAR_SALMON:SALMON_SE_GENE_SCALED,salmon_tx2gene.tsv,NFCORE_RNASEQ:RNASEQ:QUANTIFY_STAR_SALMON:SALMON_SE_GENE_SCALED (salmon_tx2gene.tsv),COMPLETED,0,-,quay.io/biocontainers/bioconductor-summarizedexperiment:1.24.0--r41hdfd78af_0,6,28800000,-,38654705664,1,1715242704353,1715244140000,1715244153000,1448647,13000,-,151.3,0.3,760430592,5111992320,760430592,5111996416,87687844,13010742,7310,1669,49303552,13017088,599,225,/input/data/work/ef/fa37f5ba7a214c0707adbd16a548ee,true,-
1205,77201565,hu-worker-c34,d6/8466a1,nf-d68466a11d17ce83a30c3f9f29c92008,NFCORE_RNASEQ:RNASEQ:QUANTIFY_STAR_SALMON:SALMON_SE_TRANSCRIPT,salmon_tx2gene.tsv,NFCORE_RNASEQ:RNASEQ:QUANTIFY_STAR_SALMON:SALMON_SE_TRANSCRIPT (salmon_tx2gene.tsv),COMPLETED,0,-,quay.io/biocontainers/bioconductor-summarizedexperiment:1.24.0--r41hdfd78af_0,6,28800000,-,38654705664,1,1715242706207,1715244136000,1715244158000,1451793,21000,-,130.5,0.3,868282368,5223157760,868282368,5223161856,128044147,33182950,12236,4132,0,33189888,74,78,/input/data/work/d6/8466a11d17ce83a30c3f9f29c92008,true,-
1256,241406864,hu-worker-c28,cc/34ed1f,nf-cc34ed1f0adb2d587008491e74da9dbe,NFCORE_RNASEQ:RNASEQ:BEDGRAPH_BEDCLIP_BEDGRAPHTOBIGWIG_REVERSE:UCSC_BEDGRAPHTOBIGWIG,CONTROL_REP3,NFCORE_RNASEQ:RNASEQ:BEDGRAPH_BEDCLIP_BEDGRAPHTOBIGWIG_REVERSE:UCSC_BEDGRAPHTOBIGWIG (CONTROL_REP3),COMPLETED,0,-,quay.io/biocontainers/ucsc-bedgraphtobigwig:377--h446ed27_1,1,14400000,-,6442450944,1,1715244136427,1715244137000,1715244158000,21573,20000,-,84.8,0.0,8495104,36323328,8564736,36327424,724265147,59488140,11192,12332,4194304,59502592,3762,3909,/input/data/work/cc/34ed1f0adb2d587008491e74da9dbe,true,-
1259,237359272,hu-worker-c42,a5/83a4a8,nf-a583a4a898073570e5533249980508ba,NFCORE_RNASEQ:RNASEQ:BEDGRAPH_BEDCLIP_BEDGRAPHTOBIGWIG_REVERSE:UCSC_BEDGRAPHTOBIGWIG,TREATMENT_rhIFNb_10000_REP1,NFCORE_RNASEQ:RNASEQ:BEDGRAPH_BEDCLIP_BEDGRAPHTOBIGWIG_REVERSE:UCSC_BEDGRAPHTOBIGWIG (TREATMENT_rhIFNb_10000_REP1),COMPLETED,0,-,quay.io/biocontainers/ucsc-bedgraphtobigwig:377--h446ed27_1,1,14400000,-,6442450944,1,1715244140610,1715244141000,1715244162000,21390,19000,-,84.5,0.0,8757248,36319232,8826880,36323328,712121844,57506669,11006,11974,0,57520128,3697,3610,/input/data/work/a5/83a4a898073570e5533249980508ba,true,-
1260,239198798,hu-worker-c42,7b/e58ebe,nf-7be58ebe9c0e9b461ddb79dee1977478,NFCORE_RNASEQ:RNASEQ:BEDGRAPH_BEDCLIP_BEDGRAPHTOBIGWIG_REVERSE:UCSC_BEDGRAPHTOBIGWIG,TREATMENT_mIFNa11_100000_REP1,NFCORE_RNASEQ:RNASEQ:BEDGRAPH_BEDCLIP_BEDGRAPHTOBIGWIG_REVERSE:UCSC_BEDGRAPHTOBIGWIG (TREATMENT_mIFNa11_100000_REP1),COMPLETED,0,-,quay.io/biocontainers/ucsc-bedgraphtobigwig:377--h446ed27_1,1,14400000,-,6442450944,1,1715244140699,1715244141000,1715244158000,17301,16000,-,97.9,0.0,24031232,51818496,36327424,63954944,717640450,58927736,11090,12224,0,58941440,14,143,/input/data/work/7b/e58ebe9c0e9b461ddb79dee1977478,true,-
1261,236093825,hu-worker-c42,8c/a68b1c,nf-8ca68b1c7d0a6bd64f91c246bbe50e32,NFCORE_RNASEQ:RNASEQ:BEDGRAPH_BEDCLIP_BEDGRAPHTOBIGWIG_REVERSE:UCSC_BEDGRAPHTOBIGWIG,TREATMENT_mIFNa11_10000_REP3,NFCORE_RNASEQ:RNASEQ:BEDGRAPH_BEDCLIP_BEDGRAPHTOBIGWIG_REVERSE:UCSC_BEDGRAPHTOBIGWIG (TREATMENT_mIFNa11_10000_REP3),COMPLETED,0,-,quay.io/biocontainers/ucsc-bedgraphtobigwig:377--h446ed27_1,1,14400000,-,6442450944,1,1715244140800,1715244141000,1715244161000,20200,19000,-,84.5,0.0,8765440,36319232,8835072,36323328,708325529,58081365,10949,12046,0,58093568,3678,3617,/input/data/work/8c/a68b1c7d0a6bd64f91c246bbe50e32,true,-
1262,241284641,hu-worker-c42,68/1f8503,nf-681f8503e35f0235cfd90f315260082c,NFCORE_RNASEQ:RNASEQ:BEDGRAPH_BEDCLIP_BEDGRAPHTOBIGWIG_REVERSE:UCSC_BEDGRAPHTOBIGWIG,TREATMENT_rhIFNa2b_100_REP3,NFCORE_RNASEQ:RNASEQ:BEDGRAPH_BEDCLIP_BEDGRAPHTOBIGWIG_REVERSE:UCSC_BEDGRAPHTOBIGWIG (TREATMENT_rhIFNa2b_100_REP3),COMPLETED,0,-,quay.io/biocontainers/ucsc-bedgraphtobigwig:377--h446ed27_1,1,14400000,-,6442450944,1,1715244140895,1715244141000,1715244158000,17105,15000,-,99.0,0.0,8654848,36323328,8724480,36327424,723897950,59539393,11186,12330,4194304,59551744,15,196,/input/data/work/68/1f8503e35f0235cfd90f315260082c,true,-
1265,226326667,hu-worker-c34,91/a613f0,nf-91a613f0df8fbb2be0f3d9e117b61468,NFCORE_RNASEQ:RNASEQ:BEDGRAPH_BEDCLIP_BEDGRAPHTOBIGWIG_REVERSE:UCSC_BEDGRAPHTOBIGWIG,TREATMENT_mIFNa11_100_REP3,NFCORE_RNASEQ:RNASEQ:BEDGRAPH_BEDCLIP_BEDGRAPHTOBIGWIG_REVERSE:UCSC_BEDGRAPHTOBIGWIG (TREATMENT_mIFNa11_100_REP3),COMPLETED,0,-,quay.io/biocontainers/ucsc-bedgraphtobigwig:377--h446ed27_1,1,14400000,-,6442450944,1,1715244141331,1715244142000,1715244160000,18669,17000,-,84.9,0.0,27254784,54980608,27324416,55119872,679023937,55536802,10502,11501,8392704,55549952,3526,3611,/input/data/work/91/a613f0df8fbb2be0f3d9e117b61468,true,-
1266,222273692,hu-worker-c35,8d/4c8fa7,nf-8d4c8fa76d880afb90b921cb0862a395,NFCORE_RNASEQ:RNASEQ:BEDGRAPH_BEDCLIP_BEDGRAPHTOBIGWIG_REVERSE:UCSC_BEDGRAPHTOBIGWIG,TREATMENT_rhIFNb_100000_REP2,NFCORE_RNASEQ:RNASEQ:BEDGRAPH_BEDCLIP_BEDGRAPHTOBIGWIG_REVERSE:UCSC_BEDGRAPHTOBIGWIG (TREATMENT_rhIFNb_100000_REP2),COMPLETED,0,-,quay.io/biocontainers/ucsc-bedgraphtobigwig:377--h446ed27_1,1,14400000,-,6442450944,1,1715244141441,1715244142000,1715244160000,18559,17000,-,84.9,0.0,26963968,54824960,27037696,54829056,666865023,54172206,10316,11240,0,54185984,3462,3451,/input/data/work/8d/4c8fa76d880afb90b921cb0862a395,true,-
1267,182987795,hu-worker-c25,7b/8c7973,nf-7b8c7973666682dcef896b0be05e4f5c,NFCORE_RNASEQ:RNASEQ:BEDGRAPH_BEDCLIP_BEDGRAPHTOBIGWIG_REVERSE:UCSC_BEDGRAPHTOBIGWIG,TREATMENT_mIFNa11_100000_REP2,NFCORE_RNASEQ:RNASEQ:BEDGRAPH_BEDCLIP_BEDGRAPHTOBIGWIG_REVERSE:UCSC_BEDGRAPHTOBIGWIG (TREATMENT_mIFNa11_100000_REP2),COMPLETED,0,-,quay.io/biocontainers/ucsc-bedgraphtobigwig:377--h446ed27_1,1,14400000,-,6442450944,1,1715244141579,1715244142000,1715244158000,16421,15000,-,84.0,0.0,8298496,36265984,8368128,36270080,549007990,46681764,8516,9529,0,46694400,2854,2706,/input/data/work/7b/8c7973666682dcef896b0be05e4f5c,true,-
1268,214838234,hu-worker-c42,be/06006f,nf-be06006fa744470f607968808d070f18,NFCORE_RNASEQ:RNASEQ:BEDGRAPH_BEDCLIP_BEDGRAPHTOBIGWIG_REVERSE:UCSC_BEDGRAPHTOBIGWIG,TREATMENT_mIFNa11_100000_REP3,NFCORE_RNASEQ:RNASEQ:BEDGRAPH_BEDCLIP_BEDGRAPHTOBIGWIG_REVERSE:UCSC_BEDGRAPHTOBIGWIG (TREATMENT_mIFNa11_100000_REP3),COMPLETED,0,-,quay.io/biocontainers/ucsc-bedgraphtobigwig:377--h446ed27_1,1,14400000,-,6442450944,1,1715244141719,1715244142000,1715244160000,18281,17000,-,85.0,0.0,29134848,56643584,29208576,56786944,644558734,53532221,9974,11041,0,53547008,3350,3455,/input/data/work/be/06006fa744470f607968808d070f18,true,-
960,1041226525,hu-worker-c25,2a/332913,nf-2a332913b23c7a6c8418fe16c9f66748,NFCORE_RNASEQ:RNASEQ:BAM_RSEQC:RSEQC_READDUPLICATION,TREATMENT_rhIFNb_100000_REP3,NFCORE_RNASEQ:RNASEQ:BAM_RSEQC:RSEQC_READDUPLICATION (TREATMENT_rhIFNb_100000_REP3),COMPLETED,0,-,quay.io/biocontainers/rseqc:3.0.1--py37h516909a_1,6,28800000,-,38654705664,1,1715241172004,1715244078000,1715244162000,2989996,83000,-,112.5,1.6,4268310528,5637844992,4399669248,5757812736,1055751301,65124,33276,48,0,90112,14,896,/input/data/work/2a/332913b23c7a6c8418fe16c9f66748,true,-
1171,77427157,hu-worker-c35,96/65a758,nf-9665a758564aeb962a09bfe2f311b8b7,NFCORE_RNASEQ:RNASEQ:QUANTIFY_SALMON:SALMON_SE_TRANSCRIPT,salmon_tx2gene.tsv,NFCORE_RNASEQ:RNASEQ:QUANTIFY_SALMON:SALMON_SE_TRANSCRIPT (salmon_tx2gene.tsv),COMPLETED,0,-,quay.io/biocontainers/bioconductor-summarizedexperiment:1.24.0--r41hdfd78af_0,6,28800000,-,38654705664,1,1715242657159,1715244136000,1715244158000,1500841,22000,-,129.6,0.3,833470464,5185228800,833470464,5185232896,128269829,33293231,12263,4145,0,33300480,74,332,/input/data/work/96/65a758564aeb962a09bfe2f311b8b7,true,-
961,1066918306,hu-worker-c27,29/611413,nf-29611413d80a5c12a7fb07f3ca6f592d,NFCORE_RNASEQ:RNASEQ:BAM_RSEQC:RSEQC_READDISTRIBUTION,TREATMENT_rhIFNb_100000_REP3,NFCORE_RNASEQ:RNASEQ:BAM_RSEQC:RSEQC_READDISTRIBUTION (TREATMENT_rhIFNb_100000_REP3),COMPLETED,0,-,quay.io/biocontainers/rseqc:3.0.1--py37h516909a_1,6,28800000,-,38654705664,1,1715241158111,1715244074000,1715244173000,3014889,98000,-,107.1,0.4,1066795008,2431365120,1144709120,2509225984,1306699080,2969,64281,19,0,16384,14,1775,/input/data/work/29/611413d80a5c12a7fb07f3ca6f592d,true,-
1269,541894497,hu-worker-c42,25/60ed82,nf-2560ed82b9b91cd3095a33e1fbcca6c4,NFCORE_RNASEQ:RNASEQ:MULTIQC,-,NFCORE_RNASEQ:RNASEQ:MULTIQC (1),COMPLETED,0,-,quay.io/biocontainers/multiqc:1.14--pyhdfd78af_0,6,28800000,-,38654705664,1,1715244177064,1715244188000,1715244276000,98936,81184,-,164.2,0.1,304119808,4992413696,308715520,4996620288,8419795060,124489585,1708872,6039,50331648,125554688,4923,3505,/input/data/work/25/60ed82b9b91cd3095a33e1fbcca6c4,true,-